user_id,user_type,province,crop_type,farm_scale,register_time,interaction_count,is_cold_start
1,采购商,四川省,猕猴桃,小型采购商,2021-12-04,42,False
2,普通消费者,山东省,花生,个人,2020-01-03,30,False
3,农技人员,四川省,柑橘,农技服务站,2025-11-23,45,False
4,农户,安徽省,水稻,家庭农场,2021-12-14,70,False
5,农户,天津市,水产,小农户,2023-02-12,157,False
6,农户,四川省,茶叶,小农户,2023-02-18,29,False
7,采购商,甘肃省,苹果,中型采购商,2025-02-02,29,False
8,普通消费者,青海省,牦牛,个人,2020-07-09,72,False
9,普通消费者,河南省,花生,个人,2021-11-09,48,False
10,采购商,四川省,柑橘,中型采购商,2021-03-15,26,False
11,普通消费者,辽宁省,樱桃,个人,2025-06-27,43,False
12,农户,吉林省,大豆,小农户,2020-04-19,120,False
13,农户,河北省,红枣,小农户,2021-04-24,26,False
14,农户,安徽省,蔬菜,小农户,2021-09-16,2,True
15,普通消费者,河南省,玉米,个人,2025-07-20,13,True
16,采购商,湖北省,莲藕,大型采购商,2020-11-24,26,False
17,普通消费者,云南省,咖啡,个人,2020-05-14,37,False
18,农户,广西壮族自治区,芒果,合作社,2021-09-04,118,False
19,普通消费者,河北省,玉米,个人,2021-06-25,20,False
20,普通消费者,重庆市,柑橘,个人,2024-06-16,12,True
21,普通消费者,吉林省,大豆,个人,2021-01-08,90,False
22,农户,湖北省,水稻,合作社,2024-03-05,20,False
23,普通消费者,河南省,蔬菜,个人,2021-09-25,24,False
24,农户,江苏省,蔬菜,小农户,2024-08-04,20,False
25,农户,四川省,蔬菜,小农户,2021-01-03,38,False
26,农户,四川省,水稻,家庭农场,2020-09-08,21,False
27,农技人员,福建省,水产,农技服务站,2021-08-26,20,False
28,农户,江西省,茶叶,小农户,2023-12-02,68,False
29,普通消费者,山东省,花生,个人,2025-06-26,111,False
30,农户,河北省,玉米,小农户,2022-08-08,89,False
31,农技人员,新疆维吾尔自治区,棉花,农技服务站,2020-11-18,91,False
32,普通消费者,内蒙古自治区,羊肉,个人,2023-08-16,29,False
33,农技人员,四川省,茶叶,农技服务站,2020-07-09,180,False
34,农技人员,湖南省,生猪,农技服务站,2021-04-10,34,False
35,农户,广西壮族自治区,甘蔗,家庭农场,2020-01-19,20,False
36,普通消费者,河北省,小麦,个人,2024-02-28,25,False
37,采购商,江西省,柑橘,小型采购商,2024-04-19,35,False
38,采购商,湖南省,茶叶,大型采购商,2021-11-23,20,False
39,农户,山东省,小麦,小农户,2020-01-15,39,False
40,采购商,山东省,蔬菜,中型采购商,2021-06-03,127,False
41,农户,湖南省,茶叶,家庭农场,2025-09-01,24,False
42,采购商,北京市,蔬菜,大型采购商,2021-05-04,175,False
43,采购商,广东省,龙眼,中型采购商,2021-11-21,144,False
44,农技人员,山西省,小米,农技服务站,2020-11-14,85,False
45,农户,云南省,咖啡,小农户,2023-09-23,28,False
46,农户,四川省,柑橘,小农户,2022-10-18,24,False
47,农户,江苏省,水稻,家庭农场,2021-11-08,80,False
48,农户,福建省,水产,合作社,2025-03-08,182,False
49,普通消费者,甘肃省,马铃薯,个人,2021-12-11,32,False
50,农技人员,江西省,柑橘,农技服务站,2022-03-26,20,False
51,农户,四川省,茶叶,小农户,2023-06-10,191,False
52,农户,四川省,柑橘,小农户,2022-02-25,49,False
53,采购商,湖南省,茶叶,大型采购商,2020-05-06,20,False
54,普通消费者,四川省,蔬菜,个人,2023-06-24,36,False
55,农技人员,青海省,牦牛,农技服务站,2023-10-07,20,False
56,采购商,四川省,蔬菜,中型采购商,2025-12-22,20,False
57,农技人员,上海市,水果,农技服务站,2024-06-22,172,False
58,普通消费者,河北省,红枣,个人,2022-07-23,36,False
59,农户,湖南省,生猪,家庭农场,2021-10-19,47,False
60,农技人员,四川省,猕猴桃,农技服务站,2021-07-26,36,False
61,采购商,湖北省,水产,中型采购商,2024-08-26,181,False
62,采购商,江西省,茶叶,中型采购商,2025-10-11,8,True
63,采购商,广东省,龙眼,小型采购商,2020-04-16,31,False
64,普通消费者,湖北省,柑橘,个人,2025-12-13,28,False
65,农户,辽宁省,苹果,家庭农场,2020-07-08,20,False
66,普通消费者,河北省,小麦,个人,2024-04-28,23,False
67,农户,湖北省,莲藕,合作社,2023-10-27,26,False
68,农技人员,吉林省,人参,农技服务站,2021-12-28,56,False
69,农户,广东省,香蕉,家庭农场,2024-08-21,39,False
70,农技人员,陕西省,猕猴桃,农技服务站,2022-06-11,90,False
71,农户,广东省,龙眼,家庭农场,2020-07-14,20,False
72,农技人员,四川省,茶叶,农技服务站,2023-10-23,19,True
73,农户,四川省,猕猴桃,小农户,2023-07-18,38,False
74,农技人员,安徽省,小麦,农技服务站,2023-04-09,27,False
75,农户,江苏省,水果,家庭农场,2023-03-20,23,False
76,普通消费者,安徽省,水稻,个人,2020-11-14,44,False
77,农技人员,四川省,茶叶,农技服务站,2022-04-15,55,False
78,普通消费者,浙江省,水产,个人,2022-02-16,18,True
79,农户,天津市,蔬菜,家庭农场,2025-01-25,8,True
80,农户,四川省,柑橘,小农户,2023-11-04,52,False
81,农户,陕西省,红枣,小农户,2024-12-23,21,False
82,普通消费者,海南省,热带水果,个人,2024-01-10,28,False
83,普通消费者,浙江省,柑橘,个人,2020-10-23,111,False
84,农户,云南省,茶叶,家庭农场,2024-01-12,39,False
85,采购商,四川省,猕猴桃,小型采购商,2023-08-04,53,False
86,农户,甘肃省,小麦,家庭农场,2023-03-24,26,False
87,采购商,安徽省,蔬菜,小型采购商,2025-10-09,30,False
88,农户,北京市,水果,家庭农场,2021-08-19,20,False
89,农户,四川省,猕猴桃,小农户,2021-06-26,20,False
90,农户,安徽省,茶叶,小农户,2024-04-03,49,False
91,农技人员,福建省,柑橘,农技服务站,2025-08-21,65,False
92,农技人员,四川省,猕猴桃,农技服务站,2021-07-23,31,False
93,采购商,浙江省,杨梅,小型采购商,2025-09-11,54,False
94,农技人员,江苏省,大闸蟹,农技服务站,2020-12-07,39,False
95,采购商,上海市,水产,小型采购商,2021-12-16,23,False
96,采购商,云南省,咖啡,大型采购商,2021-05-08,39,False
97,农户,陕西省,猕猴桃,小农户,2020-09-10,71,False
98,农户,新疆维吾尔自治区,红枣,小农户,2020-10-10,32,False
99,农技人员,河南省,小麦,农技服务站,2022-08-04,131,False
100,农技人员,福建省,茶叶,农技服务站,2021-03-26,72,False
101,农户,西藏自治区,青稞,小农户,2023-10-20,20,False
102,农户,河北省,红枣,合作社,2022-10-14,49,False
103,采购商,安徽省,水稻,大型采购商,2021-11-07,34,False
104,农户,广东省,荔枝,小农户,2023-08-23,28,False
105,农户,广东省,香蕉,家庭农场,2023-02-22,34,False
106,农户,贵州省,辣椒,小农户,2024-04-21,20,False
107,农户,山东省,苹果,小农户,2022-10-24,197,False
108,农户,山东省,小麦,家庭农场,2022-09-18,29,False
109,农户,四川省,茶叶,家庭农场,2024-05-01,19,True
110,采购商,四川省,猕猴桃,中型采购商,2021-08-17,39,False
111,普通消费者,河南省,蔬菜,个人,2025-08-03,69,False
112,农技人员,江苏省,水稻,农技服务站,2021-06-14,25,False
113,农户,上海市,水产,小农户,2020-06-09,22,False
114,普通消费者,湖南省,水稻,个人,2025-09-15,25,False
115,农户,浙江省,水产,家庭农场,2020-04-09,52,False
116,普通消费者,湖南省,生猪,个人,2020-01-21,39,False
117,农户,河南省,小麦,小农户,2020-04-27,139,False
118,普通消费者,辽宁省,樱桃,个人,2023-12-10,25,False
119,农户,内蒙古自治区,小麦,小农户,2024-03-13,42,False
120,采购商,云南省,花卉,大型采购商,2022-07-11,144,False
121,农户,四川省,猕猴桃,家庭农场,2024-11-16,137,False
122,农技人员,浙江省,水产,农技服务站,2023-06-28,34,False
123,采购商,福建省,柑橘,大型采购商,2023-01-11,53,False
124,采购商,黑龙江省,小麦,大型采购商,2025-03-16,96,False
125,农技人员,安徽省,水稻,农技服务站,2023-02-17,81,False
126,采购商,湖南省,柑橘,小型采购商,2022-06-20,23,False
127,采购商,内蒙古自治区,小麦,大型采购商,2025-12-25,28,False
128,农技人员,安徽省,小麦,农技服务站,2025-11-10,175,False
129,农户,宁夏回族自治区,小麦,家庭农场,2020-08-06,27,False
130,普通消费者,四川省,水稻,个人,2022-06-12,20,False
131,农户,湖南省,柑橘,小农户,2020-10-28,38,False
132,采购商,河北省,玉米,小型采购商,2025-05-15,37,False
133,农户,黑龙江省,玉米,家庭农场,2021-02-15,155,False
134,农户,海南省,水产,小农户,2022-04-13,93,False
135,农户,福建省,食用菌,合作社,2022-01-27,33,False
136,农户,福建省,茶叶,合作社,2025-08-27,116,False
137,普通消费者,广东省,香蕉,个人,2021-11-07,29,False
138,采购商,广西壮族自治区,柑橘,中型采购商,2025-11-02,20,False
139,农技人员,安徽省,小麦,农技服务站,2020-05-11,26,False
140,农户,山东省,小麦,小农户,2022-03-09,200,False
141,农技人员,黑龙江省,玉米,农技服务站,2020-08-03,27,False
142,普通消费者,新疆维吾尔自治区,红枣,个人,2024-06-03,22,False
143,农户,河北省,红枣,小农户,2025-11-09,30,False
144,普通消费者,北京市,蔬菜,个人,2025-04-16,18,True
145,农户,安徽省,水稻,家庭农场,2023-12-10,40,False
146,农户,四川省,水稻,小农户,2023-02-04,80,False
147,农技人员,浙江省,杨梅,农技服务站,2025-12-23,133,False
148,采购商,广西壮族自治区,香蕉,中型采购商,2023-10-14,115,False
149,农户,浙江省,水产,小农户,2021-06-04,127,False
150,农技人员,宁夏回族自治区,马铃薯,农技服务站,2020-07-09,36,False
151,农户,内蒙古自治区,小麦,小农户,2021-11-21,37,False
152,农户,贵州省,辣椒,合作社,2024-04-03,150,False
153,农户,广东省,龙眼,小农户,2021-10-01,31,False
154,普通消费者,青海省,油菜,个人,2022-03-04,20,False
155,农户,四川省,柑橘,小农户,2020-03-09,14,True
156,农技人员,云南省,水果,农技服务站,2023-06-17,32,False
157,农技人员,广东省,荔枝,农技服务站,2025-11-17,34,False
158,采购商,四川省,茶叶,中型采购商,2023-11-04,80,False
159,普通消费者,四川省,水稻,个人,2022-10-05,9,True
160,采购商,安徽省,茶叶,小型采购商,2024-09-10,30,False
161,采购商,山东省,苹果,大型采购商,2025-09-24,135,False
162,农技人员,广东省,香蕉,农技服务站,2023-07-14,38,False
163,农户,江苏省,蔬菜,小农户,2021-11-16,3,True
164,农户,山东省,小麦,家庭农场,2024-01-19,151,False
165,农户,山东省,小麦,家庭农场,2023-12-02,156,False
166,农户,山东省,蔬菜,小农户,2023-04-28,32,False
167,普通消费者,浙江省,杨梅,个人,2024-04-26,20,False
168,采购商,云南省,茶叶,中型采购商,2025-12-09,9,True
169,采购商,江苏省,蔬菜,小型采购商,2021-03-19,58,False
170,农户,广西壮族自治区,甘蔗,小农户,2024-04-13,48,False
171,农户,浙江省,杨梅,家庭农场,2024-10-03,99,False
172,农户,辽宁省,苹果,小农户,2025-07-16,49,False
173,农技人员,河南省,小麦,农技服务站,2022-07-04,21,False
174,采购商,湖北省,莲藕,小型采购商,2023-10-02,10,True
175,普通消费者,云南省,咖啡,个人,2022-06-04,14,True
176,农户,浙江省,柑橘,小农户,2025-06-03,66,False
177,采购商,湖南省,生猪,大型采购商,2022-10-14,20,False
178,采购商,湖南省,水稻,小型采购商,2022-03-26,138,False
179,普通消费者,重庆市,柑橘,个人,2023-02-08,44,False
180,农技人员,山东省,小麦,农技服务站,2025-06-08,80,False
181,农户,河北省,小麦,小农户,2021-06-12,20,False
182,普通消费者,吉林省,水稻,个人,2020-03-09,24,False
183,采购商,云南省,茶叶,小型采购商,2025-08-15,34,False
184,普通消费者,湖北省,莲藕,个人,2025-06-05,25,False
185,农技人员,辽宁省,水稻,农技服务站,2024-01-12,20,False
186,农户,湖北省,水稻,小农户,2022-02-21,189,False
187,农户,安徽省,蔬菜,小农户,2024-12-02,34,False
188,普通消费者,辽宁省,水稻,个人,2024-08-17,20,False
189,农户,山东省,小麦,合作社,2020-09-21,41,False
190,农户,湖南省,生猪,小农户,2024-03-12,20,False
191,农户,湖南省,茶叶,家庭农场,2020-11-21,71,False
192,农户,福建省,水产,小农户,2025-11-20,122,False
193,农户,江西省,茶叶,小农户,2025-12-22,22,False
194,采购商,北京市,水果,中型采购商,2025-06-27,28,False
195,采购商,上海市,水产,大型采购商,2020-11-22,49,False
196,农户,浙江省,柑橘,合作社,2022-08-07,20,False
197,农户,四川省,水稻,小农户,2024-12-17,11,True
198,普通消费者,辽宁省,水产,个人,2021-03-06,178,False
199,采购商,山西省,小麦,小型采购商,2022-11-24,37,False
200,农技人员,江苏省,水果,农技服务站,2021-09-08,63,False
201,普通消费者,湖北省,柑橘,个人,2022-11-19,139,False
202,普通消费者,贵州省,中药材,个人,2021-04-26,20,False
203,普通消费者,四川省,茶叶,个人,2022-09-04,36,False
204,农技人员,山东省,苹果,农技服务站,2021-05-15,98,False
205,普通消费者,山东省,蔬菜,个人,2023-06-01,37,False
206,农户,浙江省,水产,合作社,2022-04-01,48,False
207,农户,陕西省,红枣,家庭农场,2021-01-10,140,False
208,采购商,山东省,花生,小型采购商,2020-02-01,20,False
209,普通消费者,福建省,水产,个人,2020-05-08,20,False
210,农户,湖南省,生猪,小农户,2023-10-18,17,True
211,采购商,广西壮族自治区,芒果,小型采购商,2024-06-08,42,False
212,农户,江西省,茶叶,小农户,2024-09-17,38,False
213,农技人员,四川省,茶叶,农技服务站,2020-11-13,112,False
214,采购商,浙江省,茶叶,小型采购商,2025-11-21,37,False
215,采购商,云南省,花卉,小型采购商,2024-06-27,39,False
216,普通消费者,江西省,油茶,个人,2025-03-26,23,False
217,采购商,上海市,蔬菜,小型采购商,2020-04-02,37,False
218,农户,湖南省,生猪,小农户,2025-04-10,38,False
219,普通消费者,新疆维吾尔自治区,葡萄,个人,2022-02-26,23,False
220,普通消费者,广西壮族自治区,香蕉,个人,2022-03-16,80,False
221,农户,黑龙江省,玉米,家庭农场,2025-07-03,41,False
222,普通消费者,河南省,花生,个人,2022-02-03,20,False
223,农户,湖北省,水产,小农户,2023-06-15,12,True
224,采购商,湖南省,水稻,小型采购商,2025-07-12,45,False
225,采购商,河南省,小麦,小型采购商,2024-11-26,20,False
226,农户,广东省,香蕉,小农户,2024-01-20,49,False
227,农技人员,浙江省,水产,农技服务站,2020-10-05,59,False
228,农户,辽宁省,樱桃,合作社,2020-12-06,21,False
229,农户,福建省,食用菌,家庭农场,2025-08-07,116,False
230,采购商,西藏自治区,青稞,小型采购商,2020-08-06,136,False
231,普通消费者,黑龙江省,玉米,个人,2025-06-23,18,True
232,农户,江苏省,大闸蟹,家庭农场,2025-11-06,53,False
233,农技人员,山东省,蔬菜,农技服务站,2021-04-26,40,False
234,农户,福建省,水产,家庭农场,2024-03-20,88,False
235,农户,西藏自治区,中药材,小农户,2023-07-27,49,False
236,农户,江苏省,水稻,小农户,2025-09-12,80,False
237,普通消费者,福建省,柑橘,个人,2021-07-17,87,False
238,普通消费者,河北省,梨,个人,2021-03-11,108,False
239,农户,北京市,水果,家庭农场,2022-04-21,115,False
240,农户,江苏省,水稻,小农户,2021-10-19,29,False
241,采购商,广西壮族自治区,芒果,中型采购商,2024-01-27,90,False
242,农户,辽宁省,水稻,家庭农场,2024-07-20,22,False
243,农技人员,辽宁省,水稻,农技服务站,2025-05-16,21,False
244,普通消费者,湖南省,生猪,个人,2020-12-02,22,False
245,农技人员,湖北省,莲藕,农技服务站,2024-03-11,120,False
246,采购商,新疆维吾尔自治区,红枣,小型采购商,2022-09-18,31,False
247,农户,山东省,花生,小农户,2020-01-10,190,False
248,采购商,广东省,龙眼,中型采购商,2024-12-11,39,False
249,农户,西藏自治区,牦牛,小农户,2022-08-01,13,True
250,农技人员,海南省,热带水果,农技服务站,2024-06-02,16,True
251,采购商,内蒙古自治区,小麦,小型采购商,2020-02-14,38,False
252,农户,浙江省,水产,小农户,2023-01-19,50,False
253,农户,江苏省,水果,小农户,2024-05-27,167,False
254,采购商,山东省,苹果,小型采购商,2022-09-12,33,False
255,农户,河北省,小麦,小农户,2021-12-11,146,False
256,农技人员,安徽省,小麦,农技服务站,2022-10-11,68,False
257,普通消费者,广西壮族自治区,芒果,个人,2024-06-17,148,False
258,农技人员,福建省,水产,农技服务站,2020-06-11,29,False
259,普通消费者,安徽省,水稻,个人,2024-08-09,180,False
260,普通消费者,安徽省,小麦,个人,2025-01-19,80,False
261,农技人员,广西壮族自治区,香蕉,农技服务站,2021-11-08,4,True
262,农户,湖南省,生猪,小农户,2025-04-14,45,False
263,采购商,湖北省,水稻,中型采购商,2024-04-18,21,False
264,采购商,河北省,梨,大型采购商,2023-09-11,20,False
265,采购商,新疆维吾尔自治区,葡萄,中型采购商,2021-04-09,42,False
266,农户,宁夏回族自治区,马铃薯,家庭农场,2025-04-23,29,False
267,农户,浙江省,杨梅,小农户,2024-11-18,47,False
268,普通消费者,吉林省,水稻,个人,2022-01-10,90,False
269,农户,湖北省,莲藕,家庭农场,2021-04-27,41,False
270,普通消费者,陕西省,猕猴桃,个人,2020-10-24,31,False
271,农户,江西省,柑橘,家庭农场,2020-02-14,21,False
272,农技人员,江西省,柑橘,农技服务站,2020-09-06,20,False
273,普通消费者,甘肃省,小麦,个人,2025-04-25,121,False
274,农户,四川省,水稻,家庭农场,2021-09-24,26,False
275,普通消费者,重庆市,蔬菜,个人,2023-03-02,130,False
276,普通消费者,河南省,花生,个人,2020-01-10,50,False
277,农户,青海省,青稞,小农户,2025-09-17,36,False
278,普通消费者,内蒙古自治区,小麦,个人,2022-04-26,20,False
279,农户,湖北省,莲藕,家庭农场,2020-12-11,36,False
280,采购商,云南省,花卉,中型采购商,2025-07-27,40,False
281,农户,湖南省,水稻,小农户,2021-08-11,80,False
282,农户,广东省,香蕉,合作社,2022-10-24,21,False
283,农户,浙江省,柑橘,小农户,2020-08-10,35,False
284,采购商,重庆市,茶叶,中型采购商,2025-05-12,34,False
285,农户,山东省,蔬菜,小农户,2024-06-14,20,False
286,普通消费者,云南省,花卉,个人,2021-11-25,39,False
287,普通消费者,河北省,梨,个人,2020-10-04,18,True
288,普通消费者,河南省,玉米,个人,2021-06-28,43,False
289,农户,河南省,蔬菜,小农户,2024-08-26,5,True
290,农技人员,湖北省,水稻,农技服务站,2024-08-22,172,False
291,农户,广东省,荔枝,家庭农场,2024-02-02,56,False
292,采购商,福建省,茶叶,大型采购商,2020-08-02,56,False
293,农户,山东省,花生,小农户,2023-08-28,128,False
294,农户,江西省,柑橘,家庭农场,2022-02-06,130,False
295,农技人员,广西壮族自治区,柑橘,农技服务站,2020-01-10,20,False
296,采购商,湖南省,生猪,中型采购商,2021-08-12,20,False
297,农户,甘肃省,马铃薯,小农户,2025-07-20,42,False
298,普通消费者,四川省,柑橘,个人,2020-02-20,20,False
299,采购商,新疆维吾尔自治区,哈密瓜,中型采购商,2023-08-08,42,False
300,普通消费者,贵州省,辣椒,个人,2024-05-08,173,False
301,采购商,福建省,食用菌,小型采购商,2021-11-17,42,False
302,农户,四川省,蔬菜,家庭农场,2021-11-22,80,False
303,农技人员,宁夏回族自治区,小麦,农技服务站,2025-07-26,44,False
304,采购商,湖南省,茶叶,小型采购商,2024-08-08,118,False
305,普通消费者,山东省,花生,个人,2020-09-14,151,False
306,农技人员,浙江省,杨梅,农技服务站,2021-06-21,15,True
307,普通消费者,山东省,蔬菜,个人,2020-05-13,58,False
308,采购商,甘肃省,中药材,中型采购商,2024-12-22,53,False
309,农技人员,新疆维吾尔自治区,葡萄,农技服务站,2022-01-07,174,False
310,农户,西藏自治区,牦牛,合作社,2025-10-23,45,False
311,普通消费者,福建省,食用菌,个人,2023-08-18,28,False
312,农户,浙江省,水产,小农户,2025-08-25,197,False
313,农户,江苏省,水稻,小农户,2021-12-05,18,True
314,普通消费者,安徽省,蔬菜,个人,2022-03-07,48,False
315,农户,内蒙古自治区,小麦,小农户,2025-06-09,22,False
316,农技人员,广西壮族自治区,香蕉,农技服务站,2023-03-24,29,False
317,农户,广西壮族自治区,香蕉,小农户,2024-11-02,25,False
318,普通消费者,四川省,水稻,个人,2020-07-05,109,False
319,农户,河南省,玉米,小农户,2022-01-20,34,False
320,普通消费者,重庆市,生猪,个人,2020-01-18,80,False
321,农户,河北省,梨,小农户,2022-01-17,166,False
322,农技人员,北京市,蔬菜,农技服务站,2020-02-17,20,False
323,农户,河北省,梨,小农户,2023-02-12,138,False
324,采购商,西藏自治区,青稞,小型采购商,2020-11-28,46,False
325,农户,湖南省,生猪,小农户,2020-11-01,20,False
326,农户,内蒙古自治区,牛奶,小农户,2020-09-02,26,False
327,普通消费者,陕西省,小麦,个人,2022-01-03,57,False
328,农户,福建省,茶叶,小农户,2022-01-07,34,False
329,普通消费者,陕西省,小麦,个人,2020-05-06,20,False
330,采购商,内蒙古自治区,牛奶,小型采购商,2025-03-26,172,False
331,农户,云南省,咖啡,小农户,2023-04-27,20,False
332,普通消费者,天津市,水产,个人,2022-01-21,23,False
333,普通消费者,河北省,梨,个人,2024-07-14,46,False
334,采购商,浙江省,杨梅,中型采购商,2025-02-03,22,False
335,农户,贵州省,辣椒,家庭农场,2022-06-04,10,True
336,农技人员,云南省,茶叶,农技服务站,2021-02-06,36,False
337,采购商,河北省,小麦,小型采购商,2022-09-03,33,False
338,普通消费者,新疆维吾尔自治区,棉花,个人,2022-07-13,23,False
339,采购商,福建省,柑橘,中型采购商,2021-11-13,80,False
340,农户,广东省,龙眼,小农户,2023-05-14,45,False
341,普通消费者,浙江省,柑橘,个人,2025-11-16,20,False
342,农户,山东省,小麦,小农户,2023-06-27,36,False
343,普通消费者,江苏省,蔬菜,个人,2023-11-20,23,False
344,农户,上海市,蔬菜,小农户,2021-07-11,50,False
345,采购商,河北省,玉米,小型采购商,2022-07-12,22,False
346,采购商,安徽省,小麦,中型采购商,2024-01-24,31,False
347,采购商,湖南省,茶叶,中型采购商,2020-07-22,42,False
348,采购商,广东省,龙眼,中型采购商,2023-02-15,141,False
349,采购商,河北省,红枣,中型采购商,2022-12-26,51,False
350,采购商,山东省,蔬菜,中型采购商,2022-03-21,20,False
351,采购商,辽宁省,水产,大型采购商,2022-07-04,9,True
352,农户,云南省,花卉,小农户,2023-08-25,28,False
353,采购商,河南省,小麦,小型采购商,2022-07-03,26,False
354,普通消费者,山东省,小麦,个人,2022-08-26,23,False
355,农技人员,湖北省,水产,农技服务站,2025-12-15,80,False
356,农户,黑龙江省,水稻,小农户,2022-11-04,40,False
357,农户,青海省,牦牛,小农户,2024-03-11,20,False
358,普通消费者,广东省,蔬菜,个人,2025-03-06,52,False
359,农技人员,四川省,蔬菜,农技服务站,2021-08-19,80,False
360,农户,河南省,花生,家庭农场,2020-10-04,55,False
361,农技人员,浙江省,柑橘,农技服务站,2023-02-09,20,False
362,农技人员,海南省,橡胶,农技服务站,2024-07-20,25,False
363,农户,浙江省,水产,家庭农场,2025-12-26,62,False
364,采购商,山东省,蔬菜,小型采购商,2021-05-04,23,False
365,采购商,河北省,红枣,中型采购商,2024-07-14,41,False
366,采购商,陕西省,猕猴桃,中型采购商,2023-05-05,48,False
367,普通消费者,辽宁省,水稻,个人,2020-08-05,20,False
368,农户,福建省,水产,小农户,2023-07-23,142,False
369,农户,福建省,柑橘,小农户,2022-04-18,32,False
370,普通消费者,福建省,水产,个人,2024-09-04,20,False
371,农户,福建省,食用菌,小农户,2020-12-15,20,False
372,普通消费者,山东省,蔬菜,个人,2022-01-15,29,False
373,普通消费者,山东省,苹果,个人,2021-04-26,20,False
374,采购商,新疆维吾尔自治区,红枣,小型采购商,2021-04-27,74,False
375,农户,浙江省,杨梅,小农户,2021-06-23,20,False
376,采购商,天津市,水果,大型采购商,2025-02-05,180,False
377,农技人员,四川省,猕猴桃,农技服务站,2025-03-23,111,False
378,农户,江苏省,大闸蟹,家庭农场,2025-07-16,26,False
379,采购商,辽宁省,水产,小型采购商,2025-02-13,35,False
380,农户,北京市,水果,小农户,2023-06-19,3,True
381,采购商,湖北省,莲藕,大型采购商,2024-07-07,185,False
382,农户,广东省,香蕉,小农户,2024-03-19,180,False
383,农户,江西省,水稻,小农户,2025-08-01,68,False
384,普通消费者,湖北省,水稻,个人,2023-04-23,192,False
385,采购商,河南省,花生,小型采购商,2022-05-03,20,False
386,普通消费者,河南省,蔬菜,个人,2025-05-24,59,False
387,农户,辽宁省,苹果,小农户,2023-02-05,33,False
388,农技人员,湖北省,水稻,农技服务站,2025-06-27,20,False
389,普通消费者,陕西省,小麦,个人,2020-04-13,4,True
390,农户,浙江省,杨梅,小农户,2021-11-22,41,False
391,农技人员,四川省,柑橘,农技服务站,2023-06-24,36,False
392,采购商,重庆市,生猪,大型采购商,2020-02-05,24,False
393,采购商,浙江省,水产,小型采购商,2021-04-09,34,False
394,农户,安徽省,茶叶,家庭农场,2025-01-28,192,False
395,农户,河北省,玉米,家庭农场,2022-11-02,27,False
396,普通消费者,广东省,蔬菜,个人,2020-04-16,35,False
397,农户,甘肃省,马铃薯,合作社,2022-03-13,152,False
398,农技人员,福建省,柑橘,农技服务站,2023-02-01,46,False
399,农户,广东省,荔枝,合作社,2023-09-10,73,False
400,农技人员,湖南省,生猪,农技服务站,2020-11-18,20,False
401,农户,山东省,苹果,小农户,2021-03-18,80,False
402,采购商,云南省,茶叶,小型采购商,2023-12-28,20,False
403,农户,重庆市,柑橘,小农户,2024-01-10,30,False
404,采购商,河南省,小麦,中型采购商,2025-01-06,44,False
405,农户,河北省,梨,小农户,2021-12-25,173,False
406,普通消费者,云南省,茶叶,个人,2022-07-09,38,False
407,农户,宁夏回族自治区,小麦,小农户,2023-09-12,19,True
408,农户,河南省,小麦,家庭农场,2025-12-04,24,False
409,农技人员,四川省,水稻,农技服务站,2021-01-16,29,False
410,普通消费者,河南省,小麦,个人,2024-12-24,25,False
411,农户,广东省,香蕉,小农户,2020-10-12,24,False
412,采购商,四川省,柑橘,中型采购商,2020-07-03,190,False
413,农户,内蒙古自治区,牛奶,小农户,2023-01-12,50,False
414,采购商,江苏省,大闸蟹,小型采购商,2024-08-25,39,False
415,采购商,福建省,柑橘,小型采购商,2023-01-08,23,False
416,采购商,陕西省,苹果,大型采购商,2020-11-13,173,False
417,农户,河南省,玉米,小农户,2020-03-23,51,False
418,农户,广东省,蔬菜,家庭农场,2022-08-24,4,True
419,农技人员,辽宁省,水产,农技服务站,2020-10-19,5,True
420,农户,广东省,香蕉,合作社,2023-12-27,38,False
421,农户,广东省,荔枝,合作社,2021-10-04,49,False
422,农户,湖北省,水产,小农户,2022-04-15,45,False
423,农户,山东省,蔬菜,家庭农场,2022-12-23,21,False
424,农户,新疆维吾尔自治区,哈密瓜,小农户,2021-06-13,25,False
425,采购商,广东省,龙眼,小型采购商,2023-08-18,48,False
426,农户,湖北省,柑橘,小农户,2020-04-05,44,False
427,农技人员,陕西省,苹果,农技服务站,2024-10-09,89,False
428,农户,四川省,茶叶,家庭农场,2020-06-04,15,True
429,农户,重庆市,生猪,家庭农场,2023-08-01,32,False
430,农技人员,浙江省,柑橘,农技服务站,2022-05-15,84,False
431,采购商,安徽省,茶叶,小型采购商,2024-08-02,13,True
432,农户,河南省,玉米,家庭农场,2024-01-13,35,False
433,农户,福建省,水产,小农户,2024-09-11,62,False
434,农户,江苏省,大闸蟹,小农户,2022-01-26,147,False
435,农户,安徽省,小麦,合作社,2020-04-22,24,False
436,农技人员,贵州省,茶叶,农技服务站,2021-10-28,129,False
437,农户,内蒙古自治区,羊肉,小农户,2024-06-26,43,False
438,农户,安徽省,茶叶,合作社,2024-03-19,187,False
439,普通消费者,甘肃省,小麦,个人,2024-05-06,29,False
440,农户,广东省,龙眼,小农户,2023-01-11,105,False
441,普通消费者,江苏省,大闸蟹,个人,2022-01-01,29,False
442,采购商,山东省,苹果,中型采购商,2022-02-12,57,False
443,采购商,安徽省,茶叶,小型采购商,2021-03-24,181,False
444,采购商,湖北省,莲藕,小型采购商,2024-12-20,50,False
445,农户,安徽省,小麦,小农户,2025-12-10,49,False
446,采购商,上海市,水产,小型采购商,2024-01-06,63,False
447,普通消费者,海南省,热带水果,个人,2025-10-04,98,False
448,农户,四川省,猕猴桃,合作社,2021-11-03,165,False
449,采购商,甘肃省,小麦,小型采购商,2021-04-23,9,True
450,普通消费者,广西壮族自治区,甘蔗,个人,2023-08-24,33,False
451,农户,湖南省,生猪,小农户,2023-02-27,46,False
452,普通消费者,辽宁省,樱桃,个人,2021-08-03,28,False
453,农户,四川省,猕猴桃,合作社,2020-06-06,100,False
454,采购商,福建省,茶叶,小型采购商,2024-08-23,6,True
455,采购商,湖南省,水稻,小型采购商,2021-04-14,38,False
456,采购商,广西壮族自治区,芒果,中型采购商,2022-04-04,19,True
457,农技人员,河北省,小麦,农技服务站,2022-01-14,20,False
458,农技人员,山东省,蔬菜,农技服务站,2021-11-10,140,False
459,普通消费者,江苏省,水果,个人,2023-08-22,31,False
460,采购商,浙江省,杨梅,大型采购商,2022-03-15,15,True
461,农技人员,广东省,香蕉,农技服务站,2024-01-05,34,False
462,采购商,山东省,小麦,中型采购商,2023-10-08,44,False
463,普通消费者,吉林省,人参,个人,2024-11-28,153,False
464,普通消费者,湖北省,水稻,个人,2023-12-02,21,False
465,普通消费者,黑龙江省,大豆,个人,2020-08-06,101,False
466,普通消费者,黑龙江省,大豆,个人,2020-07-03,135,False
467,农户,吉林省,水稻,家庭农场,2022-06-24,88,False
468,农户,福建省,食用菌,家庭农场,2024-08-28,20,False
469,采购商,贵州省,茶叶,小型采购商,2021-10-19,80,False
470,普通消费者,山东省,苹果,个人,2024-02-26,20,False
471,农技人员,浙江省,水产,农技服务站,2022-07-21,20,False
472,采购商,四川省,猕猴桃,小型采购商,2024-10-22,59,False
473,农户,甘肃省,苹果,家庭农场,2020-12-16,194,False
474,农户,江苏省,蔬菜,小农户,2023-12-22,8,True
475,农户,宁夏回族自治区,马铃薯,家庭农场,2022-05-24,49,False
476,采购商,河南省,玉米,大型采购商,2023-12-16,45,False
477,普通消费者,吉林省,水稻,个人,2020-05-23,45,False
478,农户,内蒙古自治区,马铃薯,小农户,2021-01-08,2,True
479,普通消费者,陕西省,红枣,个人,2022-08-17,32,False
480,普通消费者,江西省,柑橘,个人,2022-08-20,21,False
481,普通消费者,湖北省,莲藕,个人,2022-03-27,175,False
482,普通消费者,山东省,苹果,个人,2023-01-06,179,False
483,普通消费者,新疆维吾尔自治区,哈密瓜,个人,2025-04-09,34,False
484,农技人员,新疆维吾尔自治区,棉花,农技服务站,2023-03-21,23,False
485,普通消费者,广东省,香蕉,个人,2025-12-21,53,False
486,普通消费者,内蒙古自治区,小麦,个人,2022-04-15,30,False
487,农技人员,辽宁省,苹果,农技服务站,2020-09-22,187,False
488,农户,辽宁省,水稻,小农户,2020-08-03,21,False
489,农户,江苏省,蔬菜,小农户,2025-11-10,28,False
490,农技人员,广东省,荔枝,农技服务站,2024-07-22,40,False
491,农户,四川省,茶叶,合作社,2022-07-13,24,False
492,农户,陕西省,猕猴桃,小农户,2025-04-22,21,False
493,普通消费者,山西省,核桃,个人,2024-05-28,37,False
494,采购商,福建省,食用菌,小型采购商,2021-12-09,37,False
495,采购商,重庆市,茶叶,中型采购商,2021-06-08,25,False
496,农户,贵州省,猕猴桃,小农户,2024-05-15,140,False
497,农户,辽宁省,苹果,小农户,2021-09-04,128,False
498,农技人员,湖南省,柑橘,农技服务站,2021-04-11,26,False
499,采购商,山西省,小麦,小型采购商,2025-03-25,11,True
500,采购商,河南省,小麦,小型采购商,2022-04-25,37,False
501,采购商,河南省,小麦,小型采购商,2023-11-14,20,False
502,普通消费者,浙江省,茶叶,个人,2024-04-24,20,False
503,农户,江苏省,大闸蟹,小农户,2020-11-24,23,False
504,采购商,浙江省,柑橘,小型采购商,2024-10-10,29,False
505,普通消费者,江苏省,蔬菜,个人,2023-12-17,38,False
506,农户,甘肃省,中药材,小农户,2023-06-25,69,False
507,普通消费者,重庆市,生猪,个人,2020-04-08,50,False
508,农户,广西壮族自治区,柑橘,小农户,2025-11-26,9,True
509,普通消费者,辽宁省,苹果,个人,2025-02-21,86,False
510,采购商,湖南省,生猪,小型采购商,2022-08-23,30,False
511,采购商,辽宁省,水稻,小型采购商,2020-11-17,32,False
512,采购商,山东省,苹果,中型采购商,2024-02-10,20,False
513,农户,河南省,玉米,家庭农场,2024-04-12,32,False
514,农户,四川省,茶叶,合作社,2025-08-11,28,False
515,农户,山东省,苹果,家庭农场,2025-08-05,179,False
516,农技人员,广西壮族自治区,甘蔗,农技服务站,2022-11-08,38,False
517,普通消费者,广东省,荔枝,个人,2020-03-28,10,True
518,农户,江西省,油茶,家庭农场,2020-01-01,164,False
519,采购商,江苏省,水果,大型采购商,2022-12-03,21,False
520,农户,山东省,花生,合作社,2022-07-23,182,False
521,农技人员,甘肃省,中药材,农技服务站,2020-03-23,42,False
522,普通消费者,内蒙古自治区,马铃薯,个人,2023-10-16,166,False
523,农技人员,安徽省,茶叶,农技服务站,2024-01-28,71,False
524,普通消费者,宁夏回族自治区,枸杞,个人,2023-08-04,136,False
525,农户,广东省,香蕉,小农户,2025-09-25,31,False
526,采购商,广东省,香蕉,中型采购商,2025-12-20,8,True
527,农技人员,江西省,油茶,农技服务站,2021-09-20,6,True
528,农技人员,湖北省,水产,农技服务站,2021-02-25,40,False
529,农户,海南省,热带水果,小农户,2024-11-13,46,False
530,农户,湖北省,水产,小农户,2023-08-11,27,False
531,农技人员,辽宁省,苹果,农技服务站,2023-07-02,37,False
532,农户,山东省,小麦,家庭农场,2024-04-21,33,False
533,普通消费者,浙江省,茶叶,个人,2021-08-11,34,False
534,采购商,湖北省,莲藕,中型采购商,2020-02-25,22,False
535,农户,浙江省,杨梅,小农户,2022-12-04,6,True
536,农技人员,吉林省,人参,农技服务站,2020-05-20,33,False
537,农户,内蒙古自治区,羊肉,小农户,2021-12-11,42,False
538,农技人员,重庆市,柑橘,农技服务站,2023-08-22,68,False
539,农技人员,海南省,热带水果,农技服务站,2024-12-02,53,False
540,农技人员,安徽省,小麦,农技服务站,2025-10-06,80,False
541,农户,浙江省,杨梅,小农户,2023-07-20,177,False
542,农户,湖南省,茶叶,合作社,2023-03-05,22,False
543,采购商,云南省,咖啡,中型采购商,2024-06-23,51,False
544,采购商,广东省,龙眼,中型采购商,2022-11-12,96,False
545,普通消费者,辽宁省,樱桃,个人,2024-09-23,36,False
546,采购商,云南省,水果,中型采购商,2025-12-14,80,False
547,普通消费者,河北省,红枣,个人,2020-09-04,5,True
548,农户,四川省,猕猴桃,家庭农场,2021-05-22,22,False
549,普通消费者,陕西省,红枣,个人,2021-09-02,21,False
550,农技人员,安徽省,小麦,农技服务站,2025-11-18,24,False
551,农技人员,黑龙江省,玉米,农技服务站,2025-11-02,129,False
552,农技人员,贵州省,猕猴桃,农技服务站,2024-01-01,20,False
553,农户,新疆维吾尔自治区,红枣,家庭农场,2025-12-23,25,False
554,普通消费者,福建省,柑橘,个人,2025-04-10,22,False
555,普通消费者,四川省,柑橘,个人,2025-09-04,35,False
556,农技人员,福建省,柑橘,农技服务站,2021-10-28,39,False
557,农户,陕西省,猕猴桃,小农户,2022-10-02,80,False
558,采购商,内蒙古自治区,牛奶,小型采购商,2024-09-12,11,True
559,农技人员,天津市,水果,农技服务站,2020-09-06,53,False
560,农技人员,山东省,蔬菜,农技服务站,2021-11-11,24,False
561,农户,上海市,水产,小农户,2024-11-01,21,False
562,农户,广东省,龙眼,合作社,2025-06-13,200,False
563,农户,广东省,香蕉,小农户,2024-06-17,137,False
564,农技人员,江苏省,大闸蟹,农技服务站,2022-09-03,101,False
565,普通消费者,云南省,茶叶,个人,2025-02-07,42,False
566,普通消费者,新疆维吾尔自治区,红枣,个人,2020-04-18,192,False
567,普通消费者,贵州省,茶叶,个人,2025-11-05,11,True
568,农户,四川省,柑橘,家庭农场,2024-02-19,196,False
569,农户,浙江省,水产,小农户,2020-07-22,20,False
570,农户,广西壮族自治区,甘蔗,家庭农场,2024-01-23,125,False
571,普通消费者,山东省,小麦,个人,2024-02-10,80,False
572,农技人员,湖南省,水稻,农技服务站,2023-03-18,59,False
573,采购商,黑龙江省,玉米,大型采购商,2021-05-22,181,False
574,普通消费者,辽宁省,苹果,个人,2024-09-05,26,False
575,农户,安徽省,水稻,小农户,2025-12-24,20,False
576,农技人员,辽宁省,樱桃,农技服务站,2021-03-08,65,False
577,农户,山东省,苹果,家庭农场,2024-08-21,31,False
578,农户,四川省,水稻,小农户,2024-08-11,61,False
579,采购商,广东省,香蕉,中型采购商,2021-06-16,20,False
580,采购商,江苏省,大闸蟹,中型采购商,2022-06-14,24,False
581,农户,贵州省,中药材,小农户,2022-03-22,33,False
582,普通消费者,湖北省,莲藕,个人,2022-08-18,33,False
583,采购商,山东省,小麦,大型采购商,2021-09-07,26,False
584,普通消费者,四川省,水稻,个人,2020-09-21,19,True
585,采购商,云南省,花卉,大型采购商,2024-05-18,149,False
586,农技人员,贵州省,猕猴桃,农技服务站,2023-04-25,45,False
587,普通消费者,山东省,苹果,个人,2023-06-17,8,True
588,普通消费者,黑龙江省,大豆,个人,2024-03-15,20,False
589,采购商,福建省,柑橘,中型采购商,2023-06-02,30,False
590,农技人员,四川省,猕猴桃,农技服务站,2021-01-22,35,False
591,普通消费者,浙江省,水产,个人,2023-01-02,121,False
592,农户,海南省,水产,家庭农场,2025-05-19,42,False
593,农户,辽宁省,水稻,小农户,2020-09-09,47,False
594,普通消费者,河北省,梨,个人,2022-08-26,20,False
595,采购商,河北省,玉米,小型采购商,2021-02-17,20,False
596,农户,河南省,花生,家庭农场,2020-11-08,62,False
597,农户,山东省,花生,小农户,2024-03-21,82,False
598,农户,山东省,蔬菜,小农户,2024-01-19,39,False
599,农户,重庆市,生猪,小农户,2024-11-01,173,False
600,采购商,广东省,荔枝,小型采购商,2024-08-28,22,False
601,农户,湖南省,柑橘,家庭农场,2021-10-22,71,False
602,农户,江西省,油茶,小农户,2020-04-13,35,False
603,农户,河南省,蔬菜,家庭农场,2024-02-06,59,False
604,采购商,四川省,蔬菜,中型采购商,2020-02-16,34,False
605,普通消费者,福建省,茶叶,个人,2025-11-14,80,False
606,农户,四川省,蔬菜,小农户,2023-07-12,79,False
607,采购商,云南省,茶叶,小型采购商,2022-08-25,29,False
608,普通消费者,广东省,蔬菜,个人,2022-04-01,53,False
609,普通消费者,福建省,茶叶,个人,2024-01-13,45,False
610,采购商,江苏省,蔬菜,小型采购商,2023-11-19,65,False
611,普通消费者,湖南省,茶叶,个人,2024-05-22,20,False
612,农户,福建省,水产,小农户,2024-09-16,46,False
613,农户,浙江省,水产,家庭农场,2025-02-24,56,False
614,普通消费者,上海市,蔬菜,个人,2021-09-13,20,False
615,普通消费者,安徽省,水稻,个人,2021-07-21,3,True
616,普通消费者,湖北省,水产,个人,2020-02-09,20,False
617,农户,四川省,茶叶,合作社,2023-10-21,20,False
618,采购商,安徽省,小麦,中型采购商,2023-01-07,199,False
619,普通消费者,江苏省,水稻,个人,2024-09-17,28,False
620,采购商,江西省,茶叶,小型采购商,2020-03-03,179,False
621,农户,江西省,油茶,小农户,2024-01-24,47,False
622,普通消费者,福建省,食用菌,个人,2022-05-08,70,False
623,农户,重庆市,柑橘,小农户,2023-09-04,34,False
624,农技人员,江苏省,水稻,农技服务站,2024-05-18,153,False
625,农户,湖北省,水产,小农户,2021-06-25,74,False
626,农技人员,安徽省,水稻,农技服务站,2023-02-09,8,True
627,采购商,广东省,香蕉,小型采购商,2022-09-18,9,True
628,农户,山东省,小麦,小农户,2021-08-11,20,False
629,普通消费者,广东省,龙眼,个人,2023-12-07,20,False
630,农户,广东省,龙眼,小农户,2021-10-12,32,False
631,农户,重庆市,生猪,家庭农场,2024-01-28,40,False
632,采购商,河北省,梨,小型采购商,2024-05-13,32,False
633,采购商,四川省,茶叶,小型采购商,2024-01-17,20,False
634,普通消费者,贵州省,中药材,个人,2020-12-17,31,False
635,采购商,四川省,柑橘,小型采购商,2020-06-12,20,False
636,农户,福建省,柑橘,小农户,2024-06-12,46,False
637,农技人员,湖南省,茶叶,农技服务站,2022-07-09,39,False
638,采购商,宁夏回族自治区,小麦,小型采购商,2020-12-09,151,False
639,农技人员,浙江省,柑橘,农技服务站,2025-03-16,102,False
640,农技人员,山东省,小麦,农技服务站,2023-05-09,20,False
641,采购商,湖南省,柑橘,小型采购商,2022-08-27,25,False
642,农技人员,江苏省,蔬菜,农技服务站,2022-09-18,112,False
643,农户,湖南省,茶叶,家庭农场,2024-04-19,20,False
644,采购商,河南省,花生,小型采购商,2025-09-16,32,False
645,农技人员,四川省,蔬菜,农技服务站,2022-08-21,191,False
646,农户,黑龙江省,玉米,小农户,2024-10-13,89,False
647,农户,浙江省,杨梅,小农户,2022-12-09,53,False
648,农户,甘肃省,苹果,家庭农场,2024-08-14,20,False
649,普通消费者,山东省,蔬菜,个人,2025-05-24,42,False
650,农户,河南省,小麦,小农户,2023-09-02,13,True
651,农技人员,西藏自治区,青稞,农技服务站,2022-10-05,13,True
652,农户,广东省,香蕉,小农户,2021-03-17,83,False
653,农户,浙江省,杨梅,家庭农场,2023-09-09,25,False
654,农户,上海市,水产,小农户,2024-08-21,22,False
655,普通消费者,湖南省,茶叶,个人,2022-08-18,31,False
656,农户,江苏省,水果,小农户,2022-01-01,20,False
657,普通消费者,山东省,小麦,个人,2023-09-01,25,False
658,农技人员,云南省,咖啡,农技服务站,2020-07-26,20,False
659,农户,四川省,猕猴桃,小农户,2024-07-13,80,False
660,采购商,辽宁省,水产,小型采购商,2020-07-21,33,False
661,普通消费者,山西省,核桃,个人,2022-11-24,23,False
662,农户,河南省,小麦,小农户,2022-02-21,36,False
663,农技人员,陕西省,小麦,农技服务站,2021-06-01,31,False
664,普通消费者,四川省,水稻,个人,2022-05-05,29,False
665,采购商,广东省,龙眼,小型采购商,2021-06-14,45,False
666,普通消费者,西藏自治区,牦牛,个人,2025-01-11,5,True
667,农户,贵州省,茶叶,小农户,2021-04-27,48,False
668,农户,四川省,柑橘,小农户,2023-04-24,105,False
669,农技人员,云南省,花卉,农技服务站,2023-07-22,199,False
670,农户,辽宁省,苹果,家庭农场,2024-09-04,25,False
671,采购商,河南省,小麦,大型采购商,2021-02-08,24,False
672,农户,河南省,花生,小农户,2023-04-01,154,False
673,普通消费者,湖北省,柑橘,个人,2022-02-08,28,False
674,农户,辽宁省,苹果,小农户,2025-03-23,20,False
675,农户,湖北省,莲藕,合作社,2025-06-26,173,False
676,农户,陕西省,红枣,家庭农场,2022-01-16,20,False
677,采购商,福建省,水产,小型采购商,2021-09-12,65,False
678,农技人员,新疆维吾尔自治区,哈密瓜,农技服务站,2020-09-05,75,False
679,普通消费者,福建省,水产,个人,2020-11-17,29,False
680,农户,四川省,猕猴桃,家庭农场,2021-06-24,18,True
681,普通消费者,河南省,蔬菜,个人,2024-03-20,44,False
682,农技人员,江苏省,水稻,农技服务站,2024-11-03,5,True
683,农户,四川省,水稻,小农户,2020-01-19,38,False
684,农户,湖北省,莲藕,小农户,2021-10-23,7,True
685,采购商,重庆市,柑橘,小型采购商,2025-01-12,80,False
686,普通消费者,湖南省,茶叶,个人,2025-01-27,57,False
687,农技人员,广西壮族自治区,芒果,农技服务站,2020-04-17,8,True
688,农技人员,河南省,玉米,农技服务站,2024-11-06,31,False
689,采购商,云南省,咖啡,中型采购商,2025-11-14,101,False
690,普通消费者,福建省,食用菌,个人,2025-03-18,136,False
691,普通消费者,山西省,核桃,个人,2022-07-25,20,False
692,普通消费者,江苏省,大闸蟹,个人,2024-09-07,20,False
693,采购商,广西壮族自治区,芒果,大型采购商,2023-07-01,36,False
694,普通消费者,安徽省,小麦,个人,2022-01-10,107,False
695,普通消费者,四川省,猕猴桃,个人,2024-09-18,22,False
696,采购商,山东省,花生,小型采购商,2021-05-12,111,False
697,农户,黑龙江省,水稻,小农户,2024-04-24,11,True
698,普通消费者,河南省,小麦,个人,2024-11-10,19,True
699,农户,贵州省,猕猴桃,小农户,2023-07-28,20,False
700,普通消费者,云南省,茶叶,个人,2025-11-13,17,True
701,农户,福建省,柑橘,小农户,2025-04-05,13,True
702,普通消费者,云南省,茶叶,个人,2021-07-10,23,False
703,农户,江苏省,水果,小农户,2020-09-13,20,False
704,农户,湖南省,柑橘,家庭农场,2023-09-07,76,False
705,采购商,河南省,玉米,小型采购商,2022-07-11,51,False
706,采购商,山东省,花生,小型采购商,2022-04-11,32,False
707,采购商,云南省,花卉,大型采购商,2024-08-20,69,False
708,农户,吉林省,水稻,家庭农场,2021-12-28,2,True
709,农户,辽宁省,樱桃,家庭农场,2022-01-11,34,False
710,农户,湖北省,水稻,小农户,2025-09-07,21,False
711,农技人员,广东省,蔬菜,农技服务站,2024-12-05,70,False
712,采购商,浙江省,茶叶,小型采购商,2020-05-07,43,False
713,采购商,四川省,水稻,小型采购商,2025-05-22,164,False
714,农户,山东省,小麦,家庭农场,2025-07-08,145,False
715,普通消费者,山东省,小麦,个人,2023-10-18,7,True
716,农技人员,湖北省,水稻,农技服务站,2020-04-17,20,False
717,农技人员,广西壮族自治区,甘蔗,农技服务站,2022-11-12,30,False
718,农户,西藏自治区,中药材,小农户,2020-11-09,193,False
719,普通消费者,西藏自治区,中药材,个人,2022-04-05,21,False
720,农户,山东省,花生,小农户,2025-10-28,20,False
721,农户,广东省,龙眼,小农户,2022-10-11,52,False
722,农户,辽宁省,樱桃,家庭农场,2022-12-23,196,False
723,农户,西藏自治区,青稞,家庭农场,2024-03-11,18,True
724,普通消费者,山东省,小麦,个人,2021-12-01,80,False
725,普通消费者,湖南省,生猪,个人,2022-08-24,194,False
726,采购商,广西壮族自治区,柑橘,中型采购商,2020-03-06,20,False
727,采购商,安徽省,小麦,中型采购商,2021-11-01,20,False
728,采购商,湖北省,水产,中型采购商,2022-03-28,43,False
729,农技人员,河南省,玉米,农技服务站,2020-07-25,198,False
730,农户,湖南省,柑橘,家庭农场,2020-03-15,142,False
731,采购商,新疆维吾尔自治区,哈密瓜,小型采购商,2020-10-24,172,False
732,农户,安徽省,水稻,小农户,2023-08-27,192,False
733,普通消费者,河北省,红枣,个人,2025-01-18,23,False
734,普通消费者,海南省,热带水果,个人,2022-08-13,179,False
735,普通消费者,湖北省,水产,个人,2022-10-02,25,False
736,普通消费者,湖北省,水产,个人,2020-12-17,24,False
737,普通消费者,北京市,花卉,个人,2024-03-13,21,False
738,农技人员,河南省,玉米,农技服务站,2023-02-09,33,False
739,采购商,陕西省,猕猴桃,中型采购商,2020-02-04,21,False
740,采购商,山东省,花生,中型采购商,2024-10-06,37,False
741,农户,云南省,咖啡,小农户,2025-03-06,102,False
742,普通消费者,四川省,猕猴桃,个人,2022-12-25,116,False
743,采购商,山东省,蔬菜,大型采购商,2020-10-25,32,False
744,农技人员,新疆维吾尔自治区,棉花,农技服务站,2024-08-08,29,False
745,采购商,湖北省,水产,小型采购商,2024-01-08,115,False
746,采购商,福建省,柑橘,小型采购商,2021-01-21,21,False
747,农户,四川省,蔬菜,家庭农场,2022-06-03,14,True
748,普通消费者,河南省,花生,个人,2024-11-23,24,False
749,采购商,福建省,水产,中型采购商,2022-01-03,48,False
750,农户,山西省,小米,家庭农场,2024-02-10,42,False
751,农户,新疆维吾尔自治区,葡萄,小农户,2024-04-23,20,False
752,农户,福建省,茶叶,小农户,2025-10-26,116,False
753,农技人员,内蒙古自治区,牛奶,农技服务站,2024-10-20,34,False
754,农户,福建省,水产,小农户,2021-10-08,48,False
755,普通消费者,四川省,水稻,个人,2023-11-26,20,False
756,普通消费者,黑龙江省,小麦,个人,2023-01-11,43,False
757,普通消费者,河南省,玉米,个人,2025-05-09,23,False
758,农户,河北省,梨,家庭农场,2020-11-11,44,False
759,采购商,安徽省,水稻,中型采购商,2021-06-27,22,False
760,采购商,重庆市,柑橘,中型采购商,2023-03-21,20,False
761,普通消费者,山西省,小麦,个人,2023-12-02,118,False
762,采购商,江西省,水稻,小型采购商,2025-06-26,181,False
763,农户,海南省,橡胶,家庭农场,2022-07-21,20,False
764,农户,安徽省,小麦,小农户,2022-12-28,33,False
765,农户,湖南省,生猪,家庭农场,2022-08-27,107,False
766,农技人员,河南省,花生,农技服务站,2020-04-03,37,False
767,农户,湖北省,柑橘,小农户,2023-12-28,21,False
768,普通消费者,山东省,苹果,个人,2024-11-05,45,False
769,农户,浙江省,茶叶,小农户,2020-11-28,20,False
770,农户,湖北省,水稻,小农户,2025-12-10,10,True
771,采购商,河南省,玉米,小型采购商,2022-09-11,32,False
772,采购商,广东省,龙眼,小型采购商,2020-10-18,20,False
773,农户,浙江省,杨梅,小农户,2025-05-19,23,False
774,农户,安徽省,茶叶,小农户,2020-03-01,33,False
775,采购商,山东省,苹果,小型采购商,2023-03-23,21,False
776,采购商,内蒙古自治区,小麦,中型采购商,2022-06-27,27,False
777,普通消费者,黑龙江省,水稻,个人,2023-10-05,15,True
778,农户,江苏省,水果,小农户,2021-03-28,113,False
779,普通消费者,浙江省,杨梅,个人,2022-08-16,16,True
780,农户,湖北省,柑橘,小农户,2022-10-19,54,False
781,农户,吉林省,玉米,小农户,2025-02-26,24,False
782,农技人员,安徽省,小麦,农技服务站,2024-04-18,50,False
783,农技人员,四川省,柑橘,农技服务站,2025-10-14,20,False
784,农技人员,贵州省,辣椒,农技服务站,2021-11-22,19,True
785,普通消费者,山东省,花生,个人,2022-09-04,102,False
786,农户,湖南省,水稻,家庭农场,2024-07-11,43,False
787,采购商,山东省,蔬菜,大型采购商,2025-01-25,68,False
788,农户,河北省,红枣,家庭农场,2023-04-07,20,False
789,农户,福建省,食用菌,合作社,2023-12-12,154,False
790,农户,青海省,青稞,家庭农场,2022-01-12,86,False
791,农户,福建省,食用菌,小农户,2022-01-08,22,False
792,采购商,辽宁省,水产,小型采购商,2023-09-07,44,False
793,农技人员,河南省,蔬菜,农技服务站,2022-07-05,29,False
794,普通消费者,山东省,苹果,个人,2020-11-01,39,False
795,普通消费者,江西省,柑橘,个人,2020-03-21,190,False
796,农技人员,贵州省,中药材,农技服务站,2024-03-15,24,False
797,采购商,湖北省,莲藕,小型采购商,2023-10-01,34,False
798,普通消费者,广东省,香蕉,个人,2023-09-19,30,False
799,普通消费者,福建省,食用菌,个人,2020-10-16,90,False
800,农户,广西壮族自治区,芒果,小农户,2020-09-20,16,True
801,采购商,江西省,水稻,中型采购商,2024-10-10,59,False
802,普通消费者,河北省,小麦,个人,2023-08-17,153,False
803,采购商,湖南省,茶叶,小型采购商,2020-12-20,37,False
804,采购商,福建省,茶叶,中型采购商,2024-03-19,10,True
805,普通消费者,辽宁省,水稻,个人,2023-02-05,39,False
806,普通消费者,广东省,龙眼,个人,2024-05-09,81,False
807,采购商,安徽省,小麦,中型采购商,2022-03-09,26,False
808,农户,河南省,小麦,小农户,2020-03-20,99,False
809,普通消费者,云南省,水果,个人,2023-04-22,25,False
810,采购商,河南省,花生,小型采购商,2022-02-02,26,False
811,农户,江苏省,大闸蟹,小农户,2025-07-16,40,False
812,农技人员,湖南省,茶叶,农技服务站,2023-07-22,26,False
813,农技人员,天津市,蔬菜,农技服务站,2024-11-12,135,False
814,采购商,辽宁省,水稻,小型采购商,2022-02-09,38,False
815,农户,云南省,花卉,家庭农场,2024-04-17,80,False
816,采购商,河南省,小麦,中型采购商,2020-01-14,4,True
817,采购商,浙江省,杨梅,小型采购商,2020-01-20,20,False
818,采购商,内蒙古自治区,马铃薯,中型采购商,2020-02-28,51,False
819,农户,云南省,花卉,家庭农场,2025-03-09,28,False
820,采购商,四川省,茶叶,大型采购商,2022-07-23,178,False
821,普通消费者,广东省,荔枝,个人,2022-01-13,60,False
822,普通消费者,广东省,香蕉,个人,2021-08-03,27,False
823,普通消费者,安徽省,小麦,个人,2025-08-04,20,False
824,普通消费者,广东省,荔枝,个人,2023-12-09,20,False
825,农户,福建省,食用菌,家庭农场,2020-08-05,20,False
826,农户,四川省,茶叶,小农户,2025-06-13,27,False
827,农技人员,北京市,水果,农技服务站,2023-07-13,179,False
828,普通消费者,四川省,柑橘,个人,2020-07-23,141,False
829,农户,河北省,梨,小农户,2022-07-02,33,False
830,普通消费者,山东省,小麦,个人,2020-08-25,76,False
831,采购商,河南省,小麦,大型采购商,2025-04-10,38,False
832,普通消费者,辽宁省,水稻,个人,2023-02-21,29,False
833,农户,四川省,水稻,家庭农场,2024-04-16,50,False
834,普通消费者,辽宁省,水产,个人,2024-08-01,2,True
835,农户,广西壮族自治区,香蕉,小农户,2025-11-17,20,False
836,采购商,甘肃省,中药材,中型采购商,2021-02-02,37,False
837,农技人员,四川省,蔬菜,农技服务站,2020-04-23,48,False
838,农户,辽宁省,水稻,家庭农场,2020-08-20,20,False
839,采购商,吉林省,玉米,小型采购商,2024-10-08,7,True
840,农技人员,黑龙江省,小麦,农技服务站,2022-02-22,58,False
841,农户,内蒙古自治区,羊肉,家庭农场,2024-03-11,9,True
842,农户,湖南省,茶叶,小农户,2023-04-19,4,True
843,普通消费者,辽宁省,水产,个人,2021-01-16,1,True
844,农户,山东省,小麦,小农户,2023-12-05,39,False
845,采购商,河北省,红枣,小型采购商,2021-10-23,6,True
846,采购商,安徽省,水稻,中型采购商,2022-06-14,8,True
847,农户,青海省,牦牛,家庭农场,2024-09-08,26,False
848,采购商,河南省,小麦,小型采购商,2021-11-28,140,False
849,农技人员,河南省,小麦,农技服务站,2020-11-12,45,False
850,农技人员,江苏省,水果,农技服务站,2020-02-24,18,True
851,农户,贵州省,中药材,小农户,2020-04-24,80,False
852,采购商,湖南省,茶叶,小型采购商,2020-06-08,14,True
853,普通消费者,浙江省,柑橘,个人,2020-08-19,36,False
854,普通消费者,山东省,花生,个人,2021-07-12,37,False
855,采购商,辽宁省,水稻,小型采购商,2021-01-23,26,False
856,农户,山东省,花生,小农户,2021-06-08,157,False
857,农户,黑龙江省,大豆,小农户,2024-04-03,21,False
858,农技人员,新疆维吾尔自治区,哈密瓜,农技服务站,2024-08-27,50,False
859,农户,湖南省,柑橘,小农户,2023-10-08,155,False
860,普通消费者,重庆市,柑橘,个人,2023-01-02,173,False
861,普通消费者,四川省,蔬菜,个人,2023-08-26,21,False
862,普通消费者,湖北省,柑橘,个人,2020-09-25,14,True
863,普通消费者,山东省,小麦,个人,2021-11-03,10,True
864,农户,湖北省,水稻,合作社,2023-03-28,34,False
865,农户,新疆维吾尔自治区,红枣,家庭农场,2020-11-03,26,False
866,采购商,河北省,梨,小型采购商,2022-12-20,42,False
867,普通消费者,贵州省,茶叶,个人,2024-06-24,145,False
868,普通消费者,江西省,水稻,个人,2020-07-12,39,False
869,农户,浙江省,茶叶,小农户,2021-03-11,55,False
870,农户,湖北省,柑橘,家庭农场,2021-06-12,144,False
871,采购商,广东省,荔枝,小型采购商,2023-08-17,25,False
872,农户,陕西省,红枣,小农户,2022-11-23,200,False
873,普通消费者,河南省,蔬菜,个人,2020-02-13,116,False
874,普通消费者,四川省,柑橘,个人,2022-02-23,28,False
875,农户,河南省,小麦,小农户,2025-09-05,20,False
876,农技人员,广西壮族自治区,甘蔗,农技服务站,2022-04-03,8,True
877,普通消费者,河北省,梨,个人,2023-10-11,26,False
878,普通消费者,湖北省,水产,个人,2023-05-19,39,False
879,普通消费者,河南省,花生,个人,2021-08-12,178,False
880,普通消费者,河南省,花生,个人,2023-03-20,171,False
881,农技人员,河南省,玉米,农技服务站,2025-12-22,48,False
882,农户,山东省,小麦,小农户,2023-05-12,20,False
883,采购商,四川省,猕猴桃,大型采购商,2021-06-15,51,False
884,农户,江苏省,水稻,小农户,2023-03-15,99,False
885,农户,广西壮族自治区,芒果,家庭农场,2022-08-10,176,False
886,普通消费者,福建省,柑橘,个人,2024-12-15,65,False
887,农户,湖北省,水稻,小农户,2024-02-10,20,False
888,普通消费者,湖北省,水稻,个人,2022-01-20,40,False
889,采购商,广东省,香蕉,小型采购商,2020-09-28,80,False
890,采购商,山东省,花生,小型采购商,2022-10-20,22,False
891,农户,江西省,油茶,小农户,2023-06-13,20,False
892,农户,浙江省,水产,家庭农场,2020-04-24,174,False
893,普通消费者,黑龙江省,玉米,个人,2021-12-14,20,False
894,农技人员,内蒙古自治区,马铃薯,农技服务站,2021-04-10,69,False
895,普通消费者,青海省,牦牛,个人,2024-07-03,9,True
896,农技人员,福建省,柑橘,农技服务站,2021-03-27,45,False
897,采购商,四川省,猕猴桃,中型采购商,2022-08-18,32,False
898,农户,贵州省,辣椒,小农户,2025-11-16,38,False
899,采购商,江苏省,大闸蟹,小型采购商,2025-11-08,9,True
900,农技人员,宁夏回族自治区,小麦,农技服务站,2025-06-19,20,False
901,农技人员,广东省,蔬菜,农技服务站,2025-02-12,80,False
902,采购商,内蒙古自治区,羊肉,中型采购商,2021-06-15,97,False
903,农户,四川省,猕猴桃,小农户,2022-01-10,35,False
904,采购商,四川省,柑橘,中型采购商,2021-02-20,34,False
905,农技人员,新疆维吾尔自治区,葡萄,农技服务站,2022-11-23,47,False
906,农户,安徽省,小麦,小农户,2024-05-12,42,False
907,农技人员,重庆市,蔬菜,农技服务站,2020-04-05,37,False
908,普通消费者,黑龙江省,水稻,个人,2023-08-03,22,False
909,农户,四川省,猕猴桃,小农户,2022-03-27,41,False
910,普通消费者,河北省,梨,个人,2021-12-10,4,True
911,农户,新疆维吾尔自治区,哈密瓜,家庭农场,2022-03-07,80,False
912,农户,陕西省,苹果,小农户,2023-07-02,64,False
913,农户,江西省,水稻,小农户,2022-01-03,73,False
914,农户,山东省,苹果,合作社,2021-10-07,25,False
915,农户,山东省,小麦,合作社,2022-06-06,179,False
916,采购商,广东省,荔枝,小型采购商,2024-01-17,20,False
917,农户,广东省,荔枝,合作社,2020-04-17,140,False
918,农户,安徽省,蔬菜,家庭农场,2020-03-27,31,False
919,农户,河南省,玉米,小农户,2022-02-15,34,False
920,农户,云南省,咖啡,小农户,2020-02-11,57,False
921,农户,湖北省,莲藕,家庭农场,2023-04-18,20,False
922,普通消费者,湖南省,水稻,个人,2023-11-12,71,False
923,普通消费者,河北省,小麦,个人,2023-08-17,30,False
924,农户,山东省,花生,家庭农场,2020-12-06,7,True
925,农户,安徽省,蔬菜,小农户,2023-12-16,26,False
926,采购商,安徽省,茶叶,中型采购商,2025-07-12,20,False
927,采购商,湖南省,生猪,中型采购商,2021-08-04,20,False
928,农技人员,广东省,龙眼,农技服务站,2020-02-24,3,True
929,农技人员,四川省,柑橘,农技服务站,2023-10-22,49,False
930,农户,辽宁省,苹果,家庭农场,2024-08-26,34,False
931,农户,河北省,梨,小农户,2024-09-01,84,False
932,普通消费者,甘肃省,马铃薯,个人,2023-08-11,136,False
933,农技人员,四川省,蔬菜,农技服务站,2025-05-23,20,False
934,农技人员,江苏省,水果,农技服务站,2023-02-19,20,False
935,采购商,江西省,油茶,小型采购商,2021-09-02,27,False
936,农技人员,宁夏回族自治区,小麦,农技服务站,2025-06-25,121,False
937,农户,安徽省,小麦,家庭农场,2022-12-19,11,True
938,农户,湖南省,茶叶,小农户,2020-11-08,76,False
939,采购商,安徽省,水稻,大型采购商,2020-06-06,11,True
940,农户,江西省,油茶,小农户,2023-05-01,29,False
941,采购商,青海省,青稞,中型采购商,2022-10-04,92,False
942,采购商,河南省,蔬菜,中型采购商,2025-06-06,20,False
943,农户,湖南省,生猪,家庭农场,2020-09-07,29,False
944,农户,西藏自治区,牦牛,家庭农场,2024-12-03,28,False
945,采购商,安徽省,茶叶,小型采购商,2024-08-14,20,False
946,普通消费者,辽宁省,水稻,个人,2024-05-14,32,False
947,农户,湖南省,茶叶,家庭农场,2023-11-25,29,False
948,普通消费者,辽宁省,樱桃,个人,2024-08-07,46,False
949,普通消费者,北京市,水果,个人,2025-09-26,80,False
950,普通消费者,湖南省,水稻,个人,2024-04-12,58,False
951,农户,云南省,咖啡,家庭农场,2023-06-28,88,False
952,采购商,内蒙古自治区,牛奶,中型采购商,2025-03-09,28,False
953,农户,广东省,龙眼,小农户,2021-05-15,20,False
954,普通消费者,湖南省,水稻,个人,2021-03-09,80,False
955,农户,黑龙江省,大豆,家庭农场,2020-12-16,34,False
956,农户,山西省,核桃,家庭农场,2020-07-12,33,False
957,普通消费者,湖南省,柑橘,个人,2021-02-19,32,False
958,普通消费者,河北省,梨,个人,2023-02-08,36,False
959,普通消费者,江苏省,水果,个人,2025-12-08,107,False
960,农户,河南省,花生,小农户,2022-10-02,30,False
961,农户,上海市,水果,小农户,2023-11-08,192,False
962,普通消费者,山东省,花生,个人,2025-06-27,24,False
963,采购商,山西省,小米,中型采购商,2025-01-23,165,False
964,农户,福建省,食用菌,家庭农场,2025-06-26,25,False
965,农技人员,广东省,蔬菜,农技服务站,2023-01-13,197,False
966,农户,山东省,蔬菜,小农户,2021-08-21,32,False
967,普通消费者,辽宁省,苹果,个人,2022-02-27,25,False
968,农技人员,广西壮族自治区,芒果,农技服务站,2025-07-27,23,False
969,农户,广东省,荔枝,小农户,2024-12-27,34,False
970,农户,陕西省,苹果,家庭农场,2021-11-15,29,False
971,农户,湖南省,茶叶,小农户,2020-02-06,70,False
972,采购商,云南省,花卉,中型采购商,2025-07-26,137,False
973,农技人员,广西壮族自治区,芒果,农技服务站,2021-11-19,182,False
974,农户,山东省,小麦,小农户,2023-10-08,1,True
975,普通消费者,辽宁省,樱桃,个人,2020-08-07,20,False
976,普通消费者,四川省,蔬菜,个人,2023-10-09,57,False
977,普通消费者,河南省,小麦,个人,2020-12-17,61,False
978,普通消费者,湖北省,水产,个人,2020-04-23,20,False
979,普通消费者,黑龙江省,玉米,个人,2022-12-16,27,False
980,农技人员,河南省,玉米,农技服务站,2022-12-22,27,False
981,农户,贵州省,茶叶,小农户,2022-04-20,20,False
982,农户,安徽省,蔬菜,小农户,2023-03-28,22,False
983,采购商,陕西省,小麦,中型采购商,2025-10-09,18,True
984,农户,江苏省,大闸蟹,小农户,2022-10-22,156,False
985,采购商,黑龙江省,水稻,小型采购商,2024-07-10,165,False
986,农户,海南省,水产,小农户,2021-05-06,20,False
987,普通消费者,甘肃省,中药材,个人,2020-06-23,79,False
988,农户,山东省,苹果,合作社,2023-05-24,52,False
989,农技人员,山西省,核桃,农技服务站,2024-05-17,62,False
990,普通消费者,江苏省,水果,个人,2021-09-28,161,False
991,普通消费者,四川省,柑橘,个人,2020-04-06,9,True
992,农户,湖北省,水稻,合作社,2023-01-15,47,False
993,采购商,湖北省,水产,小型采购商,2025-03-04,20,False
994,农户,广东省,龙眼,家庭农场,2022-10-22,25,False
995,采购商,宁夏回族自治区,小麦,中型采购商,2021-07-03,42,False
996,农技人员,山东省,小麦,农技服务站,2020-05-22,95,False
997,农户,安徽省,水稻,家庭农场,2021-01-03,20,False
998,采购商,湖北省,莲藕,中型采购商,2020-06-02,47,False
999,普通消费者,江苏省,大闸蟹,个人,2021-01-26,29,False
1000,农户,四川省,水稻,小农户,2024-07-03,27,False
1001,农户,海南省,橡胶,小农户,2021-03-13,47,False
1002,农户,云南省,花卉,小农户,2023-07-24,119,False
1003,普通消费者,安徽省,茶叶,个人,2025-02-27,41,False
1004,农户,湖北省,水产,小农户,2024-10-14,14,True
1005,普通消费者,安徽省,蔬菜,个人,2025-07-03,11,True
1006,普通消费者,江西省,柑橘,个人,2023-09-21,27,False
1007,农户,湖北省,水稻,合作社,2023-05-05,167,False
1008,普通消费者,内蒙古自治区,小麦,个人,2022-10-02,59,False
1009,普通消费者,河北省,红枣,个人,2023-02-15,20,False
1010,采购商,广东省,香蕉,中型采购商,2024-01-04,45,False
1011,农技人员,贵州省,中药材,农技服务站,2020-02-14,118,False
1012,农户,广西壮族自治区,香蕉,家庭农场,2022-06-28,107,False
1013,农户,云南省,咖啡,家庭农场,2020-07-18,13,True
1014,农户,河南省,蔬菜,小农户,2023-11-24,44,False
1015,农技人员,辽宁省,水稻,农技服务站,2025-11-23,28,False
1016,普通消费者,山东省,蔬菜,个人,2020-04-04,169,False
1017,普通消费者,新疆维吾尔自治区,哈密瓜,个人,2023-11-05,38,False
1018,农技人员,辽宁省,樱桃,农技服务站,2020-05-25,20,False
1019,农技人员,四川省,柑橘,农技服务站,2021-12-23,52,False
1020,农技人员,四川省,茶叶,农技服务站,2024-04-07,30,False
1021,普通消费者,浙江省,杨梅,个人,2020-02-21,135,False
1022,普通消费者,内蒙古自治区,牛奶,个人,2020-08-13,25,False
1023,采购商,安徽省,蔬菜,小型采购商,2020-09-01,55,False
1024,农户,四川省,茶叶,家庭农场,2020-08-20,124,False
1025,农技人员,湖南省,柑橘,农技服务站,2022-12-07,23,False
1026,农技人员,河北省,梨,农技服务站,2024-12-22,20,False
1027,普通消费者,广西壮族自治区,香蕉,个人,2023-11-21,20,False
1028,普通消费者,黑龙江省,大豆,个人,2024-04-10,44,False
1029,农户,湖北省,柑橘,小农户,2024-08-04,20,False
1030,普通消费者,河北省,玉米,个人,2021-09-02,125,False
1031,普通消费者,浙江省,柑橘,个人,2021-09-02,123,False
1032,农技人员,安徽省,水稻,农技服务站,2024-04-16,79,False
1033,农户,浙江省,茶叶,家庭农场,2024-05-05,191,False
1034,农技人员,江西省,水稻,农技服务站,2023-08-27,20,False
1035,普通消费者,贵州省,茶叶,个人,2024-01-17,77,False
1036,采购商,新疆维吾尔自治区,葡萄,小型采购商,2022-12-15,36,False
1037,农技人员,新疆维吾尔自治区,哈密瓜,农技服务站,2025-06-11,95,False
1038,普通消费者,湖南省,生猪,个人,2020-04-27,123,False
1039,农户,河南省,花生,小农户,2023-06-21,31,False
1040,农户,云南省,水果,家庭农场,2021-07-14,194,False
1041,农技人员,内蒙古自治区,牛奶,农技服务站,2020-08-05,25,False
1042,采购商,河北省,小麦,小型采购商,2022-07-25,40,False
1043,农户,云南省,花卉,合作社,2020-11-23,32,False
1044,普通消费者,宁夏回族自治区,马铃薯,个人,2023-11-23,57,False
1045,农户,广西壮族自治区,芒果,小农户,2022-09-20,169,False
1046,农技人员,辽宁省,水产,农技服务站,2025-06-26,35,False
1047,农技人员,河南省,花生,农技服务站,2020-01-18,35,False
1048,采购商,广西壮族自治区,柑橘,中型采购商,2024-05-07,18,True
1049,农户,江苏省,大闸蟹,小农户,2024-10-09,27,False
1050,普通消费者,广西壮族自治区,甘蔗,个人,2025-01-27,32,False
1051,采购商,浙江省,茶叶,中型采购商,2020-08-10,38,False
1052,农户,江苏省,大闸蟹,家庭农场,2024-10-23,160,False
1053,采购商,内蒙古自治区,羊肉,小型采购商,2022-11-26,153,False
1054,采购商,陕西省,猕猴桃,小型采购商,2024-10-07,126,False
1055,农技人员,山东省,花生,农技服务站,2023-02-03,5,True
1056,农技人员,湖北省,莲藕,农技服务站,2025-09-13,20,False
1057,农技人员,湖南省,茶叶,农技服务站,2024-08-21,20,False
1058,农技人员,重庆市,生猪,农技服务站,2025-07-27,48,False
1059,农技人员,湖北省,水产,农技服务站,2021-12-17,95,False
1060,采购商,湖北省,水稻,中型采购商,2024-06-04,36,False
1061,农技人员,山东省,小麦,农技服务站,2020-09-05,30,False
1062,农户,浙江省,杨梅,小农户,2021-03-26,33,False
1063,农户,山西省,核桃,小农户,2025-08-01,39,False
1064,农户,新疆维吾尔自治区,红枣,小农户,2022-10-15,180,False
1065,农户,内蒙古自治区,羊肉,家庭农场,2024-11-15,25,False
1066,采购商,河南省,花生,小型采购商,2024-11-20,22,False
1067,农户,湖南省,水稻,合作社,2023-12-09,36,False
1068,普通消费者,陕西省,红枣,个人,2024-11-04,20,False
1069,农户,天津市,水果,小农户,2020-10-17,40,False
1070,农技人员,山西省,小米,农技服务站,2025-09-06,115,False
1071,普通消费者,广东省,蔬菜,个人,2020-09-20,20,False
1072,采购商,河北省,小麦,小型采购商,2021-07-01,120,False
1073,农户,山东省,苹果,小农户,2022-03-06,55,False
1074,农户,江苏省,水果,家庭农场,2020-10-11,41,False
1075,采购商,江苏省,水稻,小型采购商,2023-06-09,37,False
1076,普通消费者,山东省,蔬菜,个人,2021-10-19,54,False
1077,农技人员,河北省,小麦,农技服务站,2022-01-11,76,False
1078,农技人员,湖北省,水产,农技服务站,2025-04-01,54,False
1079,普通消费者,江西省,柑橘,个人,2024-11-26,20,False
1080,采购商,湖北省,柑橘,中型采购商,2021-06-18,180,False
1081,农户,天津市,水果,小农户,2020-08-27,20,False
1082,采购商,河南省,小麦,大型采购商,2023-05-20,24,False
1083,采购商,西藏自治区,中药材,小型采购商,2024-05-02,33,False
1084,农技人员,四川省,水稻,农技服务站,2023-12-04,172,False
1085,采购商,广东省,蔬菜,小型采购商,2024-06-22,161,False
1086,农户,云南省,水果,小农户,2025-06-11,42,False
1087,普通消费者,江苏省,大闸蟹,个人,2025-01-20,23,False
1088,普通消费者,江西省,油茶,个人,2024-12-23,36,False
1089,农户,山东省,苹果,小农户,2025-08-22,22,False
1090,普通消费者,浙江省,杨梅,个人,2023-03-27,24,False
1091,采购商,四川省,茶叶,小型采购商,2021-08-01,20,False
1092,农户,广东省,香蕉,小农户,2024-11-10,108,False
1093,农户,河北省,梨,小农户,2023-12-23,20,False
1094,农户,青海省,油菜,小农户,2022-10-17,20,False
1095,采购商,江西省,柑橘,小型采购商,2021-12-03,20,False
1096,普通消费者,新疆维吾尔自治区,葡萄,个人,2021-11-01,168,False
1097,采购商,安徽省,蔬菜,小型采购商,2023-11-22,86,False
1098,普通消费者,江苏省,水果,个人,2022-02-22,56,False
1099,农技人员,河北省,小麦,农技服务站,2025-04-02,20,False
1100,农技人员,湖北省,水稻,农技服务站,2023-04-11,19,True
1101,普通消费者,西藏自治区,青稞,个人,2025-07-03,105,False
1102,农户,江苏省,水稻,小农户,2023-01-19,80,False
1103,普通消费者,内蒙古自治区,羊肉,个人,2020-08-08,186,False
1104,农户,江苏省,大闸蟹,合作社,2024-10-15,42,False
1105,采购商,安徽省,水稻,大型采购商,2020-07-11,168,False
1106,农户,山东省,花生,小农户,2024-11-14,2,True
1107,采购商,江苏省,水果,小型采购商,2024-07-08,180,False
1108,采购商,四川省,茶叶,小型采购商,2023-10-20,36,False
1109,采购商,江西省,水稻,小型采购商,2022-10-07,21,False
1110,农户,陕西省,猕猴桃,合作社,2021-11-17,47,False
1111,农技人员,广西壮族自治区,香蕉,农技服务站,2021-04-05,24,False
1112,农户,江苏省,水果,小农户,2025-06-10,35,False
1113,农技人员,山东省,花生,农技服务站,2022-10-11,80,False
1114,普通消费者,河北省,玉米,个人,2020-04-17,151,False
1115,普通消费者,湖南省,柑橘,个人,2021-11-07,31,False
1116,农户,江西省,油茶,小农户,2022-10-19,158,False
1117,农户,江苏省,水稻,小农户,2020-08-08,161,False
1118,农户,广东省,龙眼,小农户,2025-06-26,58,False
1119,农户,河南省,小麦,小农户,2020-06-01,23,False
1120,农户,湖南省,茶叶,小农户,2020-04-07,32,False
1121,农户,广东省,龙眼,小农户,2024-04-06,80,False
1122,农户,广东省,荔枝,小农户,2025-03-13,24,False
1123,普通消费者,江苏省,大闸蟹,个人,2022-08-08,80,False
1124,农户,河南省,蔬菜,家庭农场,2020-02-05,96,False
1125,普通消费者,河南省,蔬菜,个人,2025-06-11,47,False
1126,普通消费者,广东省,荔枝,个人,2024-10-07,117,False
1127,普通消费者,江苏省,水稻,个人,2025-05-28,24,False
1128,农技人员,安徽省,蔬菜,农技服务站,2021-12-03,45,False
1129,普通消费者,安徽省,小麦,个人,2024-07-25,176,False
1130,农技人员,河北省,红枣,农技服务站,2021-06-23,53,False
1131,采购商,陕西省,小麦,小型采购商,2024-07-21,154,False
1132,采购商,河南省,玉米,小型采购商,2021-07-07,45,False
1133,普通消费者,福建省,食用菌,个人,2022-09-03,20,False
1134,农户,湖北省,莲藕,小农户,2020-08-17,23,False
1135,农技人员,湖北省,水产,农技服务站,2022-08-11,29,False
1136,农户,湖北省,莲藕,家庭农场,2022-02-10,145,False
1137,农技人员,四川省,猕猴桃,农技服务站,2021-02-04,2,True
1138,农技人员,江苏省,蔬菜,农技服务站,2022-05-24,167,False
1139,普通消费者,河南省,玉米,个人,2025-12-18,81,False
1140,普通消费者,广东省,香蕉,个人,2023-07-27,31,False
1141,采购商,湖北省,柑橘,大型采购商,2021-04-24,45,False
1142,农技人员,河北省,红枣,农技服务站,2025-08-11,36,False
1143,农户,河南省,蔬菜,小农户,2023-09-01,20,False
1144,采购商,山东省,苹果,小型采购商,2025-06-11,40,False
1145,农技人员,云南省,咖啡,农技服务站,2022-10-01,44,False
1146,农户,山东省,小麦,小农户,2024-10-19,128,False
1147,农户,浙江省,水产,小农户,2020-06-19,161,False
1148,普通消费者,山东省,苹果,个人,2025-09-06,20,False
1149,农技人员,河南省,小麦,农技服务站,2023-05-07,43,False
1150,采购商,四川省,水稻,小型采购商,2020-03-11,132,False
1151,农户,青海省,牦牛,小农户,2023-12-03,56,False
1152,普通消费者,河南省,玉米,个人,2022-07-27,50,False
1153,农技人员,安徽省,茶叶,农技服务站,2024-04-17,41,False
1154,农技人员,河南省,玉米,农技服务站,2023-02-27,31,False
1155,普通消费者,河北省,红枣,个人,2023-08-19,3,True
1156,农户,甘肃省,小麦,小农户,2025-05-13,20,False
1157,普通消费者,河南省,玉米,个人,2021-10-24,41,False
1158,农户,江西省,水稻,小农户,2020-04-28,36,False
1159,普通消费者,河北省,小麦,个人,2025-12-24,196,False
1160,农技人员,西藏自治区,中药材,农技服务站,2020-06-03,37,False
1161,农技人员,贵州省,中药材,农技服务站,2023-03-09,20,False
1162,农户,四川省,茶叶,小农户,2025-07-28,20,False
1163,农户,广东省,龙眼,小农户,2025-08-16,56,False
1164,农户,江西省,油茶,小农户,2022-03-06,157,False
1165,农户,江苏省,水果,小农户,2025-01-22,32,False
1166,农技人员,河南省,小麦,农技服务站,2025-09-07,46,False
1167,农户,辽宁省,苹果,小农户,2022-08-02,33,False
1168,农户,浙江省,柑橘,合作社,2022-04-07,14,True
1169,农户,四川省,柑橘,家庭农场,2020-04-04,33,False
1170,普通消费者,河南省,玉米,个人,2020-07-17,52,False
1171,农户,福建省,柑橘,家庭农场,2024-07-14,25,False
1172,农户,浙江省,柑橘,小农户,2025-06-01,34,False
1173,农技人员,四川省,猕猴桃,农技服务站,2025-10-12,7,True
1174,农技人员,云南省,水果,农技服务站,2020-12-18,26,False
1175,普通消费者,福建省,食用菌,个人,2020-10-11,169,False
1176,农户,重庆市,蔬菜,小农户,2025-12-11,165,False
1177,农技人员,江苏省,水果,农技服务站,2023-09-21,26,False
1178,农技人员,陕西省,苹果,农技服务站,2021-01-20,28,False
1179,农户,广东省,蔬菜,家庭农场,2024-02-02,37,False
1180,农技人员,河南省,蔬菜,农技服务站,2021-11-02,26,False
1181,采购商,青海省,青稞,中型采购商,2022-03-09,62,False
1182,普通消费者,四川省,茶叶,个人,2025-05-25,11,True
1183,农户,河南省,小麦,合作社,2025-04-26,21,False
1184,采购商,安徽省,蔬菜,中型采购商,2021-08-21,16,True
1185,农户,河南省,玉米,合作社,2021-02-06,30,False
1186,普通消费者,北京市,蔬菜,个人,2024-02-14,26,False
1187,农户,广西壮族自治区,柑橘,小农户,2024-04-10,68,False
1188,农技人员,辽宁省,水稻,农技服务站,2023-02-12,36,False
1189,农户,湖北省,水产,家庭农场,2023-01-25,55,False
1190,普通消费者,云南省,咖啡,个人,2024-09-05,20,False
1191,农户,浙江省,杨梅,小农户,2023-09-20,37,False
1192,农户,陕西省,猕猴桃,小农户,2021-01-01,173,False
1193,采购商,河北省,红枣,大型采购商,2025-06-13,51,False
1194,采购商,安徽省,蔬菜,大型采购商,2020-07-19,34,False
1195,普通消费者,天津市,水果,个人,2022-09-23,56,False
1196,采购商,陕西省,小麦,大型采购商,2025-04-08,25,False
1197,普通消费者,浙江省,茶叶,个人,2025-11-21,66,False
1198,采购商,上海市,蔬菜,小型采购商,2024-10-22,81,False
1199,农户,山东省,花生,小农户,2024-02-17,192,False
1200,农技人员,吉林省,大豆,农技服务站,2025-05-17,164,False
1201,普通消费者,安徽省,蔬菜,个人,2025-02-04,80,False
1202,普通消费者,浙江省,柑橘,个人,2022-12-07,130,False
1203,采购商,四川省,柑橘,中型采购商,2020-02-03,27,False
1204,农技人员,湖南省,茶叶,农技服务站,2025-07-06,26,False
1205,农户,山东省,花生,小农户,2020-08-19,103,False
1206,农户,云南省,花卉,小农户,2023-08-21,93,False
1207,普通消费者,河南省,花生,个人,2020-07-04,68,False
1208,农户,安徽省,蔬菜,小农户,2020-01-02,72,False
1209,普通消费者,江西省,水稻,个人,2020-04-17,25,False
1210,农户,河北省,梨,合作社,2023-06-20,26,False
1211,农户,甘肃省,苹果,家庭农场,2022-11-13,28,False
1212,农户,浙江省,杨梅,家庭农场,2020-08-28,20,False
1213,采购商,甘肃省,中药材,小型采购商,2020-09-09,176,False
1214,普通消费者,浙江省,水产,个人,2024-07-22,20,False
1215,普通消费者,天津市,水产,个人,2020-11-12,183,False
1216,采购商,江西省,柑橘,中型采购商,2023-12-20,20,False
1217,农户,北京市,水果,合作社,2025-02-24,22,False
1218,采购商,陕西省,苹果,小型采购商,2020-05-27,32,False
1219,农技人员,甘肃省,中药材,农技服务站,2023-02-16,37,False
1220,农户,河南省,小麦,小农户,2025-01-06,121,False
1221,普通消费者,云南省,花卉,个人,2025-05-22,71,False
1222,普通消费者,山东省,蔬菜,个人,2024-11-24,20,False
1223,普通消费者,江苏省,大闸蟹,个人,2024-10-03,54,False
1224,农户,广西壮族自治区,香蕉,家庭农场,2024-07-26,29,False
1225,农户,江苏省,水稻,小农户,2025-10-07,32,False
1226,农户,浙江省,杨梅,合作社,2024-12-01,46,False
1227,采购商,河南省,蔬菜,大型采购商,2022-06-26,20,False
1228,普通消费者,河北省,玉米,个人,2020-07-01,40,False
1229,农技人员,山东省,小麦,农技服务站,2021-08-22,35,False
1230,采购商,山东省,苹果,中型采购商,2022-09-23,42,False
1231,普通消费者,陕西省,小麦,个人,2025-04-16,38,False
1232,普通消费者,四川省,猕猴桃,个人,2021-12-07,199,False
1233,普通消费者,陕西省,苹果,个人,2021-08-24,80,False
1234,普通消费者,江西省,柑橘,个人,2020-09-13,24,False
1235,采购商,西藏自治区,牦牛,小型采购商,2024-12-10,25,False
1236,普通消费者,陕西省,小麦,个人,2020-03-11,24,False
1237,采购商,黑龙江省,玉米,小型采购商,2021-10-05,25,False
1238,农技人员,山西省,红枣,农技服务站,2021-12-07,24,False
1239,农户,广西壮族自治区,甘蔗,家庭农场,2021-07-14,60,False
1240,农户,四川省,猕猴桃,合作社,2021-01-04,163,False
1241,农户,湖南省,柑橘,家庭农场,2023-04-02,67,False
1242,农户,江苏省,大闸蟹,家庭农场,2023-12-26,24,False
1243,农户,湖北省,水产,小农户,2025-08-12,4,True
1244,农户,湖北省,柑橘,小农户,2024-10-16,21,False
1245,采购商,黑龙江省,大豆,小型采购商,2025-12-14,41,False
1246,农户,江苏省,大闸蟹,小农户,2025-01-13,25,False
1247,农技人员,黑龙江省,小麦,农技服务站,2020-09-27,45,False
1248,采购商,贵州省,茶叶,中型采购商,2021-11-04,36,False
1249,采购商,河南省,蔬菜,中型采购商,2020-01-05,20,False
1250,采购商,山东省,小麦,大型采购商,2020-02-04,71,False
1251,农户,福建省,水产,合作社,2025-01-08,80,False
1252,普通消费者,河北省,梨,个人,2025-09-15,24,False
1253,农技人员,江苏省,蔬菜,农技服务站,2024-09-17,27,False
1254,农户,吉林省,水稻,小农户,2021-05-28,97,False
1255,采购商,广东省,香蕉,小型采购商,2025-10-14,9,True
1256,农户,辽宁省,樱桃,小农户,2020-05-22,38,False
1257,采购商,河北省,小麦,中型采购商,2022-11-23,39,False
1258,采购商,福建省,柑橘,小型采购商,2021-06-26,46,False
1259,农户,安徽省,水稻,小农户,2024-02-22,80,False
1260,农户,辽宁省,水稻,合作社,2022-03-28,30,False
1261,农户,山东省,蔬菜,小农户,2020-02-06,22,False
1262,普通消费者,安徽省,蔬菜,个人,2020-09-12,20,False
1263,普通消费者,福建省,茶叶,个人,2020-03-11,129,False
1264,农户,黑龙江省,小麦,小农户,2021-05-01,22,False
1265,采购商,江西省,柑橘,小型采购商,2025-05-02,161,False
1266,普通消费者,陕西省,猕猴桃,个人,2025-10-14,32,False
1267,农户,青海省,青稞,小农户,2022-07-17,192,False
1268,普通消费者,广东省,荔枝,个人,2022-07-25,80,False
1269,农户,山东省,蔬菜,合作社,2021-10-02,10,True
1270,采购商,河北省,小麦,大型采购商,2023-11-17,97,False
1271,农技人员,河北省,小麦,农技服务站,2023-01-20,25,False
1272,普通消费者,四川省,茶叶,个人,2025-09-24,37,False
1273,普通消费者,江西省,水稻,个人,2024-08-06,32,False
1274,普通消费者,河北省,玉米,个人,2021-02-12,145,False
1275,农户,四川省,茶叶,小农户,2022-02-11,111,False
1276,普通消费者,内蒙古自治区,马铃薯,个人,2022-05-16,59,False
1277,农户,广西壮族自治区,香蕉,小农户,2022-11-17,84,False
1278,普通消费者,山西省,小麦,个人,2020-06-01,80,False
1279,农户,浙江省,茶叶,小农户,2025-03-13,25,False
1280,农户,河北省,小麦,小农户,2021-07-04,80,False
1281,农户,辽宁省,樱桃,小农户,2022-05-12,25,False
1282,农户,黑龙江省,水稻,合作社,2025-08-06,55,False
1283,采购商,四川省,柑橘,小型采购商,2022-01-05,46,False
1284,采购商,山西省,红枣,中型采购商,2023-11-09,80,False
1285,农技人员,河北省,玉米,农技服务站,2022-07-17,44,False
1286,采购商,吉林省,水稻,小型采购商,2020-01-05,27,False
1287,农技人员,云南省,花卉,农技服务站,2020-11-27,44,False
1288,普通消费者,广西壮族自治区,香蕉,个人,2023-05-10,57,False
1289,普通消费者,广东省,龙眼,个人,2025-09-06,49,False
1290,普通消费者,新疆维吾尔自治区,哈密瓜,个人,2025-07-07,42,False
1291,普通消费者,山东省,蔬菜,个人,2021-10-21,56,False
1292,农户,山东省,苹果,小农户,2021-03-14,7,True
1293,农户,四川省,茶叶,小农户,2025-11-08,59,False
1294,农技人员,四川省,茶叶,农技服务站,2025-01-10,66,False
1295,农户,上海市,水产,小农户,2022-01-06,2,True
1296,采购商,江苏省,蔬菜,小型采购商,2024-02-14,45,False
1297,普通消费者,浙江省,杨梅,个人,2020-02-22,18,True
1298,普通消费者,山东省,小麦,个人,2025-06-24,30,False
1299,农技人员,浙江省,杨梅,农技服务站,2021-10-13,4,True
1300,农户,广西壮族自治区,甘蔗,小农户,2025-04-07,35,False
1301,普通消费者,四川省,蔬菜,个人,2024-06-10,60,False
1302,普通消费者,河南省,玉米,个人,2020-03-07,22,False
1303,采购商,甘肃省,苹果,大型采购商,2023-11-23,39,False
1304,农技人员,湖北省,水稻,农技服务站,2021-10-09,27,False
1305,农户,四川省,蔬菜,小农户,2025-04-24,143,False
1306,采购商,新疆维吾尔自治区,棉花,小型采购商,2024-07-18,33,False
1307,农技人员,广东省,龙眼,农技服务站,2020-03-19,62,False
1308,采购商,甘肃省,小麦,中型采购商,2025-09-09,36,False
1309,农户,陕西省,苹果,小农户,2020-09-08,33,False
1310,采购商,上海市,水果,大型采购商,2022-01-21,185,False
1311,农户,山东省,小麦,家庭农场,2022-06-03,193,False
1312,农技人员,广西壮族自治区,香蕉,农技服务站,2024-05-11,160,False
1313,普通消费者,吉林省,水稻,个人,2025-05-06,20,False
1314,农户,江西省,水稻,家庭农场,2025-07-21,48,False
1315,采购商,安徽省,小麦,中型采购商,2021-06-09,45,False
1316,采购商,新疆维吾尔自治区,红枣,小型采购商,2021-12-24,80,False
1317,农户,湖北省,水产,小农户,2021-03-07,28,False
1318,普通消费者,河南省,花生,个人,2020-05-06,184,False
1319,农户,安徽省,水稻,小农户,2023-04-15,131,False
1320,农户,河北省,小麦,家庭农场,2023-07-01,36,False
1321,农户,吉林省,玉米,小农户,2020-05-05,156,False
1322,农户,海南省,热带水果,小农户,2022-12-03,37,False
1323,农技人员,福建省,水产,农技服务站,2021-05-11,72,False
1324,农户,福建省,食用菌,家庭农场,2020-01-27,18,True
1325,农户,河北省,红枣,小农户,2021-01-08,31,False
1326,农户,辽宁省,樱桃,合作社,2025-07-22,185,False
1327,普通消费者,河北省,小麦,个人,2021-02-10,38,False
1328,采购商,山东省,苹果,大型采购商,2024-03-06,44,False
1329,农户,河南省,蔬菜,小农户,2025-11-10,36,False
1330,农户,甘肃省,苹果,合作社,2025-06-09,171,False
1331,普通消费者,贵州省,辣椒,个人,2025-03-11,26,False
1332,农技人员,黑龙江省,小麦,农技服务站,2020-02-19,36,False
1333,采购商,山东省,小麦,大型采购商,2021-07-12,56,False
1334,农技人员,陕西省,小麦,农技服务站,2024-11-11,20,False
1335,普通消费者,重庆市,生猪,个人,2023-09-16,35,False
1336,农技人员,河北省,玉米,农技服务站,2023-02-19,23,False
1337,农技人员,贵州省,辣椒,农技服务站,2025-02-08,60,False
1338,农户,内蒙古自治区,牛奶,小农户,2021-02-02,126,False
1339,普通消费者,新疆维吾尔自治区,哈密瓜,个人,2022-08-05,150,False
1340,普通消费者,重庆市,蔬菜,个人,2021-04-02,20,False
1341,农户,陕西省,猕猴桃,小农户,2020-12-14,25,False
1342,采购商,江西省,水稻,小型采购商,2024-03-01,39,False
1343,农户,广东省,荔枝,小农户,2023-03-25,72,False
1344,采购商,云南省,咖啡,小型采购商,2025-06-15,32,False
1345,采购商,江苏省,大闸蟹,小型采购商,2025-01-20,25,False
1346,农技人员,四川省,茶叶,农技服务站,2025-08-18,80,False
1347,农户,福建省,食用菌,家庭农场,2023-03-09,146,False
1348,农户,天津市,水果,小农户,2024-01-08,20,False
1349,普通消费者,宁夏回族自治区,小麦,个人,2020-12-15,20,False
1350,采购商,湖南省,生猪,小型采购商,2022-11-14,41,False
1351,农户,四川省,蔬菜,家庭农场,2022-01-08,25,False
1352,农技人员,四川省,蔬菜,农技服务站,2020-05-07,20,False
1353,采购商,四川省,猕猴桃,小型采购商,2024-10-02,47,False
1354,普通消费者,四川省,猕猴桃,个人,2020-05-01,176,False
1355,农户,湖南省,柑橘,小农户,2023-12-12,169,False
1356,采购商,江苏省,水稻,中型采购商,2021-01-19,37,False
1357,农技人员,新疆维吾尔自治区,棉花,农技服务站,2022-03-05,24,False
1358,农户,辽宁省,樱桃,家庭农场,2025-11-05,20,False
1359,农户,海南省,水产,合作社,2024-11-17,123,False
1360,农技人员,山东省,小麦,农技服务站,2022-10-28,85,False
1361,普通消费者,云南省,水果,个人,2021-04-20,51,False
1362,普通消费者,福建省,水产,个人,2020-01-05,45,False
1363,农户,新疆维吾尔自治区,棉花,小农户,2023-06-06,100,False
1364,农户,福建省,食用菌,小农户,2021-12-25,31,False
1365,普通消费者,宁夏回族自治区,马铃薯,个人,2025-03-04,142,False
1366,农户,新疆维吾尔自治区,红枣,小农户,2024-11-05,80,False
1367,农技人员,辽宁省,水稻,农技服务站,2022-02-22,20,False
1368,农技人员,甘肃省,马铃薯,农技服务站,2024-11-02,20,False
1369,农户,吉林省,玉米,小农户,2020-05-13,23,False
1370,农户,四川省,茶叶,家庭农场,2025-02-12,32,False
1371,采购商,山西省,小麦,小型采购商,2021-12-04,198,False
1372,农户,湖南省,生猪,小农户,2022-06-20,37,False
1373,采购商,湖北省,莲藕,小型采购商,2024-03-16,29,False
1374,农户,福建省,水产,小农户,2022-07-16,39,False
1375,农户,四川省,茶叶,小农户,2025-03-03,20,False
1376,农户,山东省,花生,家庭农场,2024-04-22,103,False
1377,普通消费者,山东省,花生,个人,2022-05-06,68,False
1378,普通消费者,湖北省,柑橘,个人,2025-07-12,153,False
1379,农户,四川省,蔬菜,小农户,2025-11-19,31,False
1380,农户,青海省,油菜,家庭农场,2025-12-11,15,True
1381,普通消费者,河北省,梨,个人,2020-11-14,57,False
1382,采购商,青海省,牦牛,中型采购商,2025-10-04,7,True
1383,农技人员,福建省,柑橘,农技服务站,2024-07-07,39,False
1384,普通消费者,宁夏回族自治区,小麦,个人,2020-06-27,41,False
1385,农户,江苏省,水稻,家庭农场,2025-08-14,44,False
1386,农户,福建省,食用菌,小农户,2021-08-14,41,False
1387,采购商,河南省,蔬菜,小型采购商,2025-12-22,45,False
1388,农户,辽宁省,苹果,合作社,2020-02-21,14,True
1389,农户,云南省,茶叶,家庭农场,2024-10-26,10,True
1390,普通消费者,河南省,蔬菜,个人,2024-07-04,64,False
1391,农技人员,山东省,花生,农技服务站,2023-11-23,36,False
1392,农户,北京市,蔬菜,小农户,2022-11-09,47,False
1393,普通消费者,山西省,红枣,个人,2020-07-02,5,True
1394,普通消费者,内蒙古自治区,牛奶,个人,2022-03-19,110,False
1395,采购商,浙江省,水产,中型采购商,2024-07-05,129,False
1396,普通消费者,河南省,花生,个人,2024-03-14,31,False
1397,采购商,山东省,苹果,中型采购商,2023-11-09,100,False
1398,普通消费者,河南省,小麦,个人,2020-07-01,68,False
1399,采购商,四川省,蔬菜,大型采购商,2020-10-13,5,True
1400,普通消费者,辽宁省,水稻,个人,2021-04-21,118,False
1401,农户,内蒙古自治区,小麦,家庭农场,2025-01-09,5,True
1402,采购商,辽宁省,苹果,小型采购商,2024-02-04,23,False
1403,农户,河南省,小麦,小农户,2022-04-13,80,False
1404,普通消费者,湖南省,生猪,个人,2025-02-07,32,False
1405,农户,江苏省,水果,家庭农场,2021-05-01,164,False
1406,采购商,安徽省,水稻,小型采购商,2022-06-16,156,False
1407,农技人员,河南省,花生,农技服务站,2020-04-20,1,True
1408,农技人员,云南省,花卉,农技服务站,2022-02-07,5,True
1409,农户,广西壮族自治区,柑橘,小农户,2023-04-03,20,False
1410,采购商,江苏省,水果,小型采购商,2023-04-09,35,False
1411,采购商,甘肃省,苹果,大型采购商,2020-10-26,23,False
1412,农户,贵州省,中药材,小农户,2023-07-20,50,False
1413,普通消费者,辽宁省,水产,个人,2023-04-19,23,False
1414,普通消费者,吉林省,人参,个人,2021-01-17,26,False
1415,农技人员,安徽省,茶叶,农技服务站,2023-01-04,20,False
1416,农户,贵州省,猕猴桃,小农户,2021-11-12,26,False
1417,普通消费者,山东省,小麦,个人,2025-01-23,20,False
1418,农技人员,黑龙江省,大豆,农技服务站,2024-02-13,20,False
1419,农户,广东省,香蕉,家庭农场,2025-02-19,133,False
1420,采购商,湖南省,茶叶,小型采购商,2020-08-16,9,True
1421,农技人员,山东省,蔬菜,农技服务站,2024-06-19,48,False
1422,采购商,江苏省,水稻,大型采购商,2022-03-27,84,False
1423,普通消费者,重庆市,柑橘,个人,2022-11-01,4,True
1424,普通消费者,湖南省,茶叶,个人,2022-06-25,49,False
1425,农户,贵州省,中药材,家庭农场,2023-05-23,143,False
1426,普通消费者,海南省,热带水果,个人,2022-10-04,2,True
1427,普通消费者,山东省,小麦,个人,2025-12-14,40,False
1428,农户,广西壮族自治区,芒果,家庭农场,2024-01-23,113,False
1429,普通消费者,四川省,水稻,个人,2022-02-09,20,False
1430,采购商,黑龙江省,玉米,中型采购商,2021-10-15,32,False
1431,农户,河南省,蔬菜,家庭农场,2025-02-17,33,False
1432,采购商,江西省,茶叶,小型采购商,2025-08-08,10,True
1433,采购商,浙江省,柑橘,中型采购商,2025-04-23,16,True
1434,农户,四川省,柑橘,小农户,2023-04-16,20,False
1435,农户,安徽省,茶叶,家庭农场,2022-12-15,70,False
1436,普通消费者,山东省,蔬菜,个人,2021-06-13,191,False
1437,采购商,河南省,蔬菜,小型采购商,2022-07-06,51,False
1438,普通消费者,福建省,茶叶,个人,2021-08-04,29,False
1439,农户,山西省,红枣,小农户,2023-11-17,33,False
1440,农户,重庆市,柑橘,小农户,2021-03-13,36,False
1441,农技人员,四川省,猕猴桃,农技服务站,2022-02-02,20,False
1442,采购商,湖南省,茶叶,小型采购商,2021-10-09,29,False
1443,农技人员,湖南省,水稻,农技服务站,2025-04-04,23,False
1444,农户,四川省,猕猴桃,小农户,2024-02-09,20,False
1445,采购商,广西壮族自治区,香蕉,小型采购商,2021-12-27,114,False
1446,农技人员,河南省,玉米,农技服务站,2022-11-10,28,False
1447,农户,四川省,柑橘,小农户,2025-10-16,80,False
1448,普通消费者,陕西省,猕猴桃,个人,2022-11-03,45,False
1449,农户,湖北省,水稻,家庭农场,2023-06-01,24,False
1450,农户,四川省,水稻,小农户,2023-10-01,44,False
1451,农户,山东省,苹果,小农户,2022-04-17,66,False
1452,普通消费者,贵州省,茶叶,个人,2022-12-11,52,False
1453,采购商,青海省,青稞,中型采购商,2022-06-15,12,True
1454,农户,江苏省,水果,小农户,2025-09-24,34,False
1455,农户,湖南省,柑橘,家庭农场,2021-06-16,19,True
1456,采购商,宁夏回族自治区,马铃薯,小型采购商,2020-04-13,23,False
1457,普通消费者,甘肃省,小麦,个人,2024-03-09,124,False
1458,普通消费者,浙江省,水产,个人,2022-05-07,17,True
1459,采购商,内蒙古自治区,马铃薯,小型采购商,2023-10-26,46,False
1460,农户,海南省,橡胶,合作社,2021-08-22,40,False
1461,普通消费者,辽宁省,樱桃,个人,2022-08-10,10,True
1462,农户,四川省,猕猴桃,家庭农场,2020-01-16,51,False
1463,农技人员,江西省,水稻,农技服务站,2020-05-05,45,False
1464,农户,新疆维吾尔自治区,哈密瓜,合作社,2025-05-05,105,False
1465,农技人员,重庆市,茶叶,农技服务站,2021-01-16,111,False
1466,普通消费者,辽宁省,水产,个人,2023-02-09,156,False
1467,农户,福建省,食用菌,家庭农场,2021-11-25,55,False
1468,农户,福建省,食用菌,小农户,2022-10-21,25,False
1469,农户,贵州省,中药材,小农户,2024-08-23,63,False
1470,普通消费者,陕西省,小麦,个人,2022-07-15,36,False
1471,农技人员,四川省,蔬菜,农技服务站,2020-07-03,80,False
1472,采购商,江苏省,大闸蟹,中型采购商,2022-03-20,23,False
1473,采购商,江苏省,水果,小型采购商,2025-01-15,191,False
1474,农技人员,内蒙古自治区,马铃薯,农技服务站,2020-05-27,93,False
1475,农户,山东省,小麦,小农户,2025-06-28,19,True
1476,采购商,广西壮族自治区,甘蔗,中型采购商,2024-03-18,78,False
1477,农技人员,广东省,龙眼,农技服务站,2022-11-10,36,False
1478,普通消费者,黑龙江省,大豆,个人,2020-02-01,23,False
1479,普通消费者,河北省,玉米,个人,2021-02-16,17,True
1480,农技人员,四川省,水稻,农技服务站,2022-07-16,184,False
1481,农户,内蒙古自治区,牛奶,家庭农场,2025-08-28,25,False
1482,农户,山东省,苹果,小农户,2025-11-08,28,False
1483,采购商,福建省,水产,小型采购商,2022-11-04,143,False
1484,农户,广东省,蔬菜,家庭农场,2020-08-14,98,False
1485,农户,湖北省,水产,小农户,2022-01-21,40,False
1486,采购商,湖北省,莲藕,大型采购商,2023-12-15,43,False
1487,普通消费者,浙江省,柑橘,个人,2022-12-17,24,False
1488,农户,辽宁省,水稻,家庭农场,2024-06-15,32,False
1489,普通消费者,广东省,香蕉,个人,2023-02-27,80,False
1490,农户,湖北省,柑橘,小农户,2024-11-17,78,False
1491,采购商,安徽省,茶叶,中型采购商,2023-02-02,6,True
1492,农户,江西省,油茶,合作社,2023-06-25,41,False
1493,普通消费者,重庆市,蔬菜,个人,2020-03-24,176,False
1494,普通消费者,重庆市,柑橘,个人,2024-05-04,3,True
1495,农技人员,浙江省,茶叶,农技服务站,2021-06-04,33,False
1496,农户,青海省,油菜,小农户,2021-05-16,35,False
1497,农户,河南省,玉米,小农户,2024-04-03,45,False
1498,采购商,江西省,柑橘,小型采购商,2021-01-12,20,False
1499,采购商,新疆维吾尔自治区,葡萄,小型采购商,2025-12-21,29,False
1500,农户,河南省,蔬菜,小农户,2022-10-18,182,False
1501,农户,湖南省,生猪,家庭农场,2024-02-05,20,False
1502,农户,山东省,蔬菜,小农户,2024-06-01,40,False
1503,普通消费者,重庆市,茶叶,个人,2023-12-12,6,True
1504,普通消费者,四川省,蔬菜,个人,2021-09-20,45,False
1505,农户,四川省,水稻,小农户,2022-11-01,14,True
1506,农户,江苏省,水稻,小农户,2024-12-11,164,False
1507,普通消费者,四川省,茶叶,个人,2020-10-20,26,False
1508,普通消费者,四川省,水稻,个人,2023-10-24,72,False
1509,农户,福建省,柑橘,小农户,2020-02-02,20,False
1510,农户,浙江省,水产,小农户,2021-01-02,7,True
1511,农技人员,新疆维吾尔自治区,棉花,农技服务站,2024-08-02,20,False
1512,农户,山东省,花生,小农户,2020-08-04,195,False
1513,农户,河南省,蔬菜,合作社,2021-04-03,37,False
1514,农户,云南省,茶叶,合作社,2020-12-08,89,False
1515,农户,湖南省,茶叶,小农户,2022-10-21,117,False
1516,农户,湖南省,水稻,家庭农场,2020-05-18,55,False
1517,采购商,黑龙江省,大豆,小型采购商,2022-06-25,76,False
1518,普通消费者,广东省,香蕉,个人,2022-12-18,26,False
1519,农户,山西省,小麦,小农户,2021-03-27,109,False
1520,农户,福建省,茶叶,小农户,2021-01-08,56,False
1521,采购商,湖北省,水稻,小型采购商,2020-05-09,32,False
1522,农户,海南省,热带水果,小农户,2024-07-16,13,True
1523,农户,四川省,柑橘,小农户,2025-07-18,10,True
1524,农户,云南省,茶叶,合作社,2022-05-26,30,False
1525,农户,四川省,蔬菜,小农户,2023-12-24,51,False
1526,普通消费者,福建省,食用菌,个人,2024-08-14,45,False
1527,采购商,河北省,玉米,大型采购商,2023-12-08,20,False
1528,农户,黑龙江省,玉米,小农户,2021-09-10,69,False
1529,农户,安徽省,茶叶,小农户,2022-11-26,66,False
1530,农户,江苏省,蔬菜,家庭农场,2021-08-15,1,True
1531,农技人员,海南省,橡胶,农技服务站,2025-09-07,24,False
1532,采购商,山东省,小麦,大型采购商,2023-03-09,40,False
1533,农户,新疆维吾尔自治区,哈密瓜,小农户,2021-03-28,42,False
1534,农户,山东省,苹果,小农户,2024-08-19,37,False
1535,采购商,广东省,香蕉,大型采购商,2020-11-28,125,False
1536,农技人员,四川省,柑橘,农技服务站,2022-02-03,25,False
1537,农户,四川省,柑橘,小农户,2022-11-14,14,True
1538,普通消费者,山东省,小麦,个人,2024-06-11,194,False
1539,采购商,湖北省,莲藕,中型采购商,2021-06-02,23,False
1540,农户,安徽省,水稻,家庭农场,2022-09-23,32,False
1541,农技人员,安徽省,茶叶,农技服务站,2021-07-27,59,False
1542,采购商,河南省,小麦,大型采购商,2021-10-17,160,False
1543,农技人员,湖南省,水稻,农技服务站,2024-01-20,43,False
1544,农技人员,湖南省,茶叶,农技服务站,2021-10-10,122,False
1545,农户,云南省,咖啡,小农户,2022-12-04,27,False
1546,农技人员,天津市,水产,农技服务站,2022-02-12,48,False
1547,农户,浙江省,水产,家庭农场,2023-07-08,20,False
1548,普通消费者,山东省,蔬菜,个人,2023-11-19,58,False
1549,采购商,黑龙江省,玉米,小型采购商,2020-07-14,20,False
1550,农户,河北省,玉米,家庭农场,2023-01-06,27,False
1551,农户,福建省,水产,家庭农场,2021-01-27,20,False
1552,采购商,青海省,牦牛,中型采购商,2024-07-14,20,False
1553,农技人员,福建省,食用菌,农技服务站,2020-06-27,155,False
1554,采购商,山东省,苹果,小型采购商,2022-08-14,59,False
1555,采购商,湖南省,生猪,中型采购商,2025-03-24,26,False
1556,普通消费者,北京市,蔬菜,个人,2021-01-19,39,False
1557,采购商,湖北省,莲藕,小型采购商,2024-12-19,32,False
1558,普通消费者,广东省,蔬菜,个人,2022-01-19,42,False
1559,农技人员,河北省,红枣,农技服务站,2022-06-13,34,False
1560,农户,山东省,蔬菜,小农户,2022-10-20,20,False
1561,农户,河南省,花生,小农户,2023-04-06,54,False
1562,普通消费者,青海省,牦牛,个人,2021-11-09,25,False
1563,农户,内蒙古自治区,羊肉,小农户,2020-09-18,20,False
1564,农户,吉林省,玉米,小农户,2022-10-14,26,False
1565,农技人员,吉林省,大豆,农技服务站,2020-12-23,95,False
1566,农技人员,湖南省,茶叶,农技服务站,2020-03-09,70,False
1567,农户,浙江省,茶叶,家庭农场,2021-12-03,50,False
1568,农技人员,广东省,荔枝,农技服务站,2025-12-11,84,False
1569,农技人员,北京市,花卉,农技服务站,2022-04-27,27,False
1570,普通消费者,辽宁省,苹果,个人,2021-03-19,27,False
1571,普通消费者,江西省,茶叶,个人,2023-03-16,173,False
1572,农技人员,山东省,苹果,农技服务站,2024-12-24,28,False
1573,农技人员,河北省,玉米,农技服务站,2025-03-02,80,False
1574,农户,浙江省,柑橘,家庭农场,2023-09-22,192,False
1575,农户,广东省,香蕉,家庭农场,2023-11-13,40,False
1576,农技人员,江苏省,大闸蟹,农技服务站,2020-05-14,121,False
1577,农户,湖南省,柑橘,小农户,2022-11-04,41,False
1578,农户,山东省,花生,家庭农场,2023-10-14,55,False
1579,农户,广东省,龙眼,家庭农场,2023-01-18,37,False
1580,农户,江苏省,水果,家庭农场,2023-07-09,114,False
1581,农技人员,广东省,荔枝,农技服务站,2022-08-14,29,False
1582,普通消费者,河北省,小麦,个人,2024-10-11,30,False
1583,农技人员,上海市,蔬菜,农技服务站,2023-02-25,31,False
1584,普通消费者,云南省,茶叶,个人,2025-01-17,32,False
1585,农技人员,青海省,油菜,农技服务站,2023-12-08,47,False
1586,农户,浙江省,水产,小农户,2025-04-01,1,True
1587,普通消费者,河北省,红枣,个人,2023-01-06,33,False
1588,农户,辽宁省,樱桃,小农户,2025-02-27,47,False
1589,采购商,山东省,小麦,大型采购商,2020-02-17,31,False
1590,普通消费者,湖南省,水稻,个人,2025-09-20,92,False
1591,采购商,贵州省,辣椒,中型采购商,2022-06-14,34,False
1592,农户,广东省,龙眼,小农户,2025-10-16,20,False
1593,农技人员,广东省,蔬菜,农技服务站,2024-05-16,52,False
1594,采购商,河北省,红枣,小型采购商,2023-12-13,177,False
1595,农技人员,山东省,蔬菜,农技服务站,2024-01-13,39,False
1596,农技人员,湖北省,水稻,农技服务站,2025-05-11,54,False
1597,采购商,山东省,蔬菜,小型采购商,2023-10-08,13,True
1598,采购商,湖北省,柑橘,小型采购商,2023-05-14,20,False
1599,农户,河南省,花生,家庭农场,2024-07-28,7,True
1600,普通消费者,黑龙江省,小麦,个人,2022-11-08,80,False
1601,采购商,河北省,小麦,大型采购商,2023-12-03,30,False
1602,普通消费者,河南省,小麦,个人,2021-04-15,94,False
1603,农户,湖南省,柑橘,家庭农场,2024-08-05,57,False
1604,农技人员,湖南省,茶叶,农技服务站,2020-07-10,20,False
1605,普通消费者,广东省,香蕉,个人,2024-06-19,44,False
1606,农户,河北省,玉米,家庭农场,2025-06-17,20,False
1607,农技人员,河南省,花生,农技服务站,2025-12-28,101,False
1608,农技人员,吉林省,玉米,农技服务站,2022-07-06,24,False
1609,农户,宁夏回族自治区,马铃薯,家庭农场,2021-12-04,80,False
1610,农户,四川省,茶叶,小农户,2020-06-21,30,False
1611,农户,辽宁省,樱桃,小农户,2023-10-24,36,False
1612,采购商,湖南省,茶叶,中型采购商,2025-11-07,5,True
1613,农户,广东省,龙眼,小农户,2020-03-26,51,False
1614,采购商,浙江省,杨梅,大型采购商,2025-10-22,106,False
1615,农户,贵州省,辣椒,小农户,2024-03-05,42,False
1616,普通消费者,江苏省,水稻,个人,2021-09-26,35,False
1617,采购商,江苏省,水稻,小型采购商,2023-07-25,39,False
1618,农技人员,江苏省,蔬菜,农技服务站,2024-02-20,101,False
1619,普通消费者,内蒙古自治区,羊肉,个人,2023-09-15,80,False
1620,普通消费者,江西省,油茶,个人,2025-06-06,12,True
1621,普通消费者,云南省,咖啡,个人,2025-07-07,32,False
1622,普通消费者,重庆市,蔬菜,个人,2023-06-06,81,False
1623,农户,浙江省,柑橘,小农户,2022-06-04,197,False
1624,农户,重庆市,茶叶,小农户,2022-11-16,36,False
1625,普通消费者,陕西省,红枣,个人,2025-01-19,190,False
1626,采购商,湖北省,水产,小型采购商,2023-12-28,55,False
1627,农技人员,山东省,小麦,农技服务站,2020-10-23,57,False
1628,采购商,新疆维吾尔自治区,哈密瓜,小型采购商,2020-01-15,59,False
1629,农户,山东省,小麦,合作社,2021-11-20,45,False
1630,农户,江西省,茶叶,家庭农场,2021-10-24,146,False
1631,农户,江西省,油茶,家庭农场,2025-01-03,20,False
1632,普通消费者,河南省,花生,个人,2020-03-15,20,False
1633,农户,河北省,玉米,家庭农场,2020-05-09,74,False
1634,农户,湖北省,水稻,小农户,2023-02-04,103,False
1635,采购商,河南省,小麦,中型采购商,2020-04-21,20,False
1636,农户,广西壮族自治区,柑橘,小农户,2025-11-28,38,False
1637,普通消费者,山东省,苹果,个人,2023-12-10,22,False
1638,农户,江苏省,大闸蟹,家庭农场,2022-04-06,113,False
1639,采购商,广东省,蔬菜,小型采购商,2022-06-25,32,False
1640,农技人员,辽宁省,樱桃,农技服务站,2020-10-13,39,False
1641,采购商,西藏自治区,牦牛,小型采购商,2025-05-07,38,False
1642,普通消费者,福建省,食用菌,个人,2020-09-25,40,False
1643,农户,广东省,荔枝,小农户,2025-03-16,74,False
1644,采购商,浙江省,水产,中型采购商,2020-06-23,41,False
1645,农户,山西省,红枣,小农户,2022-06-21,103,False
1646,普通消费者,江苏省,水果,个人,2024-03-25,20,False
1647,农技人员,福建省,水产,农技服务站,2025-07-16,112,False
1648,采购商,安徽省,蔬菜,中型采购商,2022-01-08,29,False
1649,普通消费者,河北省,红枣,个人,2023-05-19,53,False
1650,农户,河北省,梨,家庭农场,2025-09-07,152,False
1651,普通消费者,山东省,小麦,个人,2020-02-10,60,False
1652,农户,浙江省,水产,小农户,2020-11-05,20,False
1653,农户,江苏省,大闸蟹,小农户,2021-07-03,44,False
1654,农户,福建省,食用菌,小农户,2021-06-04,47,False
1655,采购商,陕西省,小麦,中型采购商,2023-12-08,28,False
1656,农户,山东省,蔬菜,小农户,2022-05-27,65,False
1657,普通消费者,安徽省,水稻,个人,2022-08-22,30,False
1658,采购商,广东省,龙眼,中型采购商,2022-06-11,35,False
1659,农户,安徽省,蔬菜,合作社,2025-04-05,30,False
1660,农户,江苏省,水稻,小农户,2025-03-14,33,False
1661,农户,江西省,油茶,小农户,2023-03-06,20,False
1662,农技人员,山东省,苹果,农技服务站,2022-11-24,20,False
1663,普通消费者,黑龙江省,水稻,个人,2021-06-05,73,False
1664,农户,湖北省,水产,家庭农场,2025-07-14,21,False
1665,农户,广东省,荔枝,家庭农场,2023-09-12,20,False
1666,采购商,内蒙古自治区,牛奶,小型采购商,2021-07-18,20,False
1667,普通消费者,山东省,苹果,个人,2022-12-19,24,False
1668,农技人员,安徽省,蔬菜,农技服务站,2023-01-15,20,False
1669,农户,湖北省,莲藕,小农户,2024-11-12,75,False
1670,农户,江苏省,水稻,小农户,2021-05-12,54,False
1671,农技人员,江苏省,水稻,农技服务站,2024-02-12,23,False
1672,农技人员,湖南省,柑橘,农技服务站,2020-09-04,80,False
1673,农户,河北省,梨,小农户,2023-12-20,54,False
1674,普通消费者,内蒙古自治区,小麦,个人,2020-02-11,28,False
1675,农户,宁夏回族自治区,小麦,家庭农场,2020-07-17,90,False
1676,农户,辽宁省,水稻,小农户,2020-03-24,20,False
1677,采购商,甘肃省,小麦,大型采购商,2021-10-09,158,False
1678,农技人员,新疆维吾尔自治区,哈密瓜,农技服务站,2025-01-12,80,False
1679,农户,北京市,水果,家庭农场,2021-05-17,20,False
1680,采购商,山西省,核桃,小型采购商,2023-04-01,20,False
1681,采购商,广东省,蔬菜,中型采购商,2025-06-04,55,False
1682,农户,江苏省,水稻,家庭农场,2025-12-20,155,False
1683,农技人员,安徽省,蔬菜,农技服务站,2023-09-01,80,False
1684,农户,吉林省,水稻,小农户,2025-08-07,66,False
1685,农户,浙江省,水产,小农户,2024-02-21,43,False
1686,普通消费者,山东省,小麦,个人,2022-05-25,44,False
1687,采购商,四川省,蔬菜,中型采购商,2024-06-19,50,False
1688,普通消费者,四川省,猕猴桃,个人,2024-12-16,128,False
1689,普通消费者,山东省,苹果,个人,2020-07-07,48,False
1690,农户,江苏省,大闸蟹,家庭农场,2025-07-18,38,False
1691,普通消费者,湖南省,茶叶,个人,2022-06-21,34,False
1692,普通消费者,天津市,水果,个人,2022-09-18,32,False
1693,农户,湖南省,生猪,小农户,2023-03-28,22,False
1694,农户,河北省,梨,家庭农场,2025-03-22,129,False
1695,采购商,湖南省,生猪,小型采购商,2025-01-20,28,False
1696,采购商,河北省,小麦,中型采购商,2025-07-01,20,False
1697,农户,福建省,水产,家庭农场,2022-01-24,31,False
1698,普通消费者,浙江省,柑橘,个人,2021-08-12,20,False
1699,农户,湖北省,柑橘,小农户,2022-02-01,20,False
1700,农技人员,广东省,蔬菜,农技服务站,2021-03-15,36,False
1701,农户,安徽省,茶叶,家庭农场,2021-04-15,66,False
1702,农户,云南省,水果,家庭农场,2023-07-03,52,False
1703,普通消费者,甘肃省,马铃薯,个人,2025-10-21,171,False
1704,农户,湖北省,水稻,小农户,2023-12-25,13,True
1705,采购商,河北省,红枣,小型采购商,2020-02-05,177,False
1706,普通消费者,云南省,茶叶,个人,2025-03-12,20,False
1707,农户,重庆市,生猪,小农户,2020-06-21,20,False
1708,农技人员,陕西省,猕猴桃,农技服务站,2022-06-10,53,False
1709,农户,湖北省,莲藕,小农户,2024-01-25,20,False
1710,农技人员,四川省,猕猴桃,农技服务站,2024-06-23,29,False
1711,普通消费者,河南省,花生,个人,2023-12-15,43,False
1712,农户,黑龙江省,大豆,小农户,2022-07-09,20,False
1713,农户,河南省,花生,小农户,2020-05-12,34,False
1714,采购商,西藏自治区,牦牛,小型采购商,2021-06-21,20,False
1715,普通消费者,江苏省,蔬菜,个人,2023-08-21,24,False
1716,农技人员,河南省,蔬菜,农技服务站,2020-11-03,38,False
1717,农户,广东省,香蕉,家庭农场,2025-02-21,20,False
1718,农技人员,福建省,茶叶,农技服务站,2025-09-08,41,False
1719,农户,四川省,水稻,合作社,2024-02-09,32,False
1720,农技人员,广西壮族自治区,甘蔗,农技服务站,2020-08-19,43,False
1721,农户,黑龙江省,大豆,家庭农场,2025-04-08,37,False
1722,农技人员,四川省,蔬菜,农技服务站,2022-09-09,7,True
1723,采购商,重庆市,蔬菜,中型采购商,2020-04-08,65,False
1724,普通消费者,湖北省,水稻,个人,2024-01-11,35,False
1725,农户,湖北省,水产,小农户,2021-02-18,26,False
1726,采购商,江苏省,水稻,中型采购商,2020-12-15,35,False
1727,农户,黑龙江省,小麦,合作社,2022-07-20,43,False
1728,采购商,江苏省,水果,中型采购商,2025-05-09,111,False
1729,农户,江西省,茶叶,家庭农场,2020-03-16,17,True
1730,农技人员,河南省,小麦,农技服务站,2023-11-10,15,True
1731,农户,陕西省,猕猴桃,小农户,2020-04-07,33,False
1732,农户,云南省,水果,小农户,2022-10-07,33,False
1733,农户,河南省,蔬菜,家庭农场,2021-10-22,23,False
1734,普通消费者,青海省,油菜,个人,2024-07-25,23,False
1735,农户,广东省,香蕉,小农户,2022-06-24,20,False
1736,采购商,湖北省,水产,中型采购商,2023-01-25,87,False
1737,普通消费者,浙江省,柑橘,个人,2023-05-01,105,False
1738,农户,广西壮族自治区,芒果,家庭农场,2020-06-14,79,False
1739,农户,福建省,柑橘,家庭农场,2024-09-15,93,False
1740,农户,河南省,蔬菜,合作社,2024-08-02,20,False
1741,农户,天津市,水果,小农户,2022-10-19,23,False
1742,农户,辽宁省,水稻,小农户,2023-05-04,23,False
1743,普通消费者,四川省,茶叶,个人,2021-03-19,51,False
1744,农户,山东省,蔬菜,小农户,2024-11-09,28,False
1745,普通消费者,陕西省,猕猴桃,个人,2020-12-23,61,False
1746,普通消费者,浙江省,水产,个人,2025-04-06,23,False
1747,农户,浙江省,柑橘,家庭农场,2025-05-09,38,False
1748,普通消费者,山东省,花生,个人,2023-07-26,21,False
1749,农户,河北省,梨,小农户,2023-01-17,121,False
1750,普通消费者,河北省,梨,个人,2025-02-24,3,True
1751,普通消费者,贵州省,辣椒,个人,2024-02-19,158,False
1752,采购商,河南省,小麦,中型采购商,2023-05-15,80,False
1753,普通消费者,广西壮族自治区,芒果,个人,2020-03-21,20,False
1754,农技人员,贵州省,中药材,农技服务站,2020-07-19,38,False
1755,采购商,浙江省,茶叶,小型采购商,2023-03-09,154,False
1756,采购商,江苏省,水果,中型采购商,2021-10-12,171,False
1757,普通消费者,河南省,玉米,个人,2021-05-06,45,False
1758,农技人员,上海市,蔬菜,农技服务站,2021-09-12,121,False
1759,普通消费者,重庆市,蔬菜,个人,2021-05-06,40,False
1760,农户,北京市,蔬菜,家庭农场,2020-03-15,30,False
1761,普通消费者,四川省,柑橘,个人,2023-01-15,31,False
1762,农户,云南省,茶叶,小农户,2021-09-19,33,False
1763,农户,云南省,茶叶,合作社,2025-10-12,30,False
1764,农户,河南省,小麦,家庭农场,2022-08-09,53,False
1765,普通消费者,四川省,茶叶,个人,2023-07-28,80,False
1766,农户,江苏省,水稻,小农户,2025-05-08,90,False
1767,采购商,黑龙江省,小麦,小型采购商,2022-12-21,85,False
1768,农户,广东省,荔枝,小农户,2021-03-23,25,False
1769,农户,安徽省,小麦,家庭农场,2025-05-12,20,False
1770,普通消费者,湖南省,柑橘,个人,2024-03-24,165,False
1771,农户,甘肃省,马铃薯,家庭农场,2020-08-07,31,False
1772,采购商,山西省,核桃,中型采购商,2020-01-11,16,True
1773,农户,新疆维吾尔自治区,红枣,小农户,2023-10-24,80,False
1774,农户,四川省,柑橘,小农户,2020-02-16,22,False
1775,农技人员,山西省,小麦,农技服务站,2021-10-26,75,False
1776,农户,湖北省,莲藕,小农户,2025-09-12,165,False
1777,采购商,湖北省,柑橘,小型采购商,2024-03-26,108,False
1778,采购商,广西壮族自治区,香蕉,小型采购商,2024-02-08,76,False
1779,农户,江西省,茶叶,家庭农场,2023-11-19,25,False
1780,采购商,甘肃省,中药材,小型采购商,2022-11-05,44,False
1781,普通消费者,四川省,茶叶,个人,2025-01-26,74,False
1782,农户,山东省,苹果,家庭农场,2021-03-13,27,False
1783,采购商,湖北省,莲藕,小型采购商,2024-07-15,138,False
1784,采购商,福建省,茶叶,中型采购商,2025-09-11,29,False
1785,普通消费者,广东省,蔬菜,个人,2024-08-22,11,True
1786,普通消费者,广东省,香蕉,个人,2023-11-01,96,False
1787,农户,宁夏回族自治区,枸杞,小农户,2025-05-05,119,False
1788,农技人员,福建省,茶叶,农技服务站,2024-03-13,193,False
1789,普通消费者,河南省,玉米,个人,2020-04-24,24,False
1790,农技人员,贵州省,茶叶,农技服务站,2024-06-18,20,False
1791,普通消费者,河北省,梨,个人,2021-02-22,23,False
1792,采购商,辽宁省,樱桃,中型采购商,2024-07-28,20,False
1793,农户,海南省,橡胶,小农户,2024-07-16,33,False
1794,农户,北京市,蔬菜,小农户,2025-09-22,22,False
1795,普通消费者,安徽省,水稻,个人,2020-07-05,37,False
1796,普通消费者,云南省,花卉,个人,2023-03-21,20,False
1797,采购商,广东省,香蕉,小型采购商,2022-03-13,39,False
1798,采购商,上海市,蔬菜,小型采购商,2021-11-09,50,False
1799,农户,山东省,小麦,小农户,2025-10-16,20,False
1800,农技人员,吉林省,人参,农技服务站,2021-02-25,123,False
1801,普通消费者,上海市,蔬菜,个人,2023-05-04,39,False
1802,农技人员,河南省,蔬菜,农技服务站,2022-04-17,61,False
1803,普通消费者,安徽省,茶叶,个人,2021-11-16,135,False
1804,农技人员,辽宁省,水稻,农技服务站,2025-12-09,161,False
1805,农技人员,湖南省,茶叶,农技服务站,2022-02-01,20,False
1806,普通消费者,广东省,蔬菜,个人,2021-10-14,76,False
1807,农户,贵州省,中药材,小农户,2024-07-20,40,False
1808,普通消费者,浙江省,茶叶,个人,2024-11-04,23,False
1809,农户,云南省,咖啡,小农户,2025-10-14,171,False
1810,采购商,浙江省,水产,大型采购商,2024-09-02,184,False
1811,普通消费者,广西壮族自治区,香蕉,个人,2025-01-07,32,False
1812,农户,上海市,蔬菜,小农户,2023-01-24,43,False
1813,普通消费者,浙江省,杨梅,个人,2022-04-09,34,False
1814,农户,湖北省,莲藕,家庭农场,2021-04-18,43,False
1815,农技人员,江苏省,水果,农技服务站,2022-03-28,20,False
1816,农户,浙江省,柑橘,小农户,2022-02-24,13,True
1817,农户,河北省,玉米,家庭农场,2021-05-28,36,False
1818,农户,黑龙江省,玉米,家庭农场,2021-06-01,20,False
1819,采购商,山西省,核桃,中型采购商,2024-03-13,31,False
1820,农户,山东省,花生,家庭农场,2021-12-11,21,False
1821,农户,重庆市,柑橘,家庭农场,2025-05-20,22,False
1822,农户,西藏自治区,牦牛,家庭农场,2021-09-05,61,False
1823,农户,河北省,玉米,小农户,2021-08-21,98,False
1824,农户,广东省,荔枝,家庭农场,2023-08-14,57,False
1825,普通消费者,河南省,玉米,个人,2024-10-13,44,False
1826,普通消费者,宁夏回族自治区,小麦,个人,2022-12-26,182,False
1827,普通消费者,湖南省,茶叶,个人,2021-06-18,20,False
1828,普通消费者,山东省,蔬菜,个人,2024-10-05,17,True
1829,采购商,河北省,小麦,中型采购商,2024-04-24,28,False
1830,采购商,宁夏回族自治区,枸杞,小型采购商,2024-01-15,60,False
1831,农技人员,湖南省,柑橘,农技服务站,2020-09-15,35,False
1832,农户,浙江省,柑橘,小农户,2022-02-24,80,False
1833,农户,山西省,小米,家庭农场,2023-07-23,40,False
1834,农户,湖南省,生猪,小农户,2025-11-10,36,False
1835,采购商,甘肃省,小麦,小型采购商,2024-11-19,28,False
1836,农户,安徽省,茶叶,小农户,2020-10-03,35,False
1837,采购商,广西壮族自治区,柑橘,大型采购商,2021-03-01,30,False
1838,农技人员,山东省,苹果,农技服务站,2020-07-19,47,False
1839,采购商,黑龙江省,小麦,中型采购商,2021-06-06,12,True
1840,农户,湖南省,茶叶,小农户,2021-05-13,53,False
1841,农户,辽宁省,苹果,小农户,2020-09-09,20,False
1842,农户,福建省,食用菌,小农户,2020-09-01,13,True
1843,农户,黑龙江省,玉米,家庭农场,2021-04-21,22,False
1844,农户,广东省,香蕉,小农户,2025-03-20,20,False
1845,农户,湖南省,柑橘,小农户,2023-01-20,18,True
1846,普通消费者,贵州省,茶叶,个人,2022-05-04,20,False
1847,农户,河北省,小麦,小农户,2024-03-20,200,False
1848,农技人员,江西省,油茶,农技服务站,2023-02-22,42,False
1849,农户,浙江省,柑橘,合作社,2023-04-26,20,False
1850,农户,重庆市,生猪,家庭农场,2025-12-25,92,False
1851,普通消费者,山东省,小麦,个人,2024-10-19,20,False
1852,农技人员,云南省,花卉,农技服务站,2022-06-05,40,False
1853,农户,上海市,水果,小农户,2023-02-16,4,True
1854,农户,湖北省,水产,小农户,2022-11-23,2,True
1855,农户,山东省,蔬菜,家庭农场,2025-01-18,10,True
1856,农户,浙江省,茶叶,家庭农场,2025-07-24,80,False
1857,普通消费者,河北省,小麦,个人,2021-02-15,194,False
1858,农户,江苏省,大闸蟹,小农户,2024-11-20,13,True
1859,农户,陕西省,红枣,小农户,2021-11-27,122,False
1860,普通消费者,青海省,牦牛,个人,2022-07-02,33,False
1861,采购商,辽宁省,水稻,大型采购商,2023-11-19,50,False
1862,普通消费者,江苏省,蔬菜,个人,2023-12-01,34,False
1863,农技人员,广东省,龙眼,农技服务站,2023-05-20,13,True
1864,农户,云南省,花卉,家庭农场,2021-02-21,31,False
1865,农户,贵州省,茶叶,小农户,2022-03-24,52,False
1866,采购商,重庆市,生猪,小型采购商,2022-05-28,28,False
1867,农户,山东省,蔬菜,合作社,2024-08-07,37,False
1868,普通消费者,湖北省,水稻,个人,2020-04-02,103,False
1869,农户,陕西省,苹果,小农户,2024-06-15,38,False
1870,农技人员,云南省,花卉,农技服务站,2021-12-11,1,True
1871,普通消费者,江苏省,蔬菜,个人,2021-06-15,23,False
1872,采购商,浙江省,柑橘,大型采购商,2024-02-08,54,False
1873,农户,江西省,油茶,小农户,2023-02-27,30,False
1874,农技人员,福建省,柑橘,农技服务站,2024-06-02,22,False
1875,农户,河北省,小麦,家庭农场,2021-12-11,43,False
1876,农户,山东省,蔬菜,小农户,2020-10-02,178,False
1877,采购商,新疆维吾尔自治区,棉花,中型采购商,2020-01-21,140,False
1878,普通消费者,辽宁省,水稻,个人,2025-10-13,21,False
1879,采购商,江西省,茶叶,小型采购商,2025-08-16,99,False
1880,农技人员,甘肃省,中药材,农技服务站,2021-05-21,33,False
1881,普通消费者,浙江省,杨梅,个人,2021-06-24,10,True
1882,农户,湖北省,柑橘,合作社,2021-11-12,32,False
1883,农技人员,甘肃省,小麦,农技服务站,2025-08-15,139,False
1884,农户,江苏省,水果,小农户,2024-04-08,56,False
1885,农户,河南省,花生,合作社,2024-07-12,41,False
1886,农户,山东省,苹果,小农户,2023-05-27,191,False
1887,采购商,四川省,柑橘,小型采购商,2021-11-13,135,False
1888,农户,湖北省,柑橘,小农户,2025-03-09,167,False
1889,采购商,河南省,蔬菜,中型采购商,2021-03-14,32,False
1890,农户,广西壮族自治区,香蕉,小农户,2024-09-24,49,False
1891,农户,山东省,苹果,小农户,2020-01-11,120,False
1892,普通消费者,浙江省,柑橘,个人,2021-05-27,20,False
1893,普通消费者,安徽省,蔬菜,个人,2023-06-23,66,False
1894,农户,黑龙江省,大豆,合作社,2021-03-14,43,False
1895,普通消费者,湖南省,生猪,个人,2025-05-23,111,False
1896,普通消费者,江西省,柑橘,个人,2023-02-25,13,True
1897,农技人员,湖北省,水稻,农技服务站,2024-12-27,33,False
1898,农技人员,福建省,水产,农技服务站,2020-08-22,20,False
1899,普通消费者,青海省,青稞,个人,2020-03-05,20,False
1900,采购商,重庆市,柑橘,大型采购商,2025-04-21,28,False
1901,采购商,上海市,蔬菜,小型采购商,2023-01-20,133,False
1902,普通消费者,浙江省,杨梅,个人,2021-09-09,195,False
1903,普通消费者,湖北省,柑橘,个人,2020-11-08,24,False
1904,农户,西藏自治区,牦牛,小农户,2025-11-15,30,False
1905,农户,四川省,蔬菜,小农户,2024-01-10,34,False
1906,普通消费者,浙江省,茶叶,个人,2025-11-09,43,False
1907,农户,黑龙江省,小麦,小农户,2022-03-12,31,False
1908,采购商,湖北省,莲藕,小型采购商,2023-11-03,196,False
1909,农户,河北省,小麦,小农户,2021-02-08,12,True
1910,农户,福建省,柑橘,家庭农场,2020-01-24,11,True
1911,普通消费者,安徽省,小麦,个人,2024-11-28,160,False
1912,普通消费者,贵州省,茶叶,个人,2024-02-02,42,False
1913,农户,云南省,茶叶,小农户,2025-02-01,34,False
1914,采购商,河南省,小麦,小型采购商,2025-09-07,20,False
1915,农户,青海省,油菜,家庭农场,2023-05-24,20,False
1916,普通消费者,四川省,柑橘,个人,2024-01-03,30,False
1917,农户,山东省,蔬菜,家庭农场,2025-02-07,20,False
1918,农户,西藏自治区,青稞,小农户,2024-05-20,44,False
1919,采购商,广东省,香蕉,中型采购商,2025-04-17,9,True
1920,农户,河南省,小麦,小农户,2022-12-02,71,False
1921,普通消费者,山东省,花生,个人,2020-12-22,19,True
1922,普通消费者,重庆市,柑橘,个人,2024-05-24,137,False
1923,农户,黑龙江省,玉米,小农户,2023-06-18,104,False
1924,农户,河南省,花生,小农户,2023-06-26,131,False
1925,农技人员,山西省,小麦,农技服务站,2021-03-24,60,False
1926,农技人员,四川省,柑橘,农技服务站,2022-07-28,29,False
1927,农户,四川省,柑橘,小农户,2021-04-04,16,True
1928,农户,江苏省,水稻,小农户,2021-05-27,150,False
1929,农户,河南省,蔬菜,小农户,2021-08-22,4,True
1930,农户,江苏省,水果,家庭农场,2021-04-17,182,False
1931,农户,河北省,梨,家庭农场,2022-11-10,69,False
1932,农技人员,山东省,蔬菜,农技服务站,2024-05-11,35,False
1933,普通消费者,新疆维吾尔自治区,葡萄,个人,2024-08-03,12,True
1934,农技人员,河南省,花生,农技服务站,2025-04-28,161,False
1935,普通消费者,宁夏回族自治区,马铃薯,个人,2024-06-19,27,False
1936,采购商,山西省,核桃,中型采购商,2024-04-23,24,False
1937,农户,吉林省,人参,小农户,2020-06-17,129,False
1938,普通消费者,辽宁省,苹果,个人,2024-08-15,28,False
1939,普通消费者,天津市,水产,个人,2020-08-13,27,False
1940,普通消费者,广东省,龙眼,个人,2022-01-16,36,False
1941,采购商,江苏省,水果,中型采购商,2022-06-16,157,False
1942,普通消费者,河南省,玉米,个人,2024-10-04,35,False
1943,农户,甘肃省,苹果,小农户,2023-07-23,81,False
1944,农户,河南省,花生,小农户,2025-11-25,33,False
1945,农户,贵州省,辣椒,小农户,2023-09-06,41,False
1946,普通消费者,山东省,小麦,个人,2023-05-07,60,False
1947,农技人员,河南省,玉米,农技服务站,2022-01-04,11,True
1948,采购商,浙江省,杨梅,中型采购商,2023-09-01,53,False
1949,采购商,湖南省,茶叶,中型采购商,2020-11-10,20,False
1950,普通消费者,四川省,蔬菜,个人,2020-12-23,20,False
1951,农技人员,重庆市,蔬菜,农技服务站,2021-02-17,52,False
1952,采购商,山东省,小麦,大型采购商,2022-02-14,20,False
1953,农户,湖南省,水稻,小农户,2025-07-23,29,False
1954,普通消费者,吉林省,人参,个人,2021-02-25,113,False
1955,农户,四川省,蔬菜,小农户,2025-12-08,20,False
1956,农户,云南省,花卉,合作社,2021-09-11,20,False
1957,普通消费者,江西省,水稻,个人,2024-05-16,14,True
1958,采购商,四川省,蔬菜,小型采购商,2021-10-16,3,True
1959,采购商,浙江省,柑橘,小型采购商,2021-09-01,175,False
1960,采购商,广东省,香蕉,中型采购商,2021-04-25,43,False
1961,农户,江苏省,蔬菜,小农户,2025-05-15,20,False
1962,普通消费者,江西省,油茶,个人,2021-03-04,4,True
1963,采购商,甘肃省,中药材,中型采购商,2025-12-10,166,False
1964,农户,安徽省,茶叶,小农户,2020-11-21,48,False
1965,普通消费者,内蒙古自治区,羊肉,个人,2024-01-10,6,True
1966,普通消费者,河南省,蔬菜,个人,2025-06-15,157,False
1967,普通消费者,重庆市,生猪,个人,2024-10-10,24,False
1968,采购商,北京市,蔬菜,中型采购商,2020-01-20,1,True
1969,普通消费者,重庆市,茶叶,个人,2023-07-24,20,False
1970,农户,四川省,柑橘,家庭农场,2023-12-12,14,True
1971,采购商,江苏省,水稻,大型采购商,2022-03-09,25,False
1972,普通消费者,青海省,牦牛,个人,2020-11-24,181,False
1973,农户,重庆市,生猪,小农户,2020-02-24,40,False
1974,普通消费者,安徽省,茶叶,个人,2022-01-23,20,False
1975,农户,陕西省,猕猴桃,小农户,2025-07-01,14,True
1976,普通消费者,湖南省,水稻,个人,2024-01-22,9,True
1977,采购商,广西壮族自治区,柑橘,中型采购商,2020-11-09,104,False
1978,农户,湖北省,水稻,合作社,2020-10-27,151,False
1979,普通消费者,湖北省,柑橘,个人,2025-12-02,36,False
1980,农户,浙江省,水产,小农户,2022-11-12,32,False
1981,农技人员,江苏省,蔬菜,农技服务站,2023-03-19,44,False
1982,农技人员,浙江省,杨梅,农技服务站,2021-11-25,166,False
1983,农技人员,浙江省,水产,农技服务站,2020-10-09,122,False
1984,普通消费者,辽宁省,水产,个人,2024-11-06,123,False
1985,农技人员,新疆维吾尔自治区,哈密瓜,农技服务站,2024-06-18,35,False
1986,采购商,内蒙古自治区,羊肉,大型采购商,2021-12-13,14,True
1987,普通消费者,西藏自治区,中药材,个人,2020-09-04,20,False
1988,农户,福建省,柑橘,家庭农场,2025-12-26,60,False
1989,农户,广西壮族自治区,芒果,小农户,2023-09-22,108,False
1990,采购商,云南省,茶叶,小型采购商,2025-08-05,194,False
1991,普通消费者,广西壮族自治区,甘蔗,个人,2023-03-03,30,False
1992,农户,云南省,咖啡,家庭农场,2024-11-04,104,False
1993,农户,四川省,水稻,小农户,2025-02-03,32,False
1994,普通消费者,湖南省,茶叶,个人,2025-07-01,20,False
1995,农户,浙江省,柑橘,小农户,2024-10-16,26,False
1996,采购商,江西省,水稻,小型采购商,2022-01-09,21,False
1997,普通消费者,浙江省,茶叶,个人,2023-12-19,30,False
1998,农户,宁夏回族自治区,马铃薯,合作社,2023-01-16,77,False
1999,农户,广东省,荔枝,小农户,2025-12-21,138,False
2000,农户,江苏省,水果,小农户,2022-09-25,20,False
2001,农技人员,安徽省,水稻,农技服务站,2020-11-05,20,False
2002,采购商,四川省,蔬菜,小型采购商,2024-03-15,69,False
2003,采购商,黑龙江省,水稻,小型采购商,2020-12-17,29,False
2004,普通消费者,江苏省,大闸蟹,个人,2020-05-20,23,False
2005,农户,河南省,小麦,小农户,2023-04-01,55,False
2006,采购商,辽宁省,樱桃,中型采购商,2020-05-06,24,False
2007,普通消费者,安徽省,蔬菜,个人,2021-12-15,196,False
2008,农户,河南省,玉米,家庭农场,2024-10-01,80,False
2009,农户,陕西省,苹果,家庭农场,2025-06-21,46,False
2010,农技人员,四川省,茶叶,农技服务站,2024-12-14,3,True
2011,农户,上海市,水果,小农户,2024-04-05,25,False
2012,农户,福建省,柑橘,小农户,2024-06-18,80,False
2013,农户,贵州省,辣椒,小农户,2020-09-02,24,False
2014,农户,山东省,花生,小农户,2020-09-26,17,True
2015,采购商,安徽省,水稻,小型采购商,2021-06-08,182,False
2016,农户,江西省,油茶,小农户,2020-03-13,47,False
2017,采购商,新疆维吾尔自治区,棉花,小型采购商,2021-09-05,88,False
2018,农技人员,青海省,牦牛,农技服务站,2024-03-08,38,False
2019,农技人员,辽宁省,樱桃,农技服务站,2022-07-02,63,False
2020,农户,江苏省,水果,小农户,2025-12-12,72,False
2021,采购商,新疆维吾尔自治区,哈密瓜,小型采购商,2024-07-21,161,False
2022,农户,安徽省,茶叶,小农户,2020-07-20,3,True
2023,采购商,陕西省,猕猴桃,中型采购商,2020-06-09,33,False
2024,农技人员,黑龙江省,玉米,农技服务站,2022-09-20,22,False
2025,农户,上海市,水产,小农户,2025-10-23,41,False
2026,采购商,安徽省,小麦,小型采购商,2020-12-16,148,False
2027,农技人员,辽宁省,水稻,农技服务站,2025-05-09,156,False
2028,农技人员,江苏省,蔬菜,农技服务站,2021-10-07,23,False
2029,农户,吉林省,人参,小农户,2024-07-22,80,False
2030,普通消费者,甘肃省,中药材,个人,2025-05-07,35,False
2031,农户,福建省,食用菌,小农户,2023-10-17,27,False
2032,采购商,甘肃省,中药材,小型采购商,2025-06-06,183,False
2033,农技人员,广东省,蔬菜,农技服务站,2025-05-19,36,False
2034,农户,广东省,荔枝,小农户,2023-09-13,7,True
2035,普通消费者,广东省,蔬菜,个人,2023-09-19,145,False
2036,采购商,河南省,小麦,大型采购商,2025-08-20,20,False
2037,农技人员,江苏省,大闸蟹,农技服务站,2021-02-12,20,False
2038,普通消费者,四川省,水稻,个人,2022-02-18,60,False
2039,农户,山东省,花生,小农户,2025-10-02,11,True
2040,普通消费者,广西壮族自治区,芒果,个人,2023-04-08,23,False
2041,采购商,云南省,咖啡,中型采购商,2021-01-18,20,False
2042,普通消费者,河南省,蔬菜,个人,2021-09-20,6,True
2043,农户,广西壮族自治区,芒果,家庭农场,2020-02-08,108,False
2044,农户,安徽省,小麦,合作社,2022-02-01,43,False
2045,农户,安徽省,蔬菜,小农户,2021-02-28,15,True
2046,农技人员,广西壮族自治区,香蕉,农技服务站,2024-07-01,59,False
2047,农户,甘肃省,小麦,小农户,2024-06-11,17,True
2048,采购商,内蒙古自治区,羊肉,小型采购商,2025-02-20,167,False
2049,农户,贵州省,辣椒,小农户,2022-07-09,47,False
2050,农户,广东省,蔬菜,合作社,2025-10-08,54,False
2051,农户,陕西省,苹果,小农户,2022-06-13,14,True
2052,采购商,山西省,小米,小型采购商,2022-04-09,22,False
2053,普通消费者,湖北省,柑橘,个人,2021-10-21,20,False
2054,农技人员,河南省,小麦,农技服务站,2023-06-02,70,False
2055,农户,重庆市,柑橘,家庭农场,2024-01-09,9,True
2056,农技人员,江苏省,水果,农技服务站,2022-03-08,28,False
2057,农户,四川省,水稻,家庭农场,2024-11-26,29,False
2058,普通消费者,上海市,蔬菜,个人,2022-09-16,194,False
2059,农户,四川省,柑橘,家庭农场,2020-02-25,64,False
2060,普通消费者,河南省,小麦,个人,2023-09-25,43,False
2061,农户,河北省,玉米,小农户,2020-06-28,41,False
2062,农户,黑龙江省,水稻,小农户,2021-01-16,80,False
2063,农户,新疆维吾尔自治区,葡萄,小农户,2022-08-08,24,False
2064,采购商,陕西省,猕猴桃,中型采购商,2020-02-13,52,False
2065,农户,河北省,红枣,家庭农场,2023-09-18,34,False
2066,普通消费者,湖北省,莲藕,个人,2024-10-23,131,False
2067,普通消费者,河北省,红枣,个人,2021-09-28,37,False
2068,普通消费者,河南省,花生,个人,2022-02-20,128,False
2069,农户,浙江省,杨梅,小农户,2020-04-14,71,False
2070,普通消费者,湖北省,柑橘,个人,2025-05-13,42,False
2071,农户,广东省,蔬菜,小农户,2023-08-23,43,False
2072,普通消费者,湖北省,水产,个人,2020-04-05,198,False
2073,农户,浙江省,杨梅,小农户,2023-11-28,56,False
2074,采购商,浙江省,水产,小型采购商,2023-02-12,27,False
2075,农户,河北省,小麦,合作社,2021-12-23,21,False
2076,农户,河北省,梨,小农户,2023-06-26,20,False
2077,农户,江苏省,蔬菜,小农户,2024-10-04,177,False
2078,农技人员,云南省,茶叶,农技服务站,2025-09-24,20,False
2079,农技人员,西藏自治区,青稞,农技服务站,2023-06-22,80,False
2080,采购商,辽宁省,樱桃,小型采购商,2021-02-20,20,False
2081,农户,四川省,猕猴桃,小农户,2021-04-14,29,False
2082,农技人员,吉林省,水稻,农技服务站,2023-09-19,28,False
2083,普通消费者,四川省,水稻,个人,2021-01-09,38,False
2084,普通消费者,广东省,龙眼,个人,2025-08-04,15,True
2085,普通消费者,江苏省,蔬菜,个人,2023-05-19,49,False
2086,普通消费者,吉林省,大豆,个人,2025-11-11,50,False
2087,采购商,内蒙古自治区,牛奶,中型采购商,2021-04-27,16,True
2088,农户,北京市,水果,小农户,2025-07-02,118,False
2089,普通消费者,广东省,龙眼,个人,2024-04-28,24,False
2090,普通消费者,广东省,龙眼,个人,2020-12-18,30,False
2091,农技人员,湖南省,茶叶,农技服务站,2022-02-08,38,False
2092,农技人员,重庆市,柑橘,农技服务站,2022-01-14,29,False
2093,农技人员,湖南省,水稻,农技服务站,2022-06-04,73,False
2094,农技人员,西藏自治区,牦牛,农技服务站,2024-04-13,42,False
2095,农户,广东省,龙眼,小农户,2024-06-19,47,False
2096,农户,山东省,苹果,小农户,2023-08-03,181,False
2097,普通消费者,辽宁省,苹果,个人,2020-08-06,10,True
2098,普通消费者,浙江省,杨梅,个人,2025-10-03,10,True
2099,农户,四川省,蔬菜,小农户,2020-10-01,104,False
2100,普通消费者,山西省,小麦,个人,2020-05-19,46,False
2101,普通消费者,四川省,蔬菜,个人,2022-03-03,59,False
2102,普通消费者,河南省,小麦,个人,2023-10-08,36,False
2103,农户,内蒙古自治区,羊肉,家庭农场,2023-06-17,20,False
2104,采购商,吉林省,人参,中型采购商,2021-05-22,40,False
2105,农户,河南省,玉米,小农户,2020-10-04,23,False
2106,普通消费者,山东省,苹果,个人,2022-06-23,25,False
2107,农户,湖北省,水产,小农户,2025-11-22,44,False
2108,采购商,北京市,蔬菜,大型采购商,2025-01-12,61,False
2109,农户,四川省,水稻,家庭农场,2022-07-06,139,False
2110,采购商,湖南省,茶叶,小型采购商,2022-12-23,33,False
2111,农户,重庆市,蔬菜,小农户,2021-05-14,11,True
2112,农户,甘肃省,中药材,小农户,2023-05-07,38,False
2113,农技人员,云南省,咖啡,农技服务站,2025-06-26,77,False
2114,农户,山东省,蔬菜,小农户,2022-11-22,175,False
2115,农技人员,河北省,玉米,农技服务站,2023-12-26,19,True
2116,农技人员,河北省,红枣,农技服务站,2020-05-11,19,True
2117,采购商,贵州省,中药材,中型采购商,2023-08-20,37,False
2118,普通消费者,内蒙古自治区,羊肉,个人,2023-05-10,189,False
2119,农户,广东省,香蕉,小农户,2020-09-08,15,True
2120,农户,四川省,水稻,合作社,2022-09-27,200,False
2121,农技人员,河北省,梨,农技服务站,2024-11-02,80,False
2122,采购商,河北省,梨,中型采购商,2021-07-18,43,False
2123,农户,辽宁省,苹果,家庭农场,2020-06-21,20,False
2124,农技人员,山东省,小麦,农技服务站,2021-11-10,48,False
2125,农技人员,山西省,红枣,农技服务站,2025-03-12,10,True
2126,农户,福建省,茶叶,小农户,2021-02-28,110,False
2127,农户,云南省,咖啡,合作社,2020-08-11,40,False
2128,普通消费者,贵州省,中药材,个人,2024-02-16,63,False
2129,农户,山东省,苹果,小农户,2023-04-18,172,False
2130,农户,重庆市,柑橘,合作社,2021-03-11,46,False
2131,普通消费者,河北省,红枣,个人,2025-06-01,30,False
2132,农户,云南省,茶叶,家庭农场,2023-04-06,20,False
2133,采购商,云南省,茶叶,大型采购商,2025-04-27,29,False
2134,普通消费者,河北省,红枣,个人,2023-06-21,21,False
2135,普通消费者,四川省,柑橘,个人,2020-10-12,12,True
2136,采购商,湖南省,水稻,大型采购商,2023-02-05,156,False
2137,农技人员,云南省,花卉,农技服务站,2023-08-18,172,False
2138,普通消费者,山东省,苹果,个人,2025-06-08,24,False
2139,普通消费者,江苏省,水稻,个人,2020-05-22,97,False
2140,采购商,吉林省,水稻,小型采购商,2023-02-17,44,False
2141,农技人员,广西壮族自治区,香蕉,农技服务站,2020-01-10,76,False
2142,采购商,新疆维吾尔自治区,棉花,小型采购商,2020-05-25,40,False
2143,普通消费者,河南省,玉米,个人,2024-02-08,10,True
2144,普通消费者,福建省,茶叶,个人,2025-09-19,149,False
2145,农户,福建省,食用菌,小农户,2023-01-10,133,False
2146,农户,江苏省,水稻,小农户,2020-10-01,20,False
2147,农技人员,湖北省,莲藕,农技服务站,2023-09-04,41,False
2148,采购商,福建省,柑橘,小型采购商,2021-03-21,169,False
2149,普通消费者,辽宁省,苹果,个人,2023-04-24,60,False
2150,农户,天津市,水果,小农户,2023-01-22,24,False
2151,农户,黑龙江省,大豆,小农户,2021-01-14,30,False
2152,采购商,河南省,花生,小型采购商,2023-10-14,116,False
2153,农户,安徽省,水稻,家庭农场,2022-11-20,33,False
2154,普通消费者,湖南省,柑橘,个人,2025-05-23,22,False
2155,农户,辽宁省,苹果,合作社,2021-03-23,8,True
2156,采购商,广西壮族自治区,香蕉,小型采购商,2021-05-04,45,False
2157,采购商,广西壮族自治区,甘蔗,小型采购商,2022-04-15,31,False
2158,采购商,贵州省,猕猴桃,小型采购商,2023-07-22,40,False
2159,农户,江西省,柑橘,小农户,2022-04-28,21,False
2160,普通消费者,广东省,蔬菜,个人,2022-07-02,26,False
2161,农技人员,河南省,小麦,农技服务站,2025-08-17,47,False
2162,农技人员,甘肃省,中药材,农技服务站,2022-05-06,27,False
2163,农户,贵州省,茶叶,小农户,2022-05-21,78,False
2164,农户,新疆维吾尔自治区,红枣,合作社,2022-03-16,27,False
2165,普通消费者,四川省,柑橘,个人,2025-08-13,37,False
2166,普通消费者,河北省,玉米,个人,2020-05-24,52,False
2167,农户,山东省,小麦,家庭农场,2020-02-19,93,False
2168,农户,广东省,龙眼,家庭农场,2025-09-28,20,False
2169,普通消费者,河北省,玉米,个人,2025-08-17,1,True
2170,农户,陕西省,小麦,小农户,2020-08-07,20,False
2171,采购商,广西壮族自治区,香蕉,小型采购商,2022-10-07,20,False
2172,采购商,天津市,水果,中型采购商,2020-07-16,62,False
2173,普通消费者,江苏省,蔬菜,个人,2022-08-25,25,False
2174,农户,广东省,荔枝,家庭农场,2020-10-05,80,False
2175,普通消费者,河南省,蔬菜,个人,2024-12-03,24,False
2176,普通消费者,福建省,柑橘,个人,2021-12-07,36,False
2177,农户,广东省,蔬菜,小农户,2022-11-19,194,False
2178,农户,江苏省,大闸蟹,家庭农场,2020-05-26,71,False
2179,采购商,北京市,蔬菜,小型采购商,2025-05-18,80,False
2180,普通消费者,广西壮族自治区,香蕉,个人,2021-07-11,80,False
2181,农技人员,广东省,香蕉,农技服务站,2020-07-23,60,False
2182,农户,湖北省,柑橘,小农户,2020-11-19,9,True
2183,农户,吉林省,水稻,家庭农场,2025-03-07,105,False
2184,农户,湖北省,水产,小农户,2021-01-04,55,False
2185,采购商,浙江省,杨梅,中型采购商,2023-03-23,6,True
2186,农技人员,四川省,猕猴桃,农技服务站,2020-09-06,44,False
2187,普通消费者,山东省,蔬菜,个人,2021-02-05,48,False
2188,农技人员,陕西省,猕猴桃,农技服务站,2022-12-17,25,False
2189,普通消费者,河北省,梨,个人,2023-03-27,148,False
2190,采购商,河南省,蔬菜,小型采购商,2024-08-09,21,False
2191,采购商,重庆市,柑橘,小型采购商,2022-07-25,33,False
2192,普通消费者,甘肃省,马铃薯,个人,2025-03-02,30,False
2193,采购商,上海市,蔬菜,中型采购商,2023-11-19,26,False
2194,普通消费者,四川省,柑橘,个人,2024-04-26,46,False
2195,普通消费者,河北省,小麦,个人,2021-09-18,17,True
2196,农技人员,广东省,香蕉,农技服务站,2024-03-27,53,False
2197,农技人员,内蒙古自治区,羊肉,农技服务站,2021-04-23,34,False
2198,农技人员,辽宁省,苹果,农技服务站,2023-12-21,69,False
2199,采购商,江苏省,大闸蟹,中型采购商,2022-01-02,20,False
2200,普通消费者,贵州省,茶叶,个人,2025-01-03,30,False
2201,普通消费者,黑龙江省,水稻,个人,2020-12-07,23,False
2202,普通消费者,湖南省,茶叶,个人,2020-11-24,83,False
2203,采购商,青海省,青稞,小型采购商,2020-09-21,20,False
2204,农户,河南省,玉米,家庭农场,2024-09-16,31,False
2205,农技人员,云南省,花卉,农技服务站,2021-05-17,31,False
2206,农户,浙江省,茶叶,小农户,2023-01-02,70,False
2207,农户,广东省,龙眼,小农户,2025-06-03,45,False
2208,农技人员,河北省,红枣,农技服务站,2023-10-04,20,False
2209,农户,广东省,龙眼,合作社,2022-11-02,80,False
2210,普通消费者,贵州省,中药材,个人,2025-01-18,60,False
2211,采购商,四川省,柑橘,小型采购商,2024-10-18,44,False
2212,农户,西藏自治区,中药材,家庭农场,2024-03-05,9,True
2213,普通消费者,重庆市,生猪,个人,2022-09-04,197,False
2214,农技人员,四川省,猕猴桃,农技服务站,2025-03-18,143,False
2215,普通消费者,广东省,龙眼,个人,2023-12-25,29,False
2216,采购商,湖南省,柑橘,小型采购商,2020-03-23,20,False
2217,采购商,广西壮族自治区,芒果,小型采购商,2021-01-08,176,False
2218,采购商,浙江省,水产,小型采购商,2022-05-03,27,False
2219,农户,浙江省,水产,小农户,2022-05-28,103,False
2220,农技人员,广东省,香蕉,农技服务站,2022-09-22,57,False
2221,农户,新疆维吾尔自治区,棉花,家庭农场,2023-07-10,80,False
2222,农户,江苏省,水稻,家庭农场,2025-02-12,71,False
2223,采购商,河北省,梨,小型采购商,2021-08-20,87,False
2224,采购商,江苏省,蔬菜,中型采购商,2020-05-08,25,False
2225,农户,海南省,橡胶,小农户,2024-05-19,20,False
2226,采购商,湖南省,柑橘,中型采购商,2020-02-04,35,False
2227,农技人员,湖北省,水稻,农技服务站,2024-01-20,110,False
2228,采购商,辽宁省,樱桃,小型采购商,2021-07-21,20,False
2229,农户,甘肃省,马铃薯,家庭农场,2020-10-25,38,False
2230,普通消费者,江苏省,水果,个人,2020-08-17,179,False
2231,采购商,新疆维吾尔自治区,棉花,小型采购商,2021-04-27,1,True
2232,采购商,江苏省,水果,小型采购商,2021-10-17,111,False
2233,采购商,江苏省,水果,小型采购商,2022-10-04,196,False
2234,农技人员,四川省,蔬菜,农技服务站,2025-04-13,30,False
2235,普通消费者,山东省,苹果,个人,2020-05-20,4,True
2236,普通消费者,辽宁省,水稻,个人,2020-09-10,26,False
2237,农户,湖北省,水稻,小农户,2023-04-06,100,False
2238,普通消费者,安徽省,小麦,个人,2020-04-15,20,False
2239,农户,四川省,猕猴桃,合作社,2025-12-28,42,False
2240,农户,河北省,小麦,家庭农场,2025-01-25,25,False
2241,农户,北京市,水果,小农户,2025-01-17,20,False
2242,农户,山东省,苹果,合作社,2021-01-17,126,False
2243,农户,甘肃省,马铃薯,家庭农场,2020-07-05,20,False
2244,农户,北京市,蔬菜,小农户,2021-04-09,125,False
2245,农户,湖南省,柑橘,小农户,2020-08-21,134,False
2246,普通消费者,辽宁省,樱桃,个人,2024-04-17,117,False
2247,采购商,四川省,柑橘,小型采购商,2024-01-26,32,False
2248,农技人员,河南省,花生,农技服务站,2021-08-28,80,False
2249,采购商,山西省,红枣,小型采购商,2021-04-21,75,False
2250,采购商,四川省,猕猴桃,小型采购商,2025-01-20,144,False
2251,农户,福建省,茶叶,家庭农场,2022-10-06,171,False
2252,普通消费者,西藏自治区,中药材,个人,2021-07-25,26,False
2253,采购商,上海市,水果,中型采购商,2024-07-28,24,False
2254,农户,福建省,水产,小农户,2024-05-05,41,False
2255,农户,浙江省,柑橘,小农户,2024-02-10,17,True
2256,普通消费者,福建省,柑橘,个人,2021-04-04,20,False
2257,普通消费者,吉林省,大豆,个人,2021-07-13,38,False
2258,普通消费者,四川省,蔬菜,个人,2025-01-18,48,False
2259,农户,山东省,花生,合作社,2020-11-15,61,False
2260,农户,福建省,柑橘,小农户,2021-06-22,31,False
2261,普通消费者,辽宁省,樱桃,个人,2025-09-25,10,True
2262,普通消费者,山西省,小麦,个人,2025-02-05,152,False
2263,采购商,江苏省,大闸蟹,小型采购商,2022-09-22,29,False
2264,采购商,山东省,花生,中型采购商,2022-07-21,7,True
2265,农户,湖北省,水产,小农户,2025-03-25,21,False
2266,农技人员,福建省,茶叶,农技服务站,2022-04-25,21,False
2267,农技人员,广东省,香蕉,农技服务站,2024-05-21,189,False
2268,农户,天津市,水产,家庭农场,2020-01-22,135,False
2269,采购商,山西省,小麦,小型采购商,2020-02-27,129,False
2270,农技人员,四川省,柑橘,农技服务站,2024-06-27,189,False
2271,农户,上海市,水果,小农户,2024-11-09,20,False
2272,农户,广西壮族自治区,甘蔗,小农户,2021-11-17,29,False
2273,采购商,湖北省,水产,中型采购商,2020-12-12,39,False
2274,农户,四川省,茶叶,小农户,2024-05-13,52,False
2275,采购商,湖北省,柑橘,中型采购商,2023-11-05,22,False
2276,农户,福建省,茶叶,家庭农场,2023-12-21,198,False
2277,农户,四川省,柑橘,小农户,2024-02-25,69,False
2278,农户,北京市,花卉,小农户,2020-04-07,28,False
2279,农户,北京市,水果,小农户,2021-04-12,131,False
2280,农户,福建省,茶叶,小农户,2021-03-22,32,False
2281,采购商,四川省,水稻,小型采购商,2023-04-27,22,False
2282,采购商,山东省,花生,中型采购商,2022-07-04,20,False
2283,农技人员,甘肃省,苹果,农技服务站,2022-05-19,6,True
2284,普通消费者,江苏省,大闸蟹,个人,2023-05-17,4,True
2285,农技人员,江苏省,水稻,农技服务站,2021-08-07,51,False
2286,普通消费者,湖南省,水稻,个人,2021-08-24,47,False
2287,采购商,河南省,玉米,小型采购商,2021-11-03,194,False
2288,普通消费者,河北省,玉米,个人,2020-11-07,28,False
2289,普通消费者,湖南省,茶叶,个人,2025-08-26,34,False
2290,采购商,广东省,蔬菜,大型采购商,2021-09-08,188,False
2291,农技人员,福建省,食用菌,农技服务站,2023-01-11,42,False
2292,普通消费者,天津市,蔬菜,个人,2023-12-19,20,False
2293,采购商,湖南省,水稻,小型采购商,2025-01-13,143,False
2294,农户,湖南省,柑橘,家庭农场,2020-06-25,18,True
2295,农户,江西省,柑橘,小农户,2025-06-11,25,False
2296,农户,湖南省,茶叶,小农户,2022-09-15,167,False
2297,农户,福建省,茶叶,小农户,2021-02-19,49,False
2298,采购商,海南省,水产,大型采购商,2024-10-18,20,False
2299,农户,湖南省,茶叶,家庭农场,2020-03-05,84,False
2300,普通消费者,黑龙江省,大豆,个人,2025-09-14,156,False
2301,采购商,广东省,香蕉,中型采购商,2022-10-11,158,False
2302,农技人员,辽宁省,苹果,农技服务站,2022-06-15,38,False
2303,农技人员,海南省,热带水果,农技服务站,2025-11-15,6,True
2304,农户,福建省,水产,小农户,2021-09-25,103,False
2305,农户,安徽省,茶叶,小农户,2020-10-03,20,False
2306,采购商,湖北省,水产,小型采购商,2021-10-19,144,False
2307,农技人员,内蒙古自治区,羊肉,农技服务站,2022-09-19,41,False
2308,普通消费者,四川省,蔬菜,个人,2022-11-17,6,True
2309,采购商,贵州省,猕猴桃,小型采购商,2022-01-22,126,False
2310,普通消费者,浙江省,杨梅,个人,2025-08-19,4,True
2311,农户,山西省,红枣,家庭农场,2022-06-09,32,False
2312,普通消费者,湖南省,生猪,个人,2021-03-12,158,False
2313,农户,辽宁省,樱桃,家庭农场,2025-10-28,20,False
2314,农户,新疆维吾尔自治区,哈密瓜,小农户,2024-02-11,59,False
2315,农户,江西省,茶叶,小农户,2022-12-16,22,False
2316,普通消费者,浙江省,柑橘,个人,2023-10-08,108,False
2317,农户,安徽省,茶叶,小农户,2024-02-18,22,False
2318,农户,四川省,茶叶,小农户,2023-09-11,11,True
2319,普通消费者,云南省,咖啡,个人,2022-04-01,36,False
2320,采购商,山东省,苹果,大型采购商,2020-08-20,58,False
2321,农户,河北省,梨,小农户,2022-01-03,106,False
2322,农户,山东省,小麦,小农户,2022-06-07,20,False
2323,采购商,浙江省,柑橘,中型采购商,2023-12-28,92,False
2324,农户,湖南省,茶叶,小农户,2024-05-28,34,False
2325,普通消费者,黑龙江省,玉米,个人,2020-01-25,41,False
2326,农技人员,安徽省,水稻,农技服务站,2025-10-17,46,False
2327,农户,广西壮族自治区,柑橘,家庭农场,2020-05-12,36,False
2328,普通消费者,河北省,梨,个人,2023-03-05,151,False
2329,普通消费者,黑龙江省,小麦,个人,2023-01-11,154,False
2330,农技人员,贵州省,中药材,农技服务站,2024-08-09,27,False
2331,农户,河北省,梨,小农户,2025-11-09,21,False
2332,农户,安徽省,茶叶,家庭农场,2022-12-27,34,False
2333,农户,山东省,苹果,合作社,2025-07-11,1,True
2334,普通消费者,四川省,猕猴桃,个人,2022-11-08,20,False
2335,普通消费者,四川省,柑橘,个人,2021-11-27,185,False
2336,农户,江苏省,蔬菜,小农户,2020-06-11,20,False
2337,农技人员,辽宁省,水产,农技服务站,2024-12-06,41,False
2338,农户,江苏省,水果,小农户,2024-12-16,52,False
2339,普通消费者,陕西省,猕猴桃,个人,2023-08-21,20,False
2340,采购商,江苏省,水果,小型采购商,2020-03-12,174,False
2341,采购商,重庆市,茶叶,小型采购商,2020-09-07,102,False
2342,采购商,黑龙江省,水稻,中型采购商,2021-02-05,20,False
2343,农户,内蒙古自治区,马铃薯,家庭农场,2024-02-02,45,False
2344,农户,山东省,蔬菜,小农户,2023-03-07,80,False
2345,农技人员,四川省,柑橘,农技服务站,2023-07-17,33,False
2346,采购商,河南省,玉米,大型采购商,2023-08-11,23,False
2347,普通消费者,福建省,食用菌,个人,2023-03-13,30,False
2348,采购商,四川省,柑橘,中型采购商,2024-11-24,65,False
2349,普通消费者,福建省,茶叶,个人,2023-01-18,171,False
2350,农技人员,山东省,花生,农技服务站,2021-02-15,23,False
2351,农户,贵州省,辣椒,合作社,2025-10-06,198,False
2352,农户,河南省,玉米,小农户,2024-10-07,22,False
2353,普通消费者,天津市,水果,个人,2023-06-22,89,False
2354,采购商,广东省,龙眼,小型采购商,2021-06-21,26,False
2355,普通消费者,贵州省,辣椒,个人,2022-09-10,20,False
2356,农户,广西壮族自治区,香蕉,家庭农场,2023-04-06,117,False
2357,农户,四川省,猕猴桃,小农户,2022-10-26,143,False
2358,采购商,广西壮族自治区,柑橘,大型采购商,2024-10-15,19,True
2359,农户,四川省,水稻,小农户,2025-10-15,35,False
2360,普通消费者,广西壮族自治区,柑橘,个人,2023-12-27,74,False
2361,采购商,福建省,柑橘,小型采购商,2020-11-25,97,False
2362,普通消费者,湖南省,水稻,个人,2024-04-06,2,True
2363,农户,福建省,水产,小农户,2024-10-15,38,False
2364,农户,广西壮族自治区,芒果,家庭农场,2022-03-08,29,False
2365,农户,四川省,水稻,小农户,2022-05-08,162,False
2366,农户,福建省,食用菌,小农户,2020-06-27,106,False
2367,普通消费者,福建省,茶叶,个人,2020-03-21,28,False
2368,普通消费者,广西壮族自治区,芒果,个人,2025-01-03,20,False
2369,农技人员,辽宁省,樱桃,农技服务站,2020-10-27,51,False
2370,农户,湖南省,生猪,小农户,2025-10-16,4,True
2371,农户,四川省,柑橘,家庭农场,2020-04-06,31,False
2372,采购商,陕西省,小麦,小型采购商,2025-03-02,30,False
2373,普通消费者,江西省,水稻,个人,2020-07-13,80,False
2374,普通消费者,四川省,蔬菜,个人,2025-01-15,38,False
2375,农户,广西壮族自治区,香蕉,合作社,2021-10-24,22,False
2376,农户,福建省,水产,小农户,2021-09-01,26,False
2377,农技人员,甘肃省,苹果,农技服务站,2024-02-05,58,False
2378,农户,山东省,小麦,小农户,2024-11-13,35,False
2379,农户,江苏省,水稻,小农户,2022-03-05,20,False
2380,农户,四川省,蔬菜,小农户,2022-06-24,52,False
2381,普通消费者,黑龙江省,水稻,个人,2021-12-22,23,False
2382,农户,贵州省,中药材,家庭农场,2020-04-15,80,False
2383,农户,湖南省,茶叶,小农户,2024-06-13,56,False
2384,普通消费者,河南省,小麦,个人,2022-02-24,26,False
2385,农户,青海省,牦牛,小农户,2022-10-06,62,False
2386,采购商,广东省,龙眼,中型采购商,2020-08-24,34,False
2387,农户,湖南省,水稻,小农户,2021-03-28,50,False
2388,采购商,山西省,核桃,小型采购商,2021-11-21,42,False
2389,农户,陕西省,红枣,小农户,2020-02-01,21,False
2390,普通消费者,湖南省,生猪,个人,2024-11-15,24,False
2391,普通消费者,江苏省,水稻,个人,2022-08-19,55,False
2392,普通消费者,浙江省,水产,个人,2021-04-09,28,False
2393,农户,内蒙古自治区,牛奶,小农户,2020-02-02,27,False
2394,普通消费者,黑龙江省,水稻,个人,2020-04-01,174,False
2395,普通消费者,福建省,茶叶,个人,2023-07-09,20,False
2396,农户,河南省,小麦,小农户,2024-02-26,40,False
2397,农户,山东省,苹果,家庭农场,2020-06-23,3,True
2398,农户,四川省,茶叶,小农户,2020-08-23,80,False
2399,农户,四川省,猕猴桃,小农户,2024-05-16,20,False
2400,普通消费者,河南省,玉米,个人,2020-01-19,33,False
2401,农户,新疆维吾尔自治区,葡萄,小农户,2025-07-20,67,False
2402,农户,山东省,苹果,小农户,2025-04-20,31,False
2403,普通消费者,重庆市,生猪,个人,2022-07-13,41,False
2404,农户,浙江省,茶叶,小农户,2021-12-28,20,False
2405,农户,宁夏回族自治区,马铃薯,小农户,2020-05-11,41,False
2406,农户,四川省,水稻,小农户,2024-08-22,30,False
2407,普通消费者,四川省,猕猴桃,个人,2024-04-18,54,False
2408,采购商,吉林省,大豆,中型采购商,2022-04-22,88,False
2409,农户,河南省,花生,家庭农场,2024-01-26,59,False
2410,采购商,安徽省,蔬菜,大型采购商,2023-10-17,161,False
2411,农户,四川省,茶叶,小农户,2025-02-27,80,False
2412,采购商,云南省,茶叶,小型采购商,2023-02-05,44,False
2413,农户,四川省,茶叶,小农户,2021-04-27,38,False
2414,农户,河南省,花生,小农户,2020-10-15,88,False
2415,采购商,山西省,红枣,大型采购商,2025-03-01,36,False
2416,农户,湖北省,柑橘,小农户,2023-01-27,27,False
2417,采购商,四川省,猕猴桃,小型采购商,2024-02-08,39,False
2418,采购商,安徽省,蔬菜,大型采购商,2020-02-15,173,False
2419,普通消费者,河北省,梨,个人,2025-09-01,188,False
2420,农户,福建省,水产,家庭农场,2022-09-05,28,False
2421,农户,上海市,水果,小农户,2025-04-19,144,False
2422,农户,北京市,花卉,小农户,2020-05-18,16,True
2423,农户,江西省,柑橘,家庭农场,2023-10-03,36,False
2424,农技人员,云南省,茶叶,农技服务站,2021-09-16,63,False
2425,采购商,贵州省,中药材,中型采购商,2024-03-15,20,False
2426,农户,上海市,水产,合作社,2023-11-21,2,True
2427,采购商,广东省,荔枝,小型采购商,2020-10-14,58,False
2428,农技人员,河北省,玉米,农技服务站,2021-08-10,63,False
2429,普通消费者,福建省,柑橘,个人,2022-12-13,31,False
2430,普通消费者,湖北省,水产,个人,2021-05-21,20,False
2431,普通消费者,陕西省,红枣,个人,2024-07-13,20,False
2432,采购商,北京市,水果,小型采购商,2023-09-10,24,False
2433,农技人员,河南省,花生,农技服务站,2020-07-05,63,False
2434,普通消费者,安徽省,小麦,个人,2025-07-09,32,False
2435,农户,河北省,玉米,小农户,2023-09-23,20,False
2436,采购商,甘肃省,中药材,大型采购商,2023-08-05,176,False
2437,农技人员,安徽省,水稻,农技服务站,2023-01-20,91,False
2438,农户,河南省,小麦,小农户,2025-04-12,25,False
2439,普通消费者,辽宁省,樱桃,个人,2021-12-14,50,False
2440,农户,广西壮族自治区,甘蔗,小农户,2021-01-09,43,False
2441,农技人员,湖南省,水稻,农技服务站,2021-06-09,29,False
2442,农技人员,广东省,荔枝,农技服务站,2023-06-21,7,True
2443,采购商,广东省,蔬菜,小型采购商,2020-08-25,27,False
2444,普通消费者,重庆市,柑橘,个人,2024-03-23,27,False
2445,农技人员,云南省,茶叶,农技服务站,2024-09-24,13,True
2446,农技人员,福建省,茶叶,农技服务站,2022-02-15,20,False
2447,农技人员,西藏自治区,青稞,农技服务站,2022-10-06,160,False
2448,农户,广东省,蔬菜,家庭农场,2024-10-26,169,False
2449,普通消费者,湖南省,生猪,个人,2022-09-13,74,False
2450,采购商,新疆维吾尔自治区,葡萄,小型采购商,2022-06-26,28,False
2451,农户,安徽省,小麦,小农户,2025-08-12,60,False
2452,普通消费者,甘肃省,马铃薯,个人,2022-02-03,70,False
2453,农技人员,广西壮族自治区,柑橘,农技服务站,2024-09-25,54,False
2454,普通消费者,河南省,花生,个人,2021-07-23,26,False
2455,农户,安徽省,茶叶,小农户,2020-07-16,1,True
2456,采购商,辽宁省,水稻,中型采购商,2022-09-19,40,False
2457,农户,重庆市,生猪,家庭农场,2022-12-28,32,False
2458,农技人员,河北省,小麦,农技服务站,2022-07-09,21,False
2459,普通消费者,北京市,水果,个人,2023-06-16,38,False
2460,农户,山西省,小麦,家庭农场,2022-06-08,20,False
2461,农技人员,安徽省,蔬菜,农技服务站,2021-04-28,59,False
2462,农户,湖南省,生猪,家庭农场,2025-03-25,26,False
2463,采购商,四川省,茶叶,中型采购商,2024-10-12,36,False
2464,农户,陕西省,小麦,小农户,2021-02-06,38,False
2465,农户,云南省,水果,小农户,2023-12-22,29,False
2466,农技人员,云南省,茶叶,农技服务站,2023-01-04,9,True
2467,采购商,山东省,小麦,大型采购商,2024-05-18,44,False
2468,采购商,西藏自治区,青稞,中型采购商,2024-01-04,26,False
2469,农技人员,湖南省,生猪,农技服务站,2024-03-07,102,False
2470,采购商,甘肃省,苹果,小型采购商,2020-05-15,51,False
2471,采购商,贵州省,辣椒,中型采购商,2023-02-05,20,False
2472,普通消费者,四川省,蔬菜,个人,2022-04-24,35,False
2473,农技人员,广东省,香蕉,农技服务站,2025-10-24,80,False
2474,普通消费者,四川省,蔬菜,个人,2022-11-06,20,False
2475,农户,河北省,梨,小农户,2025-09-23,23,False
2476,农技人员,甘肃省,苹果,农技服务站,2022-01-02,42,False
2477,农技人员,江苏省,蔬菜,农技服务站,2022-11-15,36,False
2478,农户,河南省,小麦,小农户,2021-03-23,116,False
2479,普通消费者,安徽省,蔬菜,个人,2025-10-24,90,False
2480,农技人员,山西省,小麦,农技服务站,2021-04-22,39,False
2481,采购商,广西壮族自治区,香蕉,小型采购商,2021-09-18,42,False
2482,农户,四川省,茶叶,小农户,2020-11-18,3,True
2483,采购商,浙江省,柑橘,中型采购商,2022-06-23,45,False
2484,农户,安徽省,小麦,小农户,2024-09-27,57,False
2485,采购商,广东省,龙眼,大型采购商,2020-01-28,169,False
2486,普通消费者,广西壮族自治区,甘蔗,个人,2025-07-15,40,False
2487,农户,山西省,小麦,小农户,2021-05-09,29,False
2488,采购商,浙江省,杨梅,小型采购商,2024-04-27,46,False
2489,农户,四川省,蔬菜,家庭农场,2023-12-26,80,False
2490,农户,江西省,茶叶,小农户,2024-02-05,30,False
2491,普通消费者,河北省,梨,个人,2024-12-13,152,False
2492,采购商,青海省,油菜,中型采购商,2021-12-20,11,True
2493,农技人员,陕西省,小麦,农技服务站,2020-05-27,20,False
2494,农户,浙江省,茶叶,家庭农场,2025-10-18,57,False
2495,农户,广东省,香蕉,小农户,2021-09-21,31,False
2496,农技人员,河北省,玉米,农技服务站,2024-02-05,162,False
2497,采购商,河北省,红枣,大型采购商,2021-10-07,146,False
2498,普通消费者,重庆市,蔬菜,个人,2021-03-04,4,True
2499,农户,广东省,荔枝,小农户,2025-09-13,20,False
2500,农户,四川省,水稻,小农户,2025-10-22,197,False
2501,普通消费者,湖北省,水产,个人,2020-01-18,10,True
2502,农户,浙江省,茶叶,小农户,2025-04-18,50,False
2503,农户,广东省,荔枝,小农户,2020-08-09,25,False
2504,普通消费者,新疆维吾尔自治区,哈密瓜,个人,2021-06-10,31,False
2505,普通消费者,江苏省,水稻,个人,2020-01-07,39,False
2506,普通消费者,湖北省,水产,个人,2021-01-12,115,False
2507,普通消费者,天津市,水果,个人,2023-08-27,1,True
2508,普通消费者,四川省,茶叶,个人,2025-07-14,36,False
2509,农户,山西省,小麦,合作社,2022-02-23,8,True
2510,普通消费者,四川省,茶叶,个人,2024-06-04,47,False
2511,普通消费者,重庆市,茶叶,个人,2024-08-02,26,False
2512,农户,云南省,花卉,小农户,2024-04-10,42,False
2513,农户,广西壮族自治区,香蕉,小农户,2024-08-26,8,True
2514,农技人员,福建省,茶叶,农技服务站,2023-09-22,29,False
2515,农技人员,安徽省,茶叶,农技服务站,2020-06-26,47,False
2516,农户,湖北省,水稻,小农户,2023-01-23,45,False
2517,农户,上海市,蔬菜,小农户,2025-06-15,160,False
2518,农技人员,福建省,柑橘,农技服务站,2023-01-10,150,False
2519,普通消费者,云南省,咖啡,个人,2021-02-26,20,False
2520,农户,江苏省,水稻,小农户,2023-05-23,5,True
2521,农技人员,浙江省,柑橘,农技服务站,2020-02-18,56,False
2522,普通消费者,福建省,食用菌,个人,2020-10-23,25,False
2523,普通消费者,湖南省,柑橘,个人,2021-03-20,122,False
2524,农技人员,四川省,水稻,农技服务站,2025-05-24,49,False
2525,农户,山东省,小麦,家庭农场,2022-08-27,120,False
2526,农技人员,河北省,小麦,农技服务站,2024-03-05,126,False
2527,农技人员,四川省,蔬菜,农技服务站,2020-12-02,13,True
2528,农户,陕西省,红枣,小农户,2020-08-06,39,False
2529,农户,内蒙古自治区,小麦,合作社,2024-03-18,80,False
2530,普通消费者,甘肃省,苹果,个人,2020-01-03,29,False
2531,采购商,重庆市,蔬菜,小型采购商,2022-12-15,27,False
2532,农户,湖南省,生猪,合作社,2024-06-01,32,False
2533,农户,浙江省,茶叶,小农户,2024-06-01,28,False
2534,普通消费者,甘肃省,马铃薯,个人,2025-02-11,49,False
2535,农户,甘肃省,苹果,小农户,2023-01-27,20,False
2536,农户,四川省,水稻,家庭农场,2024-06-22,16,True
2537,农户,陕西省,苹果,家庭农场,2024-05-18,20,False
2538,采购商,广东省,龙眼,中型采购商,2024-08-14,20,False
2539,采购商,新疆维吾尔自治区,红枣,小型采购商,2024-05-09,178,False
2540,农户,内蒙古自治区,马铃薯,合作社,2025-09-05,105,False
2541,普通消费者,黑龙江省,水稻,个人,2021-12-25,9,True
2542,农户,河南省,蔬菜,小农户,2021-02-15,107,False
2543,普通消费者,贵州省,猕猴桃,个人,2023-05-17,53,False
2544,普通消费者,江苏省,大闸蟹,个人,2023-09-02,77,False
2545,农户,福建省,茶叶,家庭农场,2023-04-19,31,False
2546,普通消费者,西藏自治区,牦牛,个人,2024-09-07,30,False
2547,普通消费者,江苏省,大闸蟹,个人,2023-11-28,34,False
2548,普通消费者,福建省,食用菌,个人,2022-01-15,198,False
2549,农户,四川省,猕猴桃,小农户,2022-06-03,59,False
2550,农户,河南省,玉米,家庭农场,2020-10-02,20,False
2551,农户,云南省,茶叶,小农户,2025-12-10,37,False
2552,采购商,安徽省,小麦,小型采购商,2020-02-15,53,False
2553,普通消费者,山东省,苹果,个人,2021-06-26,42,False
2554,普通消费者,江西省,水稻,个人,2025-12-06,36,False
2555,农户,广西壮族自治区,芒果,合作社,2022-05-23,167,False
2556,农户,四川省,水稻,家庭农场,2021-08-11,54,False
2557,普通消费者,浙江省,茶叶,个人,2020-03-28,20,False
2558,普通消费者,重庆市,柑橘,个人,2022-02-11,46,False
2559,采购商,河南省,花生,大型采购商,2025-11-22,23,False
2560,农技人员,甘肃省,苹果,农技服务站,2020-08-10,16,True
2561,农户,湖北省,柑橘,家庭农场,2023-10-18,12,True
2562,采购商,安徽省,茶叶,中型采购商,2021-11-25,86,False
2563,农户,湖南省,柑橘,合作社,2025-01-07,20,False
2564,采购商,四川省,猕猴桃,小型采购商,2020-04-14,20,False
2565,采购商,云南省,茶叶,小型采购商,2022-11-20,108,False
2566,普通消费者,江苏省,大闸蟹,个人,2024-06-12,42,False
2567,农户,浙江省,杨梅,小农户,2022-07-03,14,True
2568,普通消费者,福建省,茶叶,个人,2025-01-13,65,False
2569,普通消费者,山西省,小米,个人,2020-09-13,30,False
2570,农技人员,四川省,柑橘,农技服务站,2023-09-09,53,False
2571,农户,甘肃省,中药材,家庭农场,2024-05-10,74,False
2572,普通消费者,浙江省,柑橘,个人,2020-01-13,63,False
2573,农户,内蒙古自治区,羊肉,小农户,2020-04-06,75,False
2574,普通消费者,四川省,柑橘,个人,2023-06-09,47,False
2575,农户,江苏省,水果,小农户,2021-10-02,34,False
2576,采购商,福建省,柑橘,小型采购商,2021-05-11,88,False
2577,农户,贵州省,茶叶,家庭农场,2023-11-02,20,False
2578,农户,云南省,水果,小农户,2021-01-05,94,False
2579,农户,湖南省,柑橘,家庭农场,2024-01-10,122,False
2580,普通消费者,重庆市,生猪,个人,2022-10-18,29,False
2581,农技人员,江苏省,大闸蟹,农技服务站,2020-03-19,21,False
2582,普通消费者,江苏省,水果,个人,2020-04-27,80,False
2583,采购商,甘肃省,马铃薯,大型采购商,2021-08-12,30,False
2584,农户,广东省,蔬菜,家庭农场,2025-10-05,15,True
2585,农户,黑龙江省,大豆,小农户,2024-01-06,35,False
2586,采购商,河南省,玉米,小型采购商,2024-02-17,43,False
2587,农技人员,四川省,猕猴桃,农技服务站,2024-02-14,33,False
2588,农户,湖南省,茶叶,小农户,2024-02-24,77,False
2589,农户,云南省,水果,小农户,2025-02-13,24,False
2590,农户,四川省,猕猴桃,合作社,2023-09-25,157,False
2591,普通消费者,四川省,茶叶,个人,2024-03-17,141,False
2592,普通消费者,黑龙江省,玉米,个人,2022-05-28,4,True
2593,普通消费者,山东省,花生,个人,2021-01-02,36,False
2594,农户,江苏省,大闸蟹,家庭农场,2021-03-22,87,False
2595,农户,广东省,蔬菜,合作社,2025-04-24,22,False
2596,采购商,河北省,小麦,小型采购商,2022-10-20,20,False
2597,采购商,江西省,水稻,小型采购商,2025-04-02,24,False
2598,采购商,河南省,玉米,小型采购商,2023-08-12,96,False
2599,采购商,山东省,小麦,中型采购商,2020-03-17,11,True
2600,普通消费者,湖南省,生猪,个人,2021-01-22,87,False
2601,农户,贵州省,辣椒,合作社,2023-08-15,32,False
2602,普通消费者,山东省,蔬菜,个人,2021-02-22,6,True
2603,普通消费者,山东省,苹果,个人,2023-05-13,85,False
2604,普通消费者,河南省,玉米,个人,2020-01-09,26,False
2605,普通消费者,福建省,食用菌,个人,2020-10-13,23,False
2606,农户,山东省,蔬菜,合作社,2023-08-01,20,False
2607,农户,福建省,食用菌,合作社,2023-07-15,192,False
2608,普通消费者,浙江省,水产,个人,2021-02-19,31,False
2609,农户,浙江省,杨梅,小农户,2022-05-21,14,True
2610,农户,河南省,花生,家庭农场,2021-12-08,20,False
2611,农户,江苏省,水果,小农户,2021-03-28,48,False
2612,农户,甘肃省,马铃薯,小农户,2021-05-07,34,False
2613,采购商,重庆市,茶叶,大型采购商,2024-12-11,20,False
2614,农户,江西省,水稻,小农户,2023-10-22,28,False
2615,采购商,重庆市,蔬菜,中型采购商,2025-05-27,22,False
2616,采购商,福建省,水产,小型采购商,2021-09-11,193,False
2617,农户,海南省,橡胶,合作社,2021-06-22,18,True
2618,农户,广东省,龙眼,合作社,2020-12-08,12,True
2619,普通消费者,河北省,红枣,个人,2020-06-24,38,False
2620,普通消费者,贵州省,中药材,个人,2025-10-22,64,False
2621,农户,湖北省,莲藕,家庭农场,2025-06-07,20,False
2622,农户,浙江省,水产,合作社,2022-07-13,156,False
2623,普通消费者,浙江省,茶叶,个人,2023-04-09,35,False
2624,农户,江苏省,水稻,小农户,2020-10-11,199,False
2625,采购商,北京市,花卉,小型采购商,2022-03-25,30,False
2626,农户,贵州省,猕猴桃,小农户,2023-05-28,46,False
2627,农户,重庆市,柑橘,小农户,2022-03-08,36,False
2628,采购商,青海省,青稞,小型采购商,2020-05-02,113,False
2629,采购商,安徽省,小麦,中型采购商,2021-07-27,22,False
2630,普通消费者,甘肃省,中药材,个人,2025-01-15,28,False
2631,农户,云南省,花卉,小农户,2025-01-01,22,False
2632,采购商,山东省,小麦,大型采购商,2021-02-03,56,False
2633,农技人员,山东省,小麦,农技服务站,2022-03-07,33,False
2634,普通消费者,广东省,龙眼,个人,2023-09-26,80,False
2635,农户,江西省,油茶,小农户,2023-04-21,191,False
2636,采购商,吉林省,玉米,中型采购商,2023-06-24,108,False
2637,普通消费者,湖北省,柑橘,个人,2024-07-13,32,False
2638,农技人员,河南省,小麦,农技服务站,2020-05-02,23,False
2639,农户,云南省,咖啡,家庭农场,2023-09-03,12,True
2640,农户,河北省,小麦,小农户,2021-08-28,20,False
2641,采购商,四川省,柑橘,小型采购商,2025-04-04,20,False
2642,采购商,广东省,荔枝,中型采购商,2021-07-17,168,False
2643,农户,西藏自治区,青稞,小农户,2021-07-20,20,False
2644,采购商,河北省,红枣,小型采购商,2025-01-20,37,False
2645,采购商,辽宁省,水产,中型采购商,2022-03-24,42,False
2646,采购商,吉林省,水稻,大型采购商,2021-03-05,20,False
2647,普通消费者,湖北省,柑橘,个人,2024-10-20,51,False
2648,农户,内蒙古自治区,羊肉,家庭农场,2021-03-08,26,False
2649,农户,浙江省,茶叶,小农户,2020-01-18,85,False
2650,农技人员,浙江省,水产,农技服务站,2020-09-26,35,False
2651,普通消费者,浙江省,茶叶,个人,2020-08-04,74,False
2652,农户,辽宁省,樱桃,家庭农场,2024-11-18,51,False
2653,农户,山东省,花生,家庭农场,2025-07-23,28,False
2654,农技人员,广东省,蔬菜,农技服务站,2023-04-11,21,False
2655,农户,山东省,蔬菜,合作社,2021-03-06,145,False
2656,农户,山东省,小麦,小农户,2021-06-18,189,False
2657,采购商,河南省,玉米,小型采购商,2022-07-02,20,False
2658,普通消费者,辽宁省,水稻,个人,2021-06-21,13,True
2659,农户,山西省,小麦,家庭农场,2021-02-28,23,False
2660,农技人员,广东省,蔬菜,农技服务站,2022-02-27,29,False
2661,农技人员,江苏省,蔬菜,农技服务站,2020-11-18,20,False
2662,农户,江西省,柑橘,家庭农场,2021-07-22,10,True
2663,采购商,广东省,蔬菜,中型采购商,2023-02-11,31,False
2664,普通消费者,四川省,猕猴桃,个人,2022-10-03,34,False
2665,普通消费者,江西省,茶叶,个人,2020-07-24,29,False
2666,农户,云南省,咖啡,小农户,2022-01-19,91,False
2667,采购商,浙江省,柑橘,中型采购商,2023-09-16,23,False
2668,农户,湖北省,水稻,家庭农场,2020-05-06,36,False
2669,农户,四川省,蔬菜,家庭农场,2023-02-05,41,False
2670,农户,江苏省,大闸蟹,小农户,2025-07-20,20,False
2671,农技人员,辽宁省,水产,农技服务站,2020-10-17,67,False
2672,农户,湖南省,生猪,小农户,2024-03-05,31,False
2673,农户,云南省,水果,合作社,2025-10-17,33,False
2674,农技人员,福建省,食用菌,农技服务站,2021-11-07,167,False
2675,采购商,重庆市,茶叶,小型采购商,2024-02-21,47,False
2676,农户,河南省,花生,小农户,2020-03-02,37,False
2677,采购商,浙江省,茶叶,中型采购商,2023-07-09,152,False
2678,采购商,黑龙江省,玉米,小型采购商,2025-01-01,53,False
2679,普通消费者,湖北省,莲藕,个人,2022-09-22,38,False
2680,农技人员,江苏省,水果,农技服务站,2024-08-10,91,False
2681,农技人员,河南省,花生,农技服务站,2023-12-02,24,False
2682,农户,四川省,柑橘,小农户,2025-04-16,39,False
2683,采购商,浙江省,杨梅,中型采购商,2024-03-15,20,False
2684,农户,辽宁省,水稻,小农户,2025-07-08,34,False
2685,农户,浙江省,水产,家庭农场,2021-06-12,32,False
2686,农技人员,湖北省,柑橘,农技服务站,2023-05-08,189,False
2687,农户,江苏省,蔬菜,家庭农场,2022-05-14,29,False
2688,农户,宁夏回族自治区,马铃薯,家庭农场,2022-12-08,31,False
2689,农户,四川省,猕猴桃,家庭农场,2023-10-20,20,False
2690,普通消费者,广东省,香蕉,个人,2022-10-15,25,False
2691,采购商,广东省,蔬菜,小型采购商,2024-11-27,34,False
2692,采购商,山东省,苹果,中型采购商,2024-07-05,35,False
2693,农技人员,北京市,花卉,农技服务站,2025-09-21,20,False
2694,农技人员,新疆维吾尔自治区,葡萄,农技服务站,2020-04-06,62,False
2695,农户,山西省,小麦,小农户,2025-03-04,177,False
2696,农户,江苏省,蔬菜,小农户,2025-12-26,21,False
2697,农户,黑龙江省,大豆,家庭农场,2021-01-08,10,True
2698,农户,湖南省,茶叶,小农户,2020-03-24,53,False
2699,采购商,吉林省,水稻,大型采购商,2022-02-05,41,False
2700,农户,新疆维吾尔自治区,葡萄,家庭农场,2022-09-23,23,False
2701,农户,安徽省,蔬菜,合作社,2024-07-26,19,True
2702,采购商,上海市,水果,中型采购商,2024-05-07,80,False
2703,农户,浙江省,茶叶,小农户,2024-09-12,7,True
2704,农户,河南省,蔬菜,小农户,2025-12-05,8,True
2705,农户,湖北省,柑橘,小农户,2021-11-04,8,True
2706,采购商,陕西省,小麦,中型采购商,2025-11-26,20,False
2707,普通消费者,福建省,茶叶,个人,2020-09-26,163,False
2708,农户,陕西省,猕猴桃,小农户,2022-07-25,52,False
2709,农户,甘肃省,马铃薯,家庭农场,2023-08-10,9,True
2710,农户,四川省,柑橘,家庭农场,2020-03-08,54,False
2711,普通消费者,浙江省,茶叶,个人,2021-03-27,23,False
2712,普通消费者,湖南省,茶叶,个人,2021-08-25,66,False
2713,普通消费者,重庆市,蔬菜,个人,2021-04-05,29,False
2714,农户,贵州省,茶叶,小农户,2021-06-13,38,False
2715,农户,河南省,小麦,小农户,2021-04-09,37,False
2716,农技人员,广西壮族自治区,甘蔗,农技服务站,2025-07-26,30,False
2717,普通消费者,四川省,茶叶,个人,2021-08-20,49,False
2718,普通消费者,江苏省,水稻,个人,2021-05-21,49,False
2719,农户,上海市,蔬菜,合作社,2025-10-18,20,False
2720,普通消费者,河南省,小麦,个人,2021-05-23,181,False
2721,农户,山东省,小麦,小农户,2024-12-26,178,False
2722,农户,湖北省,柑橘,合作社,2025-03-10,12,True
2723,农户,吉林省,人参,合作社,2022-11-18,63,False
2724,普通消费者,山东省,花生,个人,2025-11-23,20,False
2725,普通消费者,湖南省,柑橘,个人,2022-01-13,55,False
2726,农技人员,河北省,红枣,农技服务站,2021-11-16,58,False
2727,农户,新疆维吾尔自治区,棉花,小农户,2022-10-02,154,False
2728,普通消费者,浙江省,水产,个人,2024-05-23,20,False
2729,农技人员,广西壮族自治区,柑橘,农技服务站,2023-04-21,26,False
2730,采购商,北京市,蔬菜,小型采购商,2020-02-02,20,False
2731,农技人员,河北省,玉米,农技服务站,2025-06-23,29,False
2732,普通消费者,广西壮族自治区,甘蔗,个人,2025-02-15,190,False
2733,普通消费者,江苏省,水稻,个人,2025-04-20,28,False
2734,农户,宁夏回族自治区,小麦,小农户,2022-03-20,48,False
2735,普通消费者,云南省,水果,个人,2020-03-06,63,False
2736,农技人员,浙江省,杨梅,农技服务站,2021-04-18,66,False
2737,农户,浙江省,杨梅,小农户,2020-07-06,25,False
2738,农户,黑龙江省,小麦,家庭农场,2021-04-24,29,False
2739,采购商,吉林省,水稻,大型采购商,2022-05-15,186,False
2740,农户,河北省,红枣,小农户,2024-06-01,20,False
2741,农户,河南省,花生,家庭农场,2023-09-22,22,False
2742,采购商,甘肃省,中药材,中型采购商,2023-08-09,53,False
2743,普通消费者,湖南省,柑橘,个人,2021-10-24,74,False
2744,农户,河南省,蔬菜,小农户,2021-03-12,20,False
2745,农户,山东省,花生,小农户,2020-03-26,24,False
2746,农户,浙江省,柑橘,小农户,2022-02-03,32,False
2747,普通消费者,重庆市,生猪,个人,2021-01-05,38,False
2748,农户,江西省,油茶,小农户,2021-08-22,22,False
2749,农户,湖南省,茶叶,家庭农场,2021-01-14,40,False
2750,农户,广东省,荔枝,家庭农场,2024-06-04,26,False
2751,采购商,广东省,荔枝,小型采购商,2024-09-28,170,False
2752,普通消费者,四川省,水稻,个人,2021-03-04,102,False
2753,普通消费者,浙江省,杨梅,个人,2024-11-04,32,False
2754,农技人员,新疆维吾尔自治区,红枣,农技服务站,2024-08-13,43,False
2755,农户,云南省,茶叶,小农户,2022-09-18,10,True
2756,普通消费者,云南省,茶叶,个人,2020-07-06,33,False
2757,农技人员,北京市,水果,农技服务站,2025-09-16,26,False
2758,农户,江苏省,水果,家庭农场,2022-07-24,31,False
2759,采购商,安徽省,小麦,小型采购商,2025-03-04,31,False
2760,采购商,湖南省,柑橘,小型采购商,2021-03-01,27,False
2761,农户,江苏省,蔬菜,小农户,2020-05-24,29,False
2762,农技人员,甘肃省,马铃薯,农技服务站,2020-08-28,73,False
2763,农户,云南省,咖啡,小农户,2024-02-21,43,False
2764,采购商,山东省,苹果,小型采购商,2023-07-14,6,True
2765,采购商,四川省,猕猴桃,大型采购商,2025-03-18,28,False
2766,农技人员,河南省,小麦,农技服务站,2020-06-21,6,True
2767,农户,甘肃省,中药材,小农户,2020-06-18,46,False
2768,普通消费者,内蒙古自治区,羊肉,个人,2025-10-25,28,False
2769,农户,湖南省,生猪,小农户,2023-07-08,102,False
2770,普通消费者,西藏自治区,青稞,个人,2024-10-13,59,False
2771,普通消费者,河南省,蔬菜,个人,2023-12-03,39,False
2772,采购商,甘肃省,小麦,小型采购商,2023-02-08,31,False
2773,农户,贵州省,茶叶,合作社,2021-03-22,41,False
2774,农户,山西省,红枣,小农户,2024-09-24,124,False
2775,普通消费者,湖北省,水稻,个人,2024-08-11,20,False
2776,普通消费者,北京市,蔬菜,个人,2023-08-16,20,False
2777,采购商,湖南省,茶叶,中型采购商,2021-01-21,148,False
2778,农技人员,新疆维吾尔自治区,葡萄,农技服务站,2021-02-20,20,False
2779,采购商,天津市,蔬菜,小型采购商,2024-12-04,35,False
2780,采购商,安徽省,小麦,中型采购商,2022-06-22,78,False
2781,采购商,四川省,柑橘,中型采购商,2023-06-23,131,False
2782,农技人员,云南省,咖啡,农技服务站,2024-02-05,80,False
2783,农户,安徽省,小麦,小农户,2021-10-09,45,False
2784,采购商,四川省,茶叶,中型采购商,2021-10-28,42,False
2785,农技人员,辽宁省,樱桃,农技服务站,2024-07-14,20,False
2786,普通消费者,四川省,茶叶,个人,2024-10-13,25,False
2787,采购商,福建省,水产,小型采购商,2025-08-09,22,False
2788,采购商,内蒙古自治区,牛奶,小型采购商,2020-09-07,182,False
2789,农技人员,江苏省,水果,农技服务站,2023-04-10,146,False
2790,普通消费者,浙江省,水产,个人,2025-10-18,93,False
2791,普通消费者,江苏省,水稻,个人,2022-05-11,20,False
2792,农户,辽宁省,水产,家庭农场,2022-03-04,84,False
2793,农户,山东省,花生,小农户,2023-05-18,24,False
2794,农户,内蒙古自治区,羊肉,小农户,2022-06-17,30,False
2795,农户,福建省,柑橘,家庭农场,2020-06-16,26,False
2796,普通消费者,福建省,水产,个人,2022-12-04,20,False
2797,农技人员,新疆维吾尔自治区,棉花,农技服务站,2021-08-26,48,False
2798,农户,四川省,水稻,家庭农场,2025-07-25,20,False
2799,农户,甘肃省,苹果,家庭农场,2020-06-13,37,False
2800,采购商,云南省,花卉,中型采购商,2024-11-28,117,False
2801,农技人员,福建省,水产,农技服务站,2025-01-21,80,False
2802,农技人员,湖南省,水稻,农技服务站,2020-02-21,20,False
2803,农技人员,甘肃省,马铃薯,农技服务站,2020-04-09,118,False
2804,普通消费者,广东省,荔枝,个人,2023-08-09,20,False
2805,普通消费者,福建省,水产,个人,2022-03-10,128,False
2806,农户,贵州省,茶叶,小农户,2022-10-20,28,False
2807,农技人员,江苏省,水果,农技服务站,2021-03-28,57,False
2808,采购商,江苏省,大闸蟹,大型采购商,2025-11-10,80,False
2809,农户,河北省,红枣,合作社,2022-09-10,20,False
2810,农户,安徽省,蔬菜,小农户,2020-04-18,42,False
2811,农户,吉林省,水稻,小农户,2025-06-07,26,False
2812,采购商,新疆维吾尔自治区,棉花,小型采购商,2021-07-05,31,False
2813,普通消费者,重庆市,柑橘,个人,2025-08-08,161,False
2814,农户,海南省,橡胶,小农户,2022-09-21,80,False
2815,农户,浙江省,杨梅,家庭农场,2022-09-11,20,False
2816,采购商,江苏省,蔬菜,小型采购商,2022-02-13,37,False
2817,农技人员,湖北省,水稻,农技服务站,2023-02-02,41,False
2818,农户,内蒙古自治区,马铃薯,小农户,2024-02-09,56,False
2819,农户,湖北省,莲藕,家庭农场,2022-03-10,34,False
2820,农技人员,广西壮族自治区,芒果,农技服务站,2020-08-04,38,False
2821,农户,黑龙江省,小麦,小农户,2022-10-07,8,True
2822,农技人员,河北省,玉米,农技服务站,2021-02-17,27,False
2823,农户,贵州省,辣椒,小农户,2025-09-20,134,False
2824,普通消费者,河北省,玉米,个人,2024-02-12,37,False
2825,农技人员,湖北省,水稻,农技服务站,2022-09-14,27,False
2826,采购商,江苏省,水稻,小型采购商,2022-07-11,107,False
2827,普通消费者,广西壮族自治区,香蕉,个人,2024-01-04,45,False
2828,普通消费者,浙江省,水产,个人,2021-05-09,143,False
2829,农户,湖北省,水产,合作社,2024-07-19,119,False
2830,农户,黑龙江省,大豆,小农户,2024-05-13,27,False
2831,农技人员,宁夏回族自治区,马铃薯,农技服务站,2020-10-19,39,False
2832,普通消费者,陕西省,苹果,个人,2020-09-20,32,False
2833,农技人员,福建省,柑橘,农技服务站,2025-12-11,58,False
2834,采购商,福建省,水产,中型采购商,2022-05-06,32,False
2835,农户,广西壮族自治区,芒果,家庭农场,2025-10-24,20,False
2836,农户,河南省,花生,家庭农场,2023-06-21,62,False
2837,农户,河北省,小麦,家庭农场,2020-03-05,19,True
2838,农技人员,河北省,小麦,农技服务站,2021-05-17,21,False
2839,采购商,山西省,小麦,大型采购商,2023-01-11,23,False
2840,农技人员,重庆市,茶叶,农技服务站,2022-02-26,24,False
2841,普通消费者,湖南省,柑橘,个人,2024-07-17,65,False
2842,农户,广东省,荔枝,小农户,2024-06-25,20,False
2843,农技人员,贵州省,辣椒,农技服务站,2024-08-27,80,False
2844,农户,重庆市,柑橘,家庭农场,2020-12-26,56,False
2845,普通消费者,海南省,水产,个人,2024-11-28,37,False
2846,农户,湖北省,水稻,小农户,2021-09-28,32,False
2847,农技人员,河南省,花生,农技服务站,2020-11-27,38,False
2848,采购商,河北省,小麦,中型采购商,2023-12-01,42,False
2849,采购商,河南省,蔬菜,小型采购商,2025-02-04,45,False
2850,普通消费者,山东省,蔬菜,个人,2024-03-28,43,False
2851,农技人员,山东省,小麦,农技服务站,2022-02-08,34,False
2852,农户,四川省,蔬菜,小农户,2024-02-28,30,False
2853,农户,广东省,荔枝,家庭农场,2022-04-23,30,False
2854,农技人员,山西省,小麦,农技服务站,2021-07-25,30,False
2855,普通消费者,山东省,小麦,个人,2024-12-20,58,False
2856,农户,浙江省,茶叶,家庭农场,2025-06-18,44,False
2857,普通消费者,云南省,水果,个人,2020-06-21,137,False
2858,采购商,山东省,小麦,大型采购商,2023-04-19,20,False
2859,农户,浙江省,茶叶,小农户,2022-04-13,158,False
2860,农户,山东省,蔬菜,小农户,2021-08-01,149,False
2861,采购商,西藏自治区,中药材,小型采购商,2020-06-08,45,False
2862,农技人员,浙江省,杨梅,农技服务站,2022-02-27,36,False
2863,农技人员,四川省,水稻,农技服务站,2024-12-15,121,False
2864,采购商,河南省,花生,小型采购商,2022-01-12,84,False
2865,农户,福建省,茶叶,小农户,2021-01-09,32,False
2866,农技人员,湖南省,水稻,农技服务站,2022-11-09,27,False
2867,农技人员,河北省,玉米,农技服务站,2024-06-26,58,False
2868,农户,湖南省,水稻,小农户,2023-05-23,53,False
2869,普通消费者,新疆维吾尔自治区,棉花,个人,2024-03-06,22,False
2870,普通消费者,广东省,蔬菜,个人,2022-06-25,94,False
2871,普通消费者,广东省,香蕉,个人,2024-12-15,40,False
2872,农技人员,湖北省,柑橘,农技服务站,2020-11-14,151,False
2873,普通消费者,贵州省,中药材,个人,2022-12-25,105,False
2874,农户,河南省,小麦,小农户,2021-09-16,20,False
2875,采购商,海南省,热带水果,中型采购商,2021-07-10,20,False
2876,农技人员,吉林省,玉米,农技服务站,2021-12-01,24,False
2877,采购商,山东省,小麦,小型采购商,2025-07-01,50,False
2878,农户,山东省,小麦,家庭农场,2020-05-03,53,False
2879,农户,新疆维吾尔自治区,棉花,家庭农场,2025-11-12,42,False
2880,农户,广东省,香蕉,小农户,2020-12-23,47,False
2881,采购商,陕西省,苹果,中型采购商,2021-05-12,110,False
2882,普通消费者,辽宁省,苹果,个人,2024-08-23,42,False
2883,农户,辽宁省,樱桃,小农户,2022-09-15,18,True
2884,农技人员,广西壮族自治区,芒果,农技服务站,2024-07-07,24,False
2885,农户,西藏自治区,牦牛,家庭农场,2021-05-01,41,False
2886,普通消费者,辽宁省,樱桃,个人,2021-07-04,49,False
2887,普通消费者,四川省,柑橘,个人,2022-07-17,48,False
2888,采购商,河南省,蔬菜,小型采购商,2024-07-15,60,False
2889,农户,北京市,蔬菜,家庭农场,2020-10-11,47,False
2890,农户,山西省,小麦,家庭农场,2020-10-12,39,False
2891,普通消费者,安徽省,水稻,个人,2022-08-16,56,False
2892,农户,山东省,蔬菜,小农户,2024-01-01,32,False
2893,农户,湖北省,柑橘,家庭农场,2020-11-15,21,False
2894,农户,河南省,蔬菜,小农户,2025-09-16,163,False
2895,农户,山东省,苹果,小农户,2022-06-28,179,False
2896,农户,湖南省,水稻,合作社,2020-10-06,30,False
2897,普通消费者,四川省,水稻,个人,2023-05-10,22,False
2898,农户,宁夏回族自治区,枸杞,家庭农场,2022-03-06,23,False
2899,农户,湖南省,柑橘,小农户,2021-10-09,30,False
2900,农户,广西壮族自治区,甘蔗,小农户,2022-12-27,22,False
2901,普通消费者,甘肃省,小麦,个人,2024-01-07,28,False
2902,农技人员,辽宁省,水稻,农技服务站,2020-04-05,20,False
2903,农户,湖北省,莲藕,家庭农场,2020-11-05,36,False
2904,农户,陕西省,红枣,小农户,2020-03-04,33,False
2905,采购商,江苏省,水稻,小型采购商,2023-09-13,169,False
2906,农户,安徽省,蔬菜,小农户,2024-07-26,145,False
2907,采购商,山东省,花生,小型采购商,2020-01-17,22,False
2908,农户,广东省,龙眼,小农户,2025-09-03,94,False
2909,采购商,河北省,玉米,小型采购商,2022-01-02,46,False
2910,采购商,云南省,花卉,小型采购商,2025-11-05,180,False
2911,农户,广东省,香蕉,小农户,2022-08-02,52,False
2912,农户,福建省,水产,小农户,2023-03-05,20,False
2913,农户,四川省,柑橘,小农户,2025-08-22,98,False
2914,普通消费者,浙江省,杨梅,个人,2020-04-25,22,False
2915,农户,四川省,蔬菜,小农户,2022-12-23,138,False
2916,农户,山东省,苹果,小农户,2024-10-25,22,False
2917,普通消费者,山东省,苹果,个人,2023-01-01,20,False
2918,普通消费者,山东省,蔬菜,个人,2021-03-22,50,False
2919,普通消费者,广西壮族自治区,香蕉,个人,2025-12-20,1,True
2920,农技人员,广西壮族自治区,芒果,农技服务站,2024-02-28,150,False
2921,农技人员,西藏自治区,牦牛,农技服务站,2021-01-02,20,False
2922,普通消费者,宁夏回族自治区,小麦,个人,2022-11-08,30,False
2923,农户,山东省,蔬菜,合作社,2020-02-17,120,False
2924,农户,安徽省,茶叶,家庭农场,2022-09-05,29,False
2925,普通消费者,江苏省,水稻,个人,2021-11-09,165,False
2926,农户,浙江省,杨梅,家庭农场,2022-07-14,11,True
2927,农户,福建省,食用菌,小农户,2025-05-28,20,False
2928,农技人员,广西壮族自治区,甘蔗,农技服务站,2020-09-05,45,False
2929,采购商,四川省,柑橘,中型采购商,2024-02-23,20,False
2930,普通消费者,辽宁省,水产,个人,2024-05-01,34,False
2931,普通消费者,山东省,小麦,个人,2024-02-16,38,False
2932,农户,山东省,蔬菜,家庭农场,2022-11-07,65,False
2933,农户,重庆市,茶叶,合作社,2020-01-10,20,False
2934,农户,云南省,花卉,小农户,2022-02-18,20,False
2935,农技人员,四川省,柑橘,农技服务站,2025-06-12,20,False
2936,农户,新疆维吾尔自治区,红枣,小农户,2020-01-15,36,False
2937,农户,广东省,蔬菜,小农户,2020-03-18,80,False
2938,农户,山东省,苹果,家庭农场,2025-03-07,96,False
2939,采购商,西藏自治区,中药材,小型采购商,2022-02-05,9,True
2940,普通消费者,陕西省,苹果,个人,2023-12-14,61,False
2941,农户,天津市,水果,合作社,2022-05-13,36,False
2942,普通消费者,江苏省,大闸蟹,个人,2021-08-14,189,False
2943,采购商,浙江省,茶叶,小型采购商,2020-06-08,16,True
2944,采购商,黑龙江省,大豆,大型采购商,2022-08-28,25,False
2945,农户,福建省,水产,小农户,2023-09-06,49,False
2946,农户,山东省,蔬菜,家庭农场,2025-03-13,20,False
2947,农户,浙江省,水产,家庭农场,2023-06-23,42,False
2948,普通消费者,新疆维吾尔自治区,葡萄,个人,2020-10-15,132,False
2949,普通消费者,湖北省,莲藕,个人,2024-05-16,42,False
2950,农户,河南省,小麦,家庭农场,2022-01-02,56,False
2951,普通消费者,黑龙江省,玉米,个人,2024-10-16,98,False
2952,农户,江苏省,蔬菜,家庭农场,2022-01-10,80,False
2953,普通消费者,云南省,花卉,个人,2020-03-03,40,False
2954,采购商,内蒙古自治区,牛奶,小型采购商,2022-10-26,25,False
2955,普通消费者,江西省,茶叶,个人,2022-11-27,4,True
2956,农户,陕西省,小麦,家庭农场,2024-09-03,32,False
2957,农技人员,四川省,茶叶,农技服务站,2021-05-08,20,False
2958,采购商,江苏省,大闸蟹,中型采购商,2024-09-09,23,False
2959,农技人员,四川省,茶叶,农技服务站,2023-05-28,26,False
2960,农户,山东省,苹果,合作社,2021-02-06,127,False
2961,农户,辽宁省,水稻,小农户,2025-03-08,95,False
2962,采购商,四川省,蔬菜,中型采购商,2024-07-01,110,False
2963,农技人员,山东省,花生,农技服务站,2020-01-07,25,False
2964,普通消费者,河南省,蔬菜,个人,2024-10-20,35,False
2965,普通消费者,山东省,小麦,个人,2020-01-07,21,False
2966,普通消费者,黑龙江省,大豆,个人,2020-12-16,58,False
2967,采购商,湖北省,水产,小型采购商,2025-02-21,33,False
2968,普通消费者,河南省,花生,个人,2025-12-20,86,False
2969,采购商,广东省,香蕉,中型采购商,2025-08-27,32,False
2970,普通消费者,重庆市,柑橘,个人,2020-04-15,28,False
2971,农户,河南省,小麦,小农户,2021-09-17,35,False
2972,普通消费者,河北省,小麦,个人,2023-03-25,50,False
2973,普通消费者,陕西省,小麦,个人,2020-07-04,21,False
2974,采购商,河北省,红枣,大型采购商,2021-03-07,23,False
2975,普通消费者,安徽省,蔬菜,个人,2022-08-16,28,False
2976,农技人员,湖北省,柑橘,农技服务站,2020-08-14,20,False
2977,农户,山西省,红枣,家庭农场,2024-01-22,21,False
2978,农技人员,贵州省,中药材,农技服务站,2024-01-01,26,False
2979,农户,新疆维吾尔自治区,哈密瓜,家庭农场,2021-04-13,100,False
2980,普通消费者,山东省,苹果,个人,2023-10-22,51,False
2981,采购商,内蒙古自治区,牛奶,小型采购商,2023-01-13,167,False
2982,采购商,四川省,蔬菜,中型采购商,2021-10-28,199,False
2983,农户,云南省,花卉,小农户,2020-12-04,194,False
2984,农户,山东省,苹果,小农户,2020-04-07,37,False
2985,普通消费者,天津市,水果,个人,2024-05-26,36,False
2986,普通消费者,陕西省,苹果,个人,2024-09-28,50,False
2987,农户,福建省,食用菌,小农户,2021-01-01,30,False
2988,农户,湖南省,水稻,家庭农场,2022-04-02,40,False
2989,农户,四川省,茶叶,家庭农场,2025-09-13,31,False
2990,农技人员,黑龙江省,大豆,农技服务站,2025-10-28,37,False
2991,农户,山东省,苹果,小农户,2020-05-16,24,False
2992,普通消费者,河南省,蔬菜,个人,2020-06-16,20,False
2993,农户,广西壮族自治区,甘蔗,小农户,2020-08-16,30,False
2994,农户,广东省,香蕉,家庭农场,2023-09-04,67,False
2995,农户,浙江省,茶叶,家庭农场,2024-08-06,52,False
2996,农户,河南省,花生,小农户,2025-06-25,53,False
2997,普通消费者,湖北省,水稻,个人,2022-02-15,61,False
2998,农技人员,四川省,蔬菜,农技服务站,2023-02-12,34,False
2999,农户,辽宁省,樱桃,小农户,2025-01-07,11,True
3000,农户,广东省,荔枝,家庭农场,2023-05-27,10,True
3001,农技人员,江苏省,水果,农技服务站,2025-03-13,19,True
3002,农户,广东省,蔬菜,家庭农场,2023-03-15,36,False
3003,农技人员,江苏省,水稻,农技服务站,2023-07-14,24,False
3004,农户,辽宁省,水产,家庭农场,2021-08-03,170,False
3005,农户,江苏省,水果,小农户,2025-03-12,28,False
3006,农户,河北省,红枣,家庭农场,2023-11-23,9,True
3007,农技人员,北京市,水果,农技服务站,2024-11-08,45,False
3008,采购商,贵州省,辣椒,小型采购商,2022-01-22,60,False
3009,普通消费者,云南省,水果,个人,2021-10-14,30,False
3010,普通消费者,江苏省,水果,个人,2023-05-25,7,True
3011,采购商,广西壮族自治区,香蕉,小型采购商,2025-08-17,26,False
3012,农技人员,陕西省,红枣,农技服务站,2022-03-14,155,False
3013,采购商,四川省,蔬菜,小型采购商,2021-08-07,175,False
3014,普通消费者,湖北省,柑橘,个人,2021-01-23,33,False
3015,普通消费者,河南省,小麦,个人,2020-02-27,44,False
3016,农户,甘肃省,小麦,家庭农场,2023-02-14,20,False
3017,普通消费者,河南省,花生,个人,2020-05-09,131,False
3018,采购商,广东省,香蕉,小型采购商,2020-07-19,19,True
3019,普通消费者,河南省,小麦,个人,2021-12-14,152,False
3020,普通消费者,四川省,猕猴桃,个人,2021-11-13,20,False
3021,普通消费者,四川省,蔬菜,个人,2020-02-15,25,False
3022,普通消费者,四川省,柑橘,个人,2020-07-07,20,False
3023,普通消费者,甘肃省,马铃薯,个人,2020-05-19,25,False
3024,农户,内蒙古自治区,羊肉,小农户,2022-07-19,30,False
3025,农户,黑龙江省,大豆,小农户,2023-07-08,80,False
3026,农技人员,天津市,蔬菜,农技服务站,2025-07-25,113,False
3027,农户,甘肃省,苹果,小农户,2024-04-24,26,False
3028,农户,陕西省,小麦,小农户,2020-03-19,68,False
3029,农户,浙江省,茶叶,小农户,2024-07-02,38,False
3030,农技人员,湖南省,生猪,农技服务站,2025-06-27,38,False
3031,普通消费者,福建省,食用菌,个人,2022-04-19,45,False
3032,采购商,辽宁省,水稻,小型采购商,2025-01-17,135,False
3033,农户,四川省,茶叶,合作社,2023-01-06,1,True
3034,采购商,重庆市,蔬菜,中型采购商,2021-03-25,12,True
3035,普通消费者,上海市,蔬菜,个人,2024-01-09,20,False
3036,采购商,四川省,柑橘,小型采购商,2021-06-07,55,False
3037,农户,天津市,蔬菜,小农户,2020-03-26,31,False
3038,采购商,江苏省,水稻,小型采购商,2025-04-11,46,False
3039,普通消费者,江西省,水稻,个人,2021-07-19,20,False
3040,采购商,福建省,柑橘,中型采购商,2021-04-06,20,False
3041,农户,重庆市,生猪,小农户,2024-01-12,49,False
3042,采购商,西藏自治区,青稞,小型采购商,2022-05-03,39,False
3043,采购商,湖北省,莲藕,中型采购商,2023-06-28,21,False
3044,采购商,天津市,蔬菜,小型采购商,2023-07-07,15,True
3045,农户,浙江省,柑橘,小农户,2020-07-06,21,False
3046,普通消费者,辽宁省,樱桃,个人,2023-06-20,92,False
3047,采购商,河南省,蔬菜,小型采购商,2021-02-16,58,False
3048,采购商,山东省,花生,大型采购商,2022-08-11,20,False
3049,普通消费者,辽宁省,水产,个人,2022-07-04,98,False
3050,采购商,甘肃省,小麦,小型采购商,2021-01-01,75,False
3051,农户,广西壮族自治区,芒果,小农户,2021-05-02,21,False
3052,采购商,四川省,柑橘,大型采购商,2022-01-11,7,True
3053,采购商,山东省,苹果,小型采购商,2025-01-17,142,False
3054,普通消费者,湖北省,柑橘,个人,2022-08-20,127,False
3055,采购商,广东省,龙眼,小型采购商,2020-09-18,45,False
3056,普通消费者,辽宁省,水稻,个人,2025-09-26,28,False
3057,农户,重庆市,柑橘,小农户,2024-08-16,16,True
3058,采购商,吉林省,水稻,大型采购商,2021-03-19,44,False
3059,采购商,浙江省,杨梅,大型采购商,2020-03-11,25,False
3060,农技人员,江苏省,水果,农技服务站,2022-01-17,30,False
3061,农技人员,贵州省,辣椒,农技服务站,2025-09-06,121,False
3062,采购商,陕西省,小麦,小型采购商,2021-01-24,33,False
3063,农户,山东省,蔬菜,小农户,2021-11-28,20,False
3064,农户,贵州省,中药材,小农户,2021-03-06,81,False
3065,普通消费者,河北省,梨,个人,2025-11-21,47,False
3066,普通消费者,青海省,青稞,个人,2021-09-14,25,False
3067,普通消费者,甘肃省,马铃薯,个人,2020-03-26,29,False
3068,普通消费者,山东省,蔬菜,个人,2024-01-26,14,True
3069,农户,吉林省,人参,小农户,2023-07-01,20,False
3070,普通消费者,江苏省,水稻,个人,2024-06-14,20,False
3071,农户,内蒙古自治区,马铃薯,小农户,2021-10-03,3,True
3072,采购商,广东省,龙眼,中型采购商,2021-03-06,30,False
3073,农技人员,山东省,蔬菜,农技服务站,2023-01-23,1,True
3074,普通消费者,山东省,花生,个人,2025-01-11,80,False
3075,农技人员,重庆市,生猪,农技服务站,2020-08-14,130,False
3076,农户,陕西省,红枣,小农户,2024-06-08,49,False
3077,农户,湖南省,生猪,家庭农场,2025-03-28,32,False
3078,农户,青海省,牦牛,家庭农场,2020-01-21,159,False
3079,农户,陕西省,小麦,小农户,2021-12-04,29,False
3080,农户,吉林省,玉米,合作社,2021-08-06,33,False
3081,采购商,浙江省,杨梅,小型采购商,2023-01-14,106,False
3082,普通消费者,安徽省,小麦,个人,2024-01-27,43,False
3083,农技人员,四川省,猕猴桃,农技服务站,2022-02-17,20,False
3084,农户,山东省,花生,家庭农场,2024-04-06,57,False
3085,农户,甘肃省,苹果,小农户,2023-05-09,47,False
3086,农户,河北省,玉米,小农户,2023-06-26,47,False
3087,普通消费者,福建省,水产,个人,2024-01-06,41,False
3088,农户,河北省,玉米,小农户,2021-07-18,33,False
3089,农户,湖北省,柑橘,小农户,2025-12-09,1,True
3090,普通消费者,四川省,猕猴桃,个人,2021-09-28,46,False
3091,普通消费者,湖北省,莲藕,个人,2021-02-13,44,False
3092,农户,贵州省,茶叶,家庭农场,2020-10-25,27,False
3093,农技人员,广东省,蔬菜,农技服务站,2020-05-16,161,False
3094,农技人员,山东省,蔬菜,农技服务站,2023-09-17,24,False
3095,农户,四川省,茶叶,小农户,2023-11-28,34,False
3096,农技人员,山西省,小麦,农技服务站,2021-11-13,71,False
3097,农技人员,重庆市,柑橘,农技服务站,2022-11-10,91,False
3098,农技人员,吉林省,玉米,农技服务站,2020-03-15,20,False
3099,采购商,福建省,茶叶,小型采购商,2024-05-11,15,True
3100,采购商,内蒙古自治区,小麦,小型采购商,2021-06-14,20,False
3101,农技人员,江苏省,水稻,农技服务站,2021-12-08,35,False
3102,普通消费者,安徽省,小麦,个人,2021-01-13,33,False
3103,农技人员,河南省,蔬菜,农技服务站,2023-12-26,95,False
3104,农技人员,山东省,蔬菜,农技服务站,2023-07-28,36,False
3105,采购商,广东省,荔枝,中型采购商,2024-08-17,37,False
3106,农技人员,广东省,香蕉,农技服务站,2025-10-26,129,False
3107,农技人员,河南省,蔬菜,农技服务站,2021-05-22,169,False
3108,农技人员,辽宁省,水产,农技服务站,2023-01-24,182,False
3109,普通消费者,江苏省,水稻,个人,2025-11-10,29,False
3110,农户,山东省,花生,小农户,2025-09-14,69,False
3111,普通消费者,福建省,水产,个人,2025-12-15,13,True
3112,农户,内蒙古自治区,马铃薯,小农户,2021-10-22,81,False
3113,农技人员,上海市,水产,农技服务站,2024-03-25,187,False
3114,采购商,江西省,柑橘,小型采购商,2024-03-14,20,False
3115,普通消费者,云南省,花卉,个人,2023-02-15,21,False
3116,普通消费者,河北省,梨,个人,2024-05-06,31,False
3117,农户,四川省,蔬菜,小农户,2025-04-03,20,False
3118,农户,江苏省,水稻,小农户,2022-10-20,137,False
3119,农户,浙江省,柑橘,小农户,2022-09-15,30,False
3120,农户,西藏自治区,中药材,小农户,2022-04-18,175,False
3121,普通消费者,江西省,柑橘,个人,2020-12-05,76,False
3122,采购商,吉林省,玉米,小型采购商,2024-02-14,33,False
3123,普通消费者,四川省,茶叶,个人,2025-05-22,37,False
3124,农户,甘肃省,马铃薯,小农户,2025-05-25,20,False
3125,采购商,山东省,苹果,小型采购商,2021-08-25,16,True
3126,农户,安徽省,小麦,小农户,2022-01-15,106,False
3127,农户,辽宁省,苹果,小农户,2020-08-06,24,False
3128,农技人员,安徽省,蔬菜,农技服务站,2024-03-21,117,False
3129,普通消费者,内蒙古自治区,牛奶,个人,2020-11-28,5,True
3130,农技人员,江西省,茶叶,农技服务站,2024-03-21,27,False
3131,采购商,山东省,花生,中型采购商,2023-10-22,28,False
3132,采购商,山西省,小米,小型采购商,2023-07-13,62,False
3133,采购商,河北省,小麦,小型采购商,2020-08-02,43,False
3134,普通消费者,西藏自治区,牦牛,个人,2021-11-09,20,False
3135,农户,黑龙江省,小麦,家庭农场,2021-11-09,37,False
3136,农技人员,吉林省,人参,农技服务站,2020-02-06,10,True
3137,普通消费者,重庆市,蔬菜,个人,2022-03-22,107,False
3138,农技人员,四川省,水稻,农技服务站,2021-04-15,42,False
3139,农户,福建省,食用菌,小农户,2023-12-02,58,False
3140,农户,云南省,茶叶,小农户,2022-04-13,72,False
3141,普通消费者,甘肃省,苹果,个人,2020-06-12,20,False
3142,普通消费者,广东省,荔枝,个人,2025-09-27,22,False
3143,农户,上海市,水产,小农户,2021-07-27,20,False
3144,普通消费者,山西省,红枣,个人,2020-06-28,29,False
3145,农技人员,河北省,梨,农技服务站,2022-12-13,41,False
3146,普通消费者,天津市,蔬菜,个人,2023-01-13,54,False
3147,农技人员,贵州省,中药材,农技服务站,2022-10-03,31,False
3148,采购商,福建省,水产,大型采购商,2025-03-05,28,False
3149,普通消费者,河南省,蔬菜,个人,2021-03-14,35,False
3150,农户,浙江省,水产,小农户,2023-10-19,21,False
3151,农户,浙江省,柑橘,小农户,2025-10-26,150,False
3152,农户,江苏省,水果,家庭农场,2023-09-17,80,False
3153,农技人员,安徽省,茶叶,农技服务站,2023-01-10,20,False
3154,农户,河南省,花生,家庭农场,2021-02-11,36,False
3155,农技人员,河南省,小麦,农技服务站,2021-03-13,1,True
3156,普通消费者,江苏省,水稻,个人,2025-11-23,80,False
3157,农户,内蒙古自治区,马铃薯,合作社,2022-12-21,33,False
3158,普通消费者,新疆维吾尔自治区,棉花,个人,2021-05-04,17,True
3159,普通消费者,河北省,玉米,个人,2025-09-16,30,False
3160,采购商,福建省,食用菌,中型采购商,2023-05-06,27,False
3161,采购商,陕西省,红枣,大型采购商,2022-10-23,30,False
3162,农户,河南省,花生,家庭农场,2020-10-16,134,False
3163,采购商,黑龙江省,玉米,中型采购商,2024-07-05,152,False
3164,普通消费者,吉林省,玉米,个人,2025-06-13,65,False
3165,普通消费者,山东省,小麦,个人,2021-11-01,20,False
3166,农技人员,山东省,花生,农技服务站,2024-06-16,71,False
3167,普通消费者,重庆市,茶叶,个人,2020-05-08,20,False
3168,农户,广东省,龙眼,小农户,2020-11-07,28,False
3169,采购商,内蒙古自治区,马铃薯,小型采购商,2023-08-16,26,False
3170,农户,河北省,梨,小农户,2023-02-25,44,False
3171,采购商,海南省,热带水果,中型采购商,2024-12-27,20,False
3172,采购商,安徽省,蔬菜,小型采购商,2023-01-07,41,False
3173,农户,江苏省,蔬菜,小农户,2023-05-18,80,False
3174,普通消费者,河北省,小麦,个人,2023-12-18,20,False
3175,农户,广东省,荔枝,合作社,2020-12-27,36,False
3176,农户,贵州省,茶叶,家庭农场,2025-01-23,23,False
3177,普通消费者,浙江省,水产,个人,2025-04-22,40,False
3178,农技人员,浙江省,杨梅,农技服务站,2022-07-07,84,False
3179,采购商,四川省,猕猴桃,中型采购商,2022-06-18,33,False
3180,采购商,黑龙江省,玉米,大型采购商,2023-05-09,24,False
3181,采购商,江西省,柑橘,中型采购商,2020-07-02,42,False
3182,普通消费者,四川省,猕猴桃,个人,2020-10-08,182,False
3183,农户,江苏省,蔬菜,小农户,2022-01-25,80,False
3184,普通消费者,陕西省,猕猴桃,个人,2021-02-26,30,False
3185,采购商,安徽省,蔬菜,中型采购商,2025-12-02,47,False
3186,农户,吉林省,人参,家庭农场,2022-11-23,20,False
3187,采购商,河北省,小麦,小型采购商,2022-03-20,20,False
3188,农户,山西省,核桃,家庭农场,2025-10-07,172,False
3189,农户,广西壮族自治区,柑橘,小农户,2021-10-15,41,False
3190,普通消费者,河北省,小麦,个人,2023-08-02,69,False
3191,普通消费者,福建省,茶叶,个人,2024-03-02,171,False
3192,农户,陕西省,苹果,小农户,2025-12-21,116,False
3193,普通消费者,山东省,蔬菜,个人,2025-03-26,39,False
3194,农户,江苏省,蔬菜,小农户,2024-01-11,28,False
3195,农户,河南省,小麦,小农户,2025-07-02,33,False
3196,农技人员,江西省,柑橘,农技服务站,2021-01-11,20,False
3197,普通消费者,江西省,油茶,个人,2023-05-12,44,False
3198,农户,广西壮族自治区,甘蔗,家庭农场,2025-11-25,51,False
3199,采购商,河南省,蔬菜,中型采购商,2022-07-24,20,False
3200,采购商,广西壮族自治区,芒果,小型采购商,2023-07-14,26,False
3201,农技人员,广东省,蔬菜,农技服务站,2020-06-08,97,False
3202,采购商,四川省,蔬菜,小型采购商,2021-06-16,196,False
3203,农技人员,广东省,蔬菜,农技服务站,2024-07-02,26,False
3204,普通消费者,湖南省,水稻,个人,2023-07-08,37,False
3205,农户,四川省,蔬菜,家庭农场,2020-11-21,26,False
3206,普通消费者,辽宁省,苹果,个人,2020-04-19,4,True
3207,普通消费者,四川省,柑橘,个人,2025-01-05,32,False
3208,农户,广东省,龙眼,家庭农场,2023-06-19,80,False
3209,采购商,广东省,荔枝,中型采购商,2021-07-02,18,True
3210,农技人员,山东省,花生,农技服务站,2022-08-10,29,False
3211,农户,广东省,龙眼,小农户,2022-12-18,116,False
3212,采购商,重庆市,蔬菜,中型采购商,2020-09-01,27,False
3213,农户,福建省,水产,小农户,2022-09-07,23,False
3214,普通消费者,广东省,香蕉,个人,2023-07-06,156,False
3215,普通消费者,浙江省,茶叶,个人,2023-10-16,14,True
3216,农户,广东省,蔬菜,小农户,2023-03-10,48,False
3217,农户,四川省,茶叶,家庭农场,2021-07-13,7,True
3218,农户,西藏自治区,牦牛,小农户,2020-02-12,167,False
3219,农户,湖北省,水稻,小农户,2020-06-14,17,True
3220,农技人员,四川省,柑橘,农技服务站,2021-05-10,8,True
3221,采购商,江苏省,蔬菜,小型采购商,2023-05-24,30,False
3222,农户,江西省,茶叶,家庭农场,2023-10-02,23,False
3223,农技人员,福建省,茶叶,农技服务站,2025-09-21,64,False
3224,农户,海南省,橡胶,家庭农场,2023-10-07,67,False
3225,农户,山东省,蔬菜,小农户,2022-12-20,24,False
3226,采购商,福建省,水产,中型采购商,2020-06-22,20,False
3227,普通消费者,海南省,水产,个人,2025-08-28,54,False
3228,采购商,福建省,柑橘,大型采购商,2025-02-19,23,False
3229,农户,浙江省,水产,小农户,2021-03-23,49,False
3230,采购商,河南省,玉米,小型采购商,2023-05-09,18,True
3231,普通消费者,江苏省,大闸蟹,个人,2023-08-13,20,False
3232,采购商,河南省,玉米,小型采购商,2021-10-23,51,False
3233,采购商,新疆维吾尔自治区,哈密瓜,小型采购商,2021-11-06,4,True
3234,农户,西藏自治区,青稞,小农户,2021-04-25,20,False
3235,农技人员,江苏省,大闸蟹,农技服务站,2022-08-22,19,True
3236,农技人员,甘肃省,马铃薯,农技服务站,2025-08-11,190,False
3237,农户,内蒙古自治区,牛奶,小农户,2023-01-15,47,False
3238,采购商,安徽省,水稻,小型采购商,2021-02-01,13,True
3239,普通消费者,青海省,牦牛,个人,2025-03-06,33,False
3240,农技人员,辽宁省,樱桃,农技服务站,2021-08-15,20,False
3241,农户,北京市,水果,家庭农场,2024-12-02,131,False
3242,普通消费者,广西壮族自治区,甘蔗,个人,2023-01-07,27,False
3243,农户,浙江省,茶叶,小农户,2022-03-20,46,False
3244,农户,辽宁省,苹果,家庭农场,2020-11-16,34,False
3245,农户,四川省,茶叶,小农户,2025-11-28,44,False
3246,普通消费者,浙江省,柑橘,个人,2023-08-14,80,False
3247,采购商,四川省,茶叶,中型采购商,2020-01-08,20,False
3248,农户,河北省,梨,家庭农场,2023-05-14,74,False
3249,农户,湖北省,莲藕,小农户,2025-10-07,34,False
3250,普通消费者,青海省,油菜,个人,2024-11-16,21,False
3251,普通消费者,陕西省,苹果,个人,2022-10-23,20,False
3252,农户,广西壮族自治区,芒果,家庭农场,2020-05-20,30,False
3253,采购商,山东省,花生,中型采购商,2023-05-07,52,False
3254,采购商,宁夏回族自治区,马铃薯,大型采购商,2020-03-04,31,False
3255,农技人员,陕西省,苹果,农技服务站,2025-02-11,70,False
3256,采购商,江苏省,蔬菜,小型采购商,2025-02-06,20,False
3257,农技人员,陕西省,猕猴桃,农技服务站,2021-04-27,32,False
3258,农技人员,重庆市,生猪,农技服务站,2022-03-27,161,False
3259,农户,湖南省,生猪,家庭农场,2025-08-03,179,False
3260,农技人员,山东省,蔬菜,农技服务站,2021-08-17,20,False
3261,采购商,四川省,蔬菜,大型采购商,2022-02-13,39,False
3262,农户,四川省,柑橘,家庭农场,2022-10-21,51,False
3263,农户,云南省,咖啡,小农户,2025-06-17,26,False
3264,农技人员,广东省,蔬菜,农技服务站,2021-11-18,20,False
3265,农户,辽宁省,水产,小农户,2023-02-02,87,False
3266,采购商,山东省,苹果,小型采购商,2021-01-04,36,False
3267,农户,江苏省,水果,家庭农场,2023-05-11,41,False
3268,普通消费者,上海市,水果,个人,2022-06-16,40,False
3269,普通消费者,河南省,蔬菜,个人,2023-05-01,13,True
3270,农技人员,江苏省,水果,农技服务站,2024-03-10,61,False
3271,农户,湖南省,茶叶,小农户,2020-03-06,190,False
3272,农户,四川省,蔬菜,小农户,2023-05-01,20,False
3273,普通消费者,河南省,蔬菜,个人,2024-07-01,46,False
3274,农户,江苏省,水果,家庭农场,2025-02-15,8,True
3275,农技人员,四川省,蔬菜,农技服务站,2022-05-05,145,False
3276,采购商,四川省,水稻,中型采购商,2022-12-02,60,False
3277,采购商,广东省,香蕉,中型采购商,2021-05-22,20,False
3278,采购商,湖南省,水稻,中型采购商,2023-10-16,197,False
3279,普通消费者,福建省,水产,个人,2021-05-11,151,False
3280,农户,河南省,蔬菜,家庭农场,2024-01-10,38,False
3281,农户,河南省,蔬菜,家庭农场,2023-05-17,81,False
3282,采购商,河北省,玉米,中型采购商,2025-01-11,25,False
3283,采购商,福建省,柑橘,中型采购商,2023-01-06,31,False
3284,农户,河南省,小麦,家庭农场,2020-06-17,39,False
3285,普通消费者,江苏省,蔬菜,个人,2024-01-15,25,False
3286,农户,四川省,水稻,小农户,2023-11-15,23,False
3287,农技人员,湖北省,莲藕,农技服务站,2020-11-10,14,True
3288,采购商,西藏自治区,中药材,中型采购商,2021-04-01,33,False
3289,普通消费者,山东省,小麦,个人,2025-09-28,20,False
3290,农技人员,北京市,蔬菜,农技服务站,2024-07-06,20,False
3291,普通消费者,河南省,蔬菜,个人,2020-12-21,46,False
3292,农技人员,广西壮族自治区,芒果,农技服务站,2021-08-14,117,False
3293,普通消费者,河南省,蔬菜,个人,2021-12-01,20,False
3294,农户,安徽省,水稻,小农户,2024-02-15,46,False
3295,农户,贵州省,中药材,家庭农场,2022-10-10,41,False
3296,农技人员,内蒙古自治区,小麦,农技服务站,2021-04-05,20,False
3297,农户,辽宁省,苹果,小农户,2024-10-01,193,False
3298,农户,湖北省,水稻,小农户,2023-06-27,23,False
3299,普通消费者,福建省,水产,个人,2020-11-18,60,False
3300,农技人员,湖北省,莲藕,农技服务站,2025-05-03,20,False
3301,农技人员,河北省,梨,农技服务站,2021-10-17,18,True
3302,农技人员,江西省,油茶,农技服务站,2025-04-15,26,False
3303,农户,四川省,茶叶,家庭农场,2024-10-10,41,False
3304,普通消费者,云南省,水果,个人,2021-07-27,48,False
3305,农技人员,福建省,水产,农技服务站,2023-04-17,5,True
3306,普通消费者,江西省,油茶,个人,2020-03-08,29,False
3307,采购商,河南省,小麦,中型采购商,2022-12-03,24,False
3308,普通消费者,山东省,花生,个人,2025-02-17,67,False
3309,普通消费者,四川省,茶叶,个人,2020-07-13,79,False
3310,普通消费者,安徽省,水稻,个人,2020-08-19,54,False
3311,农技人员,山东省,蔬菜,农技服务站,2023-09-20,108,False
3312,农户,陕西省,小麦,家庭农场,2024-08-02,34,False
3313,农户,湖南省,茶叶,小农户,2024-07-28,22,False
3314,采购商,广东省,龙眼,小型采购商,2025-08-01,136,False
3315,农户,山东省,蔬菜,家庭农场,2025-04-04,21,False
3316,农户,四川省,猕猴桃,小农户,2020-06-05,43,False
3317,农技人员,辽宁省,樱桃,农技服务站,2024-05-23,113,False
3318,农户,浙江省,柑橘,小农户,2020-05-03,40,False
3319,农技人员,四川省,水稻,农技服务站,2021-04-21,66,False
3320,普通消费者,河南省,蔬菜,个人,2020-06-21,45,False
3321,普通消费者,贵州省,茶叶,个人,2025-01-19,20,False
3322,普通消费者,湖北省,水产,个人,2024-01-28,109,False
3323,采购商,江苏省,蔬菜,小型采购商,2024-05-09,56,False
3324,农技人员,黑龙江省,水稻,农技服务站,2021-07-24,118,False
3325,普通消费者,四川省,柑橘,个人,2021-10-11,20,False
3326,普通消费者,河北省,玉米,个人,2020-06-19,126,False
3327,农技人员,重庆市,蔬菜,农技服务站,2025-08-08,27,False
3328,农户,福建省,柑橘,家庭农场,2021-10-27,18,True
3329,农户,陕西省,红枣,家庭农场,2021-04-06,37,False
3330,农户,西藏自治区,牦牛,小农户,2022-11-24,80,False
3331,农户,湖南省,生猪,小农户,2023-04-10,80,False
3332,农户,湖北省,莲藕,小农户,2025-02-12,44,False
3333,采购商,福建省,茶叶,大型采购商,2023-05-24,198,False
3334,采购商,湖南省,生猪,小型采购商,2020-03-06,4,True
3335,农技人员,福建省,食用菌,农技服务站,2020-04-26,30,False
3336,普通消费者,江西省,油茶,个人,2025-01-23,43,False
3337,普通消费者,河南省,蔬菜,个人,2023-05-01,51,False
3338,农户,黑龙江省,大豆,小农户,2022-11-21,105,False
3339,普通消费者,四川省,柑橘,个人,2023-11-12,175,False
3340,农户,广西壮族自治区,香蕉,家庭农场,2021-02-18,133,False
3341,农户,湖北省,水产,合作社,2023-07-03,11,True
3342,采购商,重庆市,茶叶,小型采购商,2020-03-26,96,False
3343,农户,陕西省,猕猴桃,小农户,2024-09-02,7,True
3344,采购商,宁夏回族自治区,小麦,小型采购商,2023-08-12,28,False
3345,农户,湖北省,水产,家庭农场,2022-03-21,80,False
3346,普通消费者,山东省,小麦,个人,2020-10-06,37,False
3347,普通消费者,浙江省,水产,个人,2022-07-12,42,False
3348,农户,新疆维吾尔自治区,红枣,家庭农场,2020-09-13,46,False
3349,普通消费者,浙江省,茶叶,个人,2024-10-26,40,False
3350,采购商,辽宁省,水稻,小型采购商,2021-11-06,50,False
3351,农技人员,内蒙古自治区,牛奶,农技服务站,2020-05-20,7,True
3352,普通消费者,海南省,水产,个人,2022-01-06,24,False
3353,农户,四川省,柑橘,家庭农场,2022-05-22,25,False
3354,农技人员,湖北省,柑橘,农技服务站,2024-09-08,20,False
3355,农户,云南省,花卉,小农户,2022-05-13,41,False
3356,采购商,浙江省,水产,小型采购商,2021-03-12,9,True
3357,采购商,安徽省,蔬菜,中型采购商,2022-04-03,48,False
3358,采购商,江苏省,蔬菜,小型采购商,2023-08-21,41,False
3359,农户,河南省,花生,小农户,2020-02-24,76,False
3360,农技人员,广东省,香蕉,农技服务站,2021-10-03,33,False
3361,普通消费者,广东省,蔬菜,个人,2023-09-14,46,False
3362,农户,黑龙江省,小麦,家庭农场,2020-09-15,20,False
3363,采购商,辽宁省,水稻,小型采购商,2021-06-25,20,False
3364,农户,辽宁省,苹果,小农户,2023-10-22,27,False
3365,普通消费者,广西壮族自治区,芒果,个人,2022-03-23,46,False
3366,农户,四川省,柑橘,小农户,2021-09-14,162,False
3367,采购商,江苏省,水稻,中型采购商,2021-03-10,50,False
3368,农户,贵州省,茶叶,小农户,2023-01-04,28,False
3369,农户,广西壮族自治区,柑橘,小农户,2023-07-08,31,False
3370,采购商,山东省,蔬菜,大型采购商,2022-01-02,109,False
3371,普通消费者,安徽省,小麦,个人,2025-03-02,20,False
3372,农户,四川省,蔬菜,家庭农场,2020-02-25,27,False
3373,农技人员,河南省,小麦,农技服务站,2021-04-21,51,False
3374,农户,浙江省,茶叶,家庭农场,2021-04-24,44,False
3375,农户,新疆维吾尔自治区,葡萄,小农户,2021-05-06,42,False
3376,农户,黑龙江省,小麦,小农户,2020-03-09,33,False
3377,农技人员,河南省,玉米,农技服务站,2025-01-24,125,False
3378,农户,云南省,水果,家庭农场,2021-05-22,33,False
3379,采购商,浙江省,水产,中型采购商,2022-07-27,23,False
3380,农户,河南省,蔬菜,合作社,2023-06-27,46,False
3381,普通消费者,广东省,蔬菜,个人,2021-06-26,40,False
3382,采购商,四川省,茶叶,小型采购商,2020-05-16,42,False
3383,农户,广东省,香蕉,小农户,2023-05-25,25,False
3384,采购商,江西省,茶叶,小型采购商,2024-12-23,20,False
3385,农技人员,云南省,咖啡,农技服务站,2025-04-05,57,False
3386,普通消费者,陕西省,小麦,个人,2023-10-05,26,False
3387,农户,山东省,花生,家庭农场,2025-07-07,21,False
3388,农技人员,广东省,香蕉,农技服务站,2021-11-10,46,False
3389,农户,云南省,花卉,家庭农场,2020-07-26,27,False
3390,采购商,河南省,蔬菜,中型采购商,2021-10-20,56,False
3391,普通消费者,贵州省,茶叶,个人,2023-02-12,166,False
3392,普通消费者,山东省,花生,个人,2024-11-07,45,False
3393,农户,广东省,蔬菜,家庭农场,2023-03-13,6,True
3394,普通消费者,云南省,茶叶,个人,2022-09-20,46,False
3395,农技人员,福建省,茶叶,农技服务站,2024-03-13,20,False
3396,采购商,山东省,苹果,大型采购商,2023-04-19,60,False
3397,普通消费者,湖北省,柑橘,个人,2022-11-09,175,False
3398,采购商,吉林省,水稻,小型采购商,2025-05-12,37,False
3399,农户,吉林省,玉米,小农户,2025-10-28,160,False
3400,普通消费者,四川省,茶叶,个人,2024-05-17,90,False
3401,普通消费者,山东省,花生,个人,2025-07-23,27,False
3402,农技人员,辽宁省,水产,农技服务站,2025-01-14,35,False
3403,采购商,广东省,龙眼,中型采购商,2020-02-13,20,False
3404,农户,云南省,茶叶,小农户,2025-04-19,40,False
3405,采购商,四川省,水稻,小型采购商,2021-05-09,20,False
3406,普通消费者,湖南省,生猪,个人,2025-04-22,20,False
3407,普通消费者,广东省,香蕉,个人,2020-12-02,190,False
3408,农技人员,安徽省,水稻,农技服务站,2020-05-18,13,True
3409,农户,广东省,荔枝,家庭农场,2020-05-21,100,False
3410,普通消费者,四川省,蔬菜,个人,2024-07-28,20,False
3411,农户,重庆市,柑橘,家庭农场,2020-10-20,10,True
3412,农户,天津市,蔬菜,小农户,2025-06-10,57,False
3413,普通消费者,西藏自治区,青稞,个人,2022-04-03,24,False
3414,采购商,福建省,茶叶,小型采购商,2024-02-07,128,False
3415,农户,江苏省,水果,小农户,2025-02-26,71,False
3416,农户,山东省,苹果,小农户,2022-01-05,25,False
3417,农技人员,新疆维吾尔自治区,哈密瓜,农技服务站,2024-09-26,20,False
3418,农户,山东省,花生,家庭农场,2022-06-05,199,False
3419,采购商,云南省,花卉,大型采购商,2023-09-12,20,False
3420,农户,湖南省,水稻,小农户,2020-01-21,61,False
3421,采购商,山东省,花生,小型采购商,2024-05-06,30,False
3422,农户,浙江省,茶叶,小农户,2021-02-11,25,False
3423,农户,安徽省,蔬菜,合作社,2021-07-03,35,False
3424,农户,浙江省,柑橘,合作社,2021-11-16,42,False
3425,普通消费者,四川省,猕猴桃,个人,2022-08-24,199,False
3426,采购商,安徽省,茶叶,中型采购商,2022-07-13,57,False
3427,农技人员,青海省,油菜,农技服务站,2021-01-01,68,False
3428,采购商,辽宁省,水稻,小型采购商,2022-11-13,27,False
3429,农户,河北省,玉米,家庭农场,2021-08-21,20,False
3430,农技人员,浙江省,柑橘,农技服务站,2025-06-13,26,False
3431,农户,甘肃省,小麦,小农户,2020-02-10,163,False
3432,普通消费者,山东省,蔬菜,个人,2020-07-17,37,False
3433,普通消费者,新疆维吾尔自治区,葡萄,个人,2020-12-17,20,False
3434,普通消费者,甘肃省,马铃薯,个人,2025-07-14,20,False
3435,农户,广东省,荔枝,小农户,2024-03-01,39,False
3436,农户,河北省,小麦,小农户,2025-03-05,32,False
3437,采购商,河南省,玉米,小型采购商,2024-05-16,33,False
3438,农户,河南省,花生,小农户,2022-02-02,22,False
3439,采购商,湖北省,水稻,小型采购商,2020-12-04,124,False
3440,采购商,吉林省,大豆,小型采购商,2023-03-06,29,False
3441,农技人员,山东省,苹果,农技服务站,2023-05-04,20,False
3442,普通消费者,浙江省,水产,个人,2024-01-20,51,False
3443,农技人员,四川省,蔬菜,农技服务站,2020-02-01,93,False
3444,采购商,山西省,核桃,小型采购商,2020-10-11,96,False
3445,普通消费者,河北省,小麦,个人,2025-05-10,55,False
3446,农技人员,湖北省,柑橘,农技服务站,2024-01-06,17,True
3447,采购商,重庆市,蔬菜,小型采购商,2021-06-16,151,False
3448,采购商,海南省,水产,大型采购商,2023-09-19,20,False
3449,采购商,山东省,花生,小型采购商,2021-12-13,20,False
3450,农户,吉林省,大豆,合作社,2023-06-19,20,False
3451,采购商,四川省,猕猴桃,小型采购商,2025-01-27,23,False
3452,普通消费者,福建省,茶叶,个人,2025-05-12,146,False
3453,采购商,福建省,茶叶,小型采购商,2025-01-13,31,False
3454,农技人员,广东省,香蕉,农技服务站,2022-08-02,11,True
3455,农户,湖南省,柑橘,小农户,2024-02-10,20,False
3456,采购商,山东省,蔬菜,中型采购商,2024-05-07,20,False
3457,农户,安徽省,蔬菜,小农户,2022-08-25,190,False
3458,普通消费者,江苏省,水稻,个人,2024-05-22,20,False
3459,采购商,山西省,红枣,小型采购商,2024-01-25,3,True
3460,农技人员,山东省,苹果,农技服务站,2025-06-11,36,False
3461,普通消费者,安徽省,茶叶,个人,2024-06-11,34,False
3462,普通消费者,安徽省,水稻,个人,2023-03-27,23,False
3463,普通消费者,四川省,猕猴桃,个人,2021-06-15,7,True
3464,农户,山东省,小麦,家庭农场,2022-06-06,188,False
3465,农户,辽宁省,樱桃,小农户,2021-01-09,5,True
3466,采购商,湖南省,水稻,小型采购商,2020-08-10,156,False
3467,农户,山东省,小麦,小农户,2023-09-25,36,False
3468,农户,江西省,柑橘,家庭农场,2023-10-07,25,False
3469,普通消费者,四川省,柑橘,个人,2021-06-25,7,True
3470,农户,广东省,龙眼,小农户,2022-09-25,125,False
3471,农户,河南省,蔬菜,小农户,2024-01-04,28,False
3472,采购商,河南省,玉米,小型采购商,2023-02-20,2,True
3473,采购商,河南省,花生,小型采购商,2023-03-06,128,False
3474,采购商,江西省,油茶,小型采购商,2025-06-12,119,False
3475,农户,湖北省,柑橘,小农户,2022-06-24,107,False
3476,农户,广东省,蔬菜,家庭农场,2023-08-26,76,False
3477,农户,江苏省,蔬菜,小农户,2022-04-15,4,True
3478,采购商,上海市,水果,小型采购商,2024-12-04,165,False
3479,农技人员,河北省,红枣,农技服务站,2025-07-11,6,True
3480,采购商,辽宁省,水产,小型采购商,2020-10-06,64,False
3481,普通消费者,辽宁省,水产,个人,2024-01-14,20,False
3482,普通消费者,辽宁省,樱桃,个人,2021-04-03,50,False
3483,农户,辽宁省,水产,小农户,2025-08-21,49,False
3484,农户,山东省,蔬菜,家庭农场,2020-09-12,20,False
3485,农户,山东省,小麦,家庭农场,2022-07-08,90,False
3486,农户,内蒙古自治区,牛奶,小农户,2020-01-24,49,False
3487,普通消费者,云南省,花卉,个人,2024-09-19,99,False
3488,普通消费者,陕西省,苹果,个人,2021-03-09,71,False
3489,采购商,辽宁省,水产,小型采购商,2021-03-16,20,False
3490,农技人员,广东省,蔬菜,农技服务站,2025-09-07,143,False
3491,农技人员,福建省,食用菌,农技服务站,2021-09-05,4,True
3492,普通消费者,江西省,水稻,个人,2023-06-06,20,False
3493,农户,河南省,蔬菜,家庭农场,2021-06-03,142,False
3494,农户,广东省,香蕉,小农户,2021-08-27,55,False
3495,农户,重庆市,生猪,家庭农场,2023-05-17,37,False
3496,农户,湖南省,柑橘,小农户,2024-05-23,43,False
3497,农户,江苏省,大闸蟹,小农户,2023-10-05,133,False
3498,农户,河北省,梨,家庭农场,2021-11-02,178,False
3499,农户,湖北省,水产,家庭农场,2021-10-08,39,False
3500,采购商,安徽省,小麦,小型采购商,2022-03-03,40,False
3501,农户,湖南省,茶叶,合作社,2021-03-26,20,False
3502,普通消费者,湖北省,水稻,个人,2022-06-16,55,False
3503,农技人员,甘肃省,苹果,农技服务站,2020-09-10,59,False
3504,农户,四川省,柑橘,家庭农场,2024-03-03,29,False
3505,采购商,内蒙古自治区,羊肉,中型采购商,2021-08-21,32,False
3506,农户,四川省,蔬菜,家庭农场,2022-06-03,20,False
3507,农户,湖南省,生猪,小农户,2021-07-21,42,False
3508,农户,新疆维吾尔自治区,红枣,小农户,2020-02-05,185,False
3509,农户,吉林省,玉米,家庭农场,2025-11-17,44,False
3510,普通消费者,山东省,小麦,个人,2024-04-07,107,False
3511,农技人员,湖北省,水产,农技服务站,2020-09-06,168,False
3512,农技人员,湖南省,水稻,农技服务站,2025-04-13,11,True
3513,采购商,广东省,香蕉,大型采购商,2024-03-01,32,False
3514,农户,湖南省,水稻,小农户,2021-03-09,58,False
3515,普通消费者,山东省,蔬菜,个人,2022-01-27,28,False
3516,普通消费者,四川省,水稻,个人,2022-05-13,43,False
3517,农户,山西省,小米,小农户,2020-04-17,20,False
3518,采购商,云南省,茶叶,小型采购商,2025-02-02,32,False
3519,农户,四川省,茶叶,小农户,2024-06-03,30,False
3520,普通消费者,河南省,小麦,个人,2022-09-21,37,False
3521,农户,江苏省,水稻,小农户,2024-11-01,27,False
3522,农技人员,北京市,水果,农技服务站,2022-08-04,31,False
3523,普通消费者,福建省,茶叶,个人,2020-10-02,50,False
3524,农技人员,重庆市,柑橘,农技服务站,2023-10-17,26,False
3525,采购商,河南省,小麦,小型采购商,2020-06-17,134,False
3526,普通消费者,河北省,红枣,个人,2020-02-19,20,False
3527,普通消费者,浙江省,杨梅,个人,2024-12-23,79,False
3528,采购商,河南省,小麦,小型采购商,2020-12-11,122,False
3529,普通消费者,河北省,梨,个人,2021-05-12,66,False
3530,农户,浙江省,杨梅,小农户,2021-09-12,20,False
3531,普通消费者,青海省,油菜,个人,2025-10-25,46,False
3532,农户,河南省,蔬菜,家庭农场,2020-08-25,25,False
3533,农户,四川省,猕猴桃,小农户,2022-07-14,37,False
3534,采购商,河南省,玉米,小型采购商,2024-06-07,38,False
3535,普通消费者,河南省,蔬菜,个人,2023-10-18,108,False
3536,农户,四川省,猕猴桃,家庭农场,2025-01-06,29,False
3537,普通消费者,浙江省,杨梅,个人,2023-02-08,18,True
3538,农技人员,河南省,小麦,农技服务站,2024-10-16,22,False
3539,采购商,四川省,茶叶,中型采购商,2021-09-28,23,False
3540,农户,湖北省,水产,小农户,2025-02-04,144,False
3541,农户,江苏省,水果,家庭农场,2023-04-01,20,False
3542,农户,湖北省,水稻,小农户,2020-03-23,98,False
3543,农户,江西省,油茶,小农户,2025-01-12,21,False
3544,农技人员,吉林省,人参,农技服务站,2023-02-25,32,False
3545,普通消费者,陕西省,小麦,个人,2020-11-19,23,False
3546,农技人员,浙江省,水产,农技服务站,2022-07-13,46,False
3547,农技人员,四川省,蔬菜,农技服务站,2025-11-13,69,False
3548,农户,江苏省,蔬菜,小农户,2024-12-12,24,False
3549,普通消费者,内蒙古自治区,羊肉,个人,2025-07-22,37,False
3550,农户,湖北省,柑橘,合作社,2021-03-27,3,True
3551,普通消费者,广东省,荔枝,个人,2023-01-12,42,False
3552,农技人员,广东省,荔枝,农技服务站,2020-06-16,41,False
3553,采购商,山东省,小麦,小型采购商,2025-02-02,5,True
3554,农技人员,四川省,水稻,农技服务站,2021-07-12,34,False
3555,采购商,江西省,油茶,大型采购商,2024-08-28,48,False
3556,普通消费者,广东省,香蕉,个人,2024-09-23,42,False
3557,农技人员,山东省,蔬菜,农技服务站,2020-05-19,20,False
3558,采购商,吉林省,人参,小型采购商,2025-09-14,129,False
3559,普通消费者,江西省,柑橘,个人,2021-01-07,16,True
3560,采购商,吉林省,人参,小型采购商,2021-09-05,51,False
3561,农技人员,广东省,龙眼,农技服务站,2025-08-22,51,False
3562,农户,黑龙江省,大豆,小农户,2023-11-02,13,True
3563,普通消费者,江苏省,水稻,个人,2024-06-09,22,False
3564,农户,甘肃省,小麦,合作社,2021-12-02,169,False
3565,采购商,青海省,青稞,大型采购商,2025-04-13,33,False
3566,普通消费者,山西省,小米,个人,2020-01-02,46,False
3567,采购商,河北省,玉米,小型采购商,2023-09-04,29,False
3568,普通消费者,江苏省,水稻,个人,2021-09-21,109,False
3569,农户,天津市,蔬菜,小农户,2024-03-20,56,False
3570,采购商,广东省,香蕉,中型采购商,2025-08-14,80,False
3571,农户,湖南省,柑橘,小农户,2025-01-17,22,False
3572,农户,青海省,油菜,家庭农场,2024-02-12,190,False
3573,普通消费者,江苏省,水果,个人,2025-05-25,20,False
3574,农户,浙江省,柑橘,小农户,2020-01-12,38,False
3575,普通消费者,江西省,柑橘,个人,2020-10-14,47,False
3576,农户,湖北省,莲藕,合作社,2020-09-19,175,False
3577,农户,江西省,柑橘,小农户,2023-12-28,29,False
3578,农户,广西壮族自治区,香蕉,家庭农场,2023-08-23,145,False
3579,农技人员,湖南省,柑橘,农技服务站,2025-09-18,107,False
3580,农技人员,广东省,香蕉,农技服务站,2020-02-24,68,False
3581,普通消费者,贵州省,辣椒,个人,2023-07-06,20,False
3582,农户,湖南省,生猪,小农户,2025-09-01,46,False
3583,采购商,湖北省,水产,小型采购商,2023-06-06,24,False
3584,普通消费者,安徽省,水稻,个人,2023-05-19,78,False
3585,普通消费者,福建省,茶叶,个人,2021-06-11,80,False
3586,农技人员,河南省,花生,农技服务站,2024-08-13,22,False
3587,农技人员,河南省,花生,农技服务站,2025-09-01,25,False
3588,普通消费者,重庆市,茶叶,个人,2020-08-04,179,False
3589,农户,湖北省,柑橘,小农户,2021-10-28,50,False
3590,农户,黑龙江省,小麦,小农户,2020-05-17,27,False
3591,农户,辽宁省,苹果,小农户,2024-03-09,32,False
3592,采购商,河南省,蔬菜,中型采购商,2023-06-21,33,False
3593,农户,广东省,荔枝,家庭农场,2024-04-01,20,False
3594,采购商,河南省,小麦,小型采购商,2024-07-27,32,False
3595,农技人员,河南省,小麦,农技服务站,2023-11-21,23,False
3596,农户,河南省,玉米,家庭农场,2023-10-07,161,False
3597,采购商,浙江省,茶叶,小型采购商,2023-11-07,5,True
3598,普通消费者,贵州省,中药材,个人,2025-12-14,25,False
3599,采购商,福建省,食用菌,小型采购商,2025-11-10,169,False
3600,普通消费者,河北省,小麦,个人,2025-05-10,68,False
3601,采购商,安徽省,蔬菜,中型采购商,2023-05-02,20,False
3602,农技人员,河北省,玉米,农技服务站,2022-11-10,49,False
3603,农户,广东省,荔枝,小农户,2025-07-18,164,False
3604,普通消费者,浙江省,柑橘,个人,2025-12-28,28,False
3605,农户,江苏省,大闸蟹,家庭农场,2022-11-18,160,False
3606,农户,湖南省,生猪,小农户,2023-05-17,28,False
3607,农户,新疆维吾尔自治区,红枣,小农户,2024-08-01,195,False
3608,采购商,广东省,蔬菜,中型采购商,2024-09-07,49,False
3609,采购商,江苏省,水果,大型采购商,2025-06-28,39,False
3610,农户,云南省,咖啡,小农户,2020-06-24,6,True
3611,农技人员,湖南省,柑橘,农技服务站,2025-01-02,44,False
3612,农户,重庆市,蔬菜,小农户,2025-08-15,53,False
3613,采购商,山西省,核桃,小型采购商,2022-11-21,80,False
3614,农户,重庆市,柑橘,小农户,2022-09-12,28,False
3615,农户,山东省,苹果,小农户,2022-01-22,24,False
3616,采购商,江苏省,蔬菜,小型采购商,2020-03-15,20,False
3617,普通消费者,陕西省,猕猴桃,个人,2021-08-20,177,False
3618,农户,山东省,苹果,小农户,2021-11-12,21,False
3619,农户,新疆维吾尔自治区,红枣,小农户,2023-05-05,80,False
3620,普通消费者,浙江省,柑橘,个人,2025-06-04,61,False
3621,农技人员,河北省,玉米,农技服务站,2024-12-22,20,False
3622,农户,天津市,水产,家庭农场,2023-01-26,20,False
3623,普通消费者,山东省,蔬菜,个人,2022-02-03,42,False
3624,普通消费者,江苏省,蔬菜,个人,2022-11-08,43,False
3625,采购商,重庆市,生猪,小型采购商,2021-09-28,43,False
3626,农技人员,广东省,香蕉,农技服务站,2023-02-27,29,False
3627,农户,江苏省,水果,小农户,2023-12-24,31,False
3628,采购商,云南省,咖啡,大型采购商,2021-07-01,39,False
3629,农技人员,河北省,红枣,农技服务站,2023-03-01,34,False
3630,普通消费者,湖南省,柑橘,个人,2020-10-27,20,False
3631,农户,内蒙古自治区,牛奶,合作社,2023-12-16,119,False
3632,农户,陕西省,猕猴桃,合作社,2021-11-23,29,False
3633,农技人员,江西省,水稻,农技服务站,2021-04-09,21,False
3634,普通消费者,河北省,小麦,个人,2022-09-12,91,False
3635,采购商,辽宁省,苹果,小型采购商,2024-04-13,36,False
3636,农户,江西省,柑橘,家庭农场,2021-02-08,80,False
3637,农技人员,云南省,水果,农技服务站,2023-08-06,39,False
3638,农户,广西壮族自治区,芒果,小农户,2025-05-21,28,False
3639,普通消费者,河北省,玉米,个人,2025-05-08,52,False
3640,采购商,广东省,荔枝,大型采购商,2025-11-28,42,False
3641,普通消费者,湖北省,水稻,个人,2025-11-04,40,False
3642,农技人员,江西省,水稻,农技服务站,2025-08-20,44,False
3643,普通消费者,天津市,蔬菜,个人,2023-04-28,80,False
3644,农户,湖南省,水稻,家庭农场,2025-09-16,20,False
3645,采购商,河南省,玉米,小型采购商,2020-06-15,41,False
3646,农技人员,贵州省,茶叶,农技服务站,2020-06-05,20,False
3647,采购商,湖北省,水产,中型采购商,2022-10-24,43,False
3648,采购商,浙江省,柑橘,小型采购商,2022-06-02,6,True
3649,农户,贵州省,中药材,家庭农场,2024-04-18,20,False
3650,采购商,甘肃省,苹果,中型采购商,2020-03-20,26,False
3651,农户,云南省,茶叶,小农户,2020-05-01,28,False
3652,采购商,河南省,蔬菜,中型采购商,2023-11-12,53,False
3653,农户,陕西省,猕猴桃,小农户,2023-09-17,3,True
3654,普通消费者,吉林省,水稻,个人,2023-03-03,11,True
3655,农户,广东省,蔬菜,小农户,2024-05-06,52,False
3656,农户,河北省,玉米,小农户,2021-03-02,20,False
3657,采购商,江西省,水稻,大型采购商,2025-07-17,34,False
3658,普通消费者,湖南省,生猪,个人,2020-04-18,23,False
3659,采购商,山东省,花生,大型采购商,2025-07-20,17,True
3660,采购商,江苏省,水果,小型采购商,2021-01-02,5,True
3661,农户,陕西省,苹果,家庭农场,2023-01-15,20,False
3662,农户,福建省,茶叶,家庭农场,2025-09-27,29,False
3663,农户,广东省,荔枝,小农户,2020-02-25,28,False
3664,农户,广东省,香蕉,小农户,2022-07-20,80,False
3665,采购商,浙江省,水产,中型采购商,2024-03-15,41,False
3666,农户,湖南省,水稻,家庭农场,2025-09-17,20,False
3667,农户,湖南省,茶叶,小农户,2021-12-13,24,False
3668,农户,贵州省,辣椒,合作社,2022-06-16,55,False
3669,农户,福建省,水产,家庭农场,2020-03-24,80,False
3670,采购商,重庆市,茶叶,中型采购商,2020-05-10,20,False
3671,普通消费者,河南省,蔬菜,个人,2021-12-07,4,True
3672,农户,湖北省,水稻,家庭农场,2021-11-22,20,False
3673,农户,河北省,小麦,家庭农场,2024-12-14,80,False
3674,普通消费者,广东省,荔枝,个人,2022-07-11,40,False
3675,普通消费者,浙江省,水产,个人,2020-04-13,21,False
3676,普通消费者,广东省,荔枝,个人,2022-09-08,43,False
3677,采购商,辽宁省,水产,中型采购商,2025-02-25,20,False
3678,普通消费者,云南省,花卉,个人,2025-10-04,33,False
3679,农户,北京市,水果,小农户,2021-05-03,9,True
3680,农户,广西壮族自治区,柑橘,小农户,2020-09-15,39,False
3681,农技人员,广东省,荔枝,农技服务站,2024-04-01,4,True
3682,农技人员,安徽省,蔬菜,农技服务站,2025-01-28,122,False
3683,采购商,河北省,梨,中型采购商,2023-05-19,52,False
3684,采购商,四川省,柑橘,大型采购商,2021-02-16,20,False
3685,农户,新疆维吾尔自治区,葡萄,合作社,2022-09-24,20,False
3686,农技人员,山东省,苹果,农技服务站,2023-02-16,34,False
3687,普通消费者,新疆维吾尔自治区,葡萄,个人,2023-04-04,105,False
3688,普通消费者,河南省,蔬菜,个人,2022-06-15,175,False
3689,普通消费者,湖南省,生猪,个人,2024-05-20,20,False
3690,农技人员,福建省,茶叶,农技服务站,2020-10-27,147,False
3691,普通消费者,陕西省,苹果,个人,2023-09-06,37,False
3692,农户,河南省,小麦,小农户,2023-08-12,21,False
3693,采购商,河南省,蔬菜,小型采购商,2025-04-14,182,False
3694,普通消费者,四川省,蔬菜,个人,2024-06-09,27,False
3695,普通消费者,四川省,蔬菜,个人,2020-04-16,20,False
3696,采购商,云南省,咖啡,中型采购商,2022-09-08,45,False
3697,农技人员,海南省,热带水果,农技服务站,2025-10-19,50,False
3698,普通消费者,河南省,花生,个人,2025-04-20,29,False
3699,农户,江苏省,蔬菜,小农户,2022-02-27,33,False
3700,采购商,江苏省,水稻,中型采购商,2022-08-28,20,False
3701,农户,北京市,花卉,合作社,2025-04-13,95,False
3702,采购商,湖南省,茶叶,小型采购商,2020-04-24,28,False
3703,农户,广东省,香蕉,小农户,2020-10-08,16,True
3704,采购商,河北省,梨,中型采购商,2024-01-21,32,False
3705,采购商,江苏省,水果,小型采购商,2022-12-02,80,False
3706,采购商,安徽省,小麦,中型采购商,2023-08-21,20,False
3707,农户,辽宁省,苹果,小农户,2024-02-03,107,False
3708,普通消费者,湖北省,水产,个人,2023-01-16,68,False
3709,农户,辽宁省,水稻,合作社,2025-03-10,54,False
3710,农户,河南省,花生,小农户,2024-09-26,109,False
3711,普通消费者,四川省,柑橘,个人,2021-12-08,38,False
3712,农户,四川省,蔬菜,小农户,2022-05-09,79,False
3713,普通消费者,福建省,食用菌,个人,2021-11-22,9,True
3714,农户,内蒙古自治区,牛奶,小农户,2024-05-15,39,False
3715,采购商,北京市,蔬菜,中型采购商,2024-07-22,11,True
3716,农技人员,广东省,香蕉,农技服务站,2020-05-16,40,False
3717,采购商,辽宁省,苹果,大型采购商,2023-01-11,32,False
3718,采购商,江苏省,蔬菜,大型采购商,2025-11-20,6,True
3719,农户,四川省,水稻,小农户,2021-06-13,61,False
3720,农户,云南省,花卉,小农户,2021-04-16,57,False
3721,农户,安徽省,蔬菜,小农户,2021-10-12,24,False
3722,农技人员,山东省,小麦,农技服务站,2020-02-21,180,False
3723,普通消费者,安徽省,水稻,个人,2024-04-26,20,False
3724,农户,辽宁省,樱桃,小农户,2023-07-22,29,False
3725,采购商,广东省,龙眼,小型采购商,2022-11-17,22,False
3726,农户,广东省,龙眼,小农户,2020-12-17,32,False
3727,普通消费者,广东省,荔枝,个人,2024-07-25,183,False
3728,农户,广东省,龙眼,小农户,2024-03-18,61,False
3729,农户,广东省,香蕉,家庭农场,2020-10-28,26,False
3730,普通消费者,内蒙古自治区,牛奶,个人,2024-05-16,190,False
3731,农户,福建省,水产,小农户,2021-06-20,16,True
3732,农技人员,四川省,茶叶,农技服务站,2020-09-17,32,False
3733,农户,安徽省,茶叶,小农户,2024-09-15,34,False
3734,农户,江苏省,水果,家庭农场,2024-07-14,50,False
3735,农技人员,安徽省,蔬菜,农技服务站,2020-07-23,20,False
3736,采购商,新疆维吾尔自治区,棉花,大型采购商,2023-10-02,9,True
3737,采购商,山西省,小米,小型采购商,2021-09-09,24,False
3738,普通消费者,北京市,水果,个人,2020-06-13,36,False
3739,农户,湖南省,茶叶,小农户,2022-02-18,60,False
3740,农技人员,四川省,水稻,农技服务站,2023-08-22,25,False
3741,采购商,广西壮族自治区,柑橘,小型采购商,2025-04-12,20,False
3742,采购商,湖南省,茶叶,小型采购商,2022-06-25,162,False
3743,农户,湖南省,柑橘,小农户,2022-01-05,175,False
3744,普通消费者,山西省,小麦,个人,2020-08-27,45,False
3745,采购商,山西省,小麦,小型采购商,2020-03-11,8,True
3746,农技人员,新疆维吾尔自治区,红枣,农技服务站,2023-12-06,24,False
3747,普通消费者,江苏省,水稻,个人,2025-07-25,20,False
3748,农技人员,江苏省,大闸蟹,农技服务站,2025-07-28,24,False
3749,农户,浙江省,杨梅,小农户,2021-01-24,82,False
3750,普通消费者,内蒙古自治区,羊肉,个人,2023-09-19,30,False
3751,农户,海南省,水产,家庭农场,2020-05-21,190,False
3752,农户,山西省,小麦,小农户,2024-07-25,24,False
3753,普通消费者,浙江省,水产,个人,2021-01-07,20,False
3754,农户,江苏省,蔬菜,小农户,2024-05-13,51,False
3755,采购商,云南省,花卉,小型采购商,2024-02-22,105,False
3756,农户,湖南省,生猪,小农户,2025-12-02,62,False
3757,农户,山东省,花生,小农户,2022-08-15,102,False
3758,采购商,甘肃省,小麦,小型采购商,2023-08-18,45,False
3759,农户,安徽省,蔬菜,家庭农场,2022-08-25,158,False
3760,农户,江苏省,大闸蟹,合作社,2024-12-11,20,False
3761,农户,河南省,蔬菜,家庭农场,2020-04-16,29,False
3762,农技人员,湖北省,水稻,农技服务站,2022-03-01,141,False
3763,农技人员,浙江省,杨梅,农技服务站,2024-08-12,33,False
3764,农户,江苏省,水果,家庭农场,2025-04-02,44,False
3765,农户,四川省,水稻,小农户,2022-12-02,46,False
3766,农户,浙江省,柑橘,小农户,2022-12-09,22,False
3767,农技人员,天津市,水产,农技服务站,2025-11-14,34,False
3768,农户,河南省,玉米,家庭农场,2021-07-14,160,False
3769,采购商,重庆市,柑橘,大型采购商,2020-05-15,19,True
3770,采购商,四川省,柑橘,中型采购商,2024-11-12,89,False
3771,农户,陕西省,小麦,家庭农场,2020-02-18,41,False
3772,普通消费者,河北省,红枣,个人,2022-07-14,10,True
3773,农技人员,湖南省,水稻,农技服务站,2024-11-25,68,False
3774,农技人员,江西省,茶叶,农技服务站,2025-08-24,47,False
3775,农户,辽宁省,水产,小农户,2021-12-20,12,True
3776,采购商,浙江省,杨梅,大型采购商,2024-06-01,49,False
3777,采购商,广东省,龙眼,中型采购商,2025-04-01,34,False
3778,采购商,河南省,蔬菜,大型采购商,2020-06-09,167,False
3779,农户,河北省,玉米,合作社,2020-05-02,67,False
3780,农户,山东省,花生,小农户,2022-08-10,40,False
3781,农户,福建省,茶叶,小农户,2025-12-17,21,False
3782,农户,江苏省,蔬菜,家庭农场,2020-04-11,66,False
3783,农户,四川省,柑橘,合作社,2021-09-16,46,False
3784,普通消费者,西藏自治区,中药材,个人,2025-11-23,26,False
3785,农技人员,江苏省,水果,农技服务站,2023-05-04,26,False
3786,普通消费者,重庆市,柑橘,个人,2024-11-07,12,True
3787,农技人员,河南省,蔬菜,农技服务站,2022-09-27,7,True
3788,普通消费者,北京市,花卉,个人,2022-11-06,38,False
3789,农技人员,安徽省,茶叶,农技服务站,2024-10-02,146,False
3790,农户,甘肃省,马铃薯,合作社,2024-07-11,41,False
3791,农技人员,甘肃省,马铃薯,农技服务站,2023-08-12,36,False
3792,农户,河北省,小麦,小农户,2022-09-25,91,False
3793,农技人员,广西壮族自治区,甘蔗,农技服务站,2025-01-07,88,False
3794,普通消费者,新疆维吾尔自治区,哈密瓜,个人,2022-03-23,38,False
3795,普通消费者,江苏省,大闸蟹,个人,2020-12-20,153,False
3796,农技人员,内蒙古自治区,马铃薯,农技服务站,2024-12-04,77,False
3797,农技人员,河南省,玉米,农技服务站,2022-02-03,56,False
3798,农技人员,河南省,小麦,农技服务站,2022-11-12,36,False
3799,普通消费者,天津市,水产,个人,2021-01-07,10,True
3800,农户,湖北省,水稻,家庭农场,2020-01-20,174,False
3801,农技人员,安徽省,茶叶,农技服务站,2025-06-11,53,False
3802,采购商,陕西省,猕猴桃,中型采购商,2022-06-10,20,False
3803,采购商,宁夏回族自治区,小麦,中型采购商,2021-07-20,156,False
3804,农户,河南省,蔬菜,小农户,2020-10-24,82,False
3805,农技人员,山东省,花生,农技服务站,2025-07-23,40,False
3806,农户,山西省,红枣,小农户,2022-03-26,80,False
3807,农技人员,山东省,蔬菜,农技服务站,2021-11-03,29,False
3808,农技人员,重庆市,生猪,农技服务站,2021-11-26,21,False
3809,采购商,贵州省,辣椒,小型采购商,2021-11-09,23,False
3810,普通消费者,陕西省,苹果,个人,2020-06-19,20,False
3811,采购商,辽宁省,水稻,小型采购商,2021-09-21,22,False
3812,采购商,河南省,小麦,小型采购商,2025-11-15,114,False
3813,采购商,安徽省,小麦,小型采购商,2021-09-15,98,False
3814,采购商,山东省,小麦,小型采购商,2025-01-11,27,False
3815,农技人员,重庆市,柑橘,农技服务站,2025-03-21,131,False
3816,农户,浙江省,杨梅,小农户,2021-03-09,12,True
3817,普通消费者,甘肃省,苹果,个人,2023-07-23,123,False
3818,农户,安徽省,茶叶,家庭农场,2025-09-24,20,False
3819,农户,浙江省,杨梅,小农户,2020-07-11,33,False
3820,农户,黑龙江省,大豆,小农户,2023-09-17,136,False
3821,采购商,浙江省,水产,中型采购商,2024-10-27,51,False
3822,农户,江西省,水稻,小农户,2021-03-27,21,False
3823,普通消费者,西藏自治区,中药材,个人,2021-09-13,9,True
3824,农技人员,安徽省,蔬菜,农技服务站,2020-10-20,17,True
3825,农户,江苏省,蔬菜,家庭农场,2024-10-26,121,False
3826,采购商,福建省,食用菌,小型采购商,2024-12-25,70,False
3827,农技人员,福建省,茶叶,农技服务站,2022-04-10,42,False
3828,采购商,安徽省,水稻,大型采购商,2023-08-07,55,False
3829,普通消费者,江苏省,大闸蟹,个人,2021-11-24,23,False
3830,农户,福建省,水产,家庭农场,2024-12-25,50,False
3831,普通消费者,浙江省,柑橘,个人,2024-03-12,20,False
3832,普通消费者,河北省,玉米,个人,2021-09-06,51,False
3833,普通消费者,云南省,茶叶,个人,2024-04-05,36,False
3834,农户,湖南省,茶叶,小农户,2025-05-22,134,False
3835,农技人员,湖南省,生猪,农技服务站,2024-01-20,115,False
3836,农户,福建省,水产,合作社,2025-05-19,43,False
3837,采购商,江苏省,水稻,小型采购商,2025-04-03,121,False
3838,普通消费者,江西省,茶叶,个人,2024-11-06,169,False
3839,采购商,广东省,蔬菜,大型采购商,2020-11-03,20,False
3840,农户,河北省,玉米,小农户,2022-02-27,21,False
3841,农户,安徽省,蔬菜,小农户,2022-04-09,44,False
3842,农户,江苏省,蔬菜,家庭农场,2023-05-04,20,False
3843,农技人员,安徽省,小麦,农技服务站,2025-01-26,7,True
3844,农户,河北省,玉米,小农户,2020-07-26,41,False
3845,农户,云南省,咖啡,小农户,2025-11-05,20,False
3846,农户,山东省,小麦,家庭农场,2025-04-10,50,False
3847,采购商,湖北省,水产,中型采购商,2024-11-17,20,False
3848,农技人员,陕西省,苹果,农技服务站,2025-09-02,43,False
3849,普通消费者,河南省,花生,个人,2024-01-03,122,False
3850,普通消费者,湖南省,柑橘,个人,2022-09-13,45,False
3851,采购商,山东省,小麦,小型采购商,2022-07-01,23,False
3852,采购商,山西省,小米,中型采购商,2023-08-28,44,False
3853,采购商,西藏自治区,中药材,中型采购商,2023-03-02,37,False
3854,采购商,湖南省,茶叶,中型采购商,2020-02-20,25,False
3855,采购商,吉林省,大豆,小型采购商,2025-11-22,20,False
3856,农技人员,广西壮族自治区,柑橘,农技服务站,2020-06-11,20,False
3857,普通消费者,辽宁省,樱桃,个人,2024-04-28,16,True
3858,农技人员,甘肃省,中药材,农技服务站,2020-03-13,39,False
3859,农户,上海市,水果,小农户,2025-09-09,20,False
3860,农户,湖北省,水稻,家庭农场,2022-02-22,34,False
3861,采购商,福建省,茶叶,中型采购商,2020-08-16,29,False
3862,农户,福建省,食用菌,小农户,2022-10-25,46,False
3863,农户,山东省,小麦,家庭农场,2021-09-25,28,False
3864,农户,贵州省,猕猴桃,家庭农场,2023-05-15,28,False
3865,农户,贵州省,茶叶,小农户,2022-06-10,47,False
3866,农户,贵州省,辣椒,家庭农场,2022-04-25,39,False
3867,农技人员,河北省,梨,农技服务站,2023-10-06,172,False
3868,农户,安徽省,水稻,小农户,2025-04-10,124,False
3869,农户,安徽省,蔬菜,小农户,2020-11-02,38,False
3870,普通消费者,辽宁省,水产,个人,2023-04-25,41,False
3871,普通消费者,广东省,荔枝,个人,2025-05-23,20,False
3872,农户,浙江省,杨梅,小农户,2024-06-13,48,False
3873,农户,广东省,蔬菜,小农户,2023-09-11,127,False
3874,农技人员,辽宁省,水稻,农技服务站,2021-04-28,44,False
3875,农户,浙江省,茶叶,家庭农场,2025-12-19,20,False
3876,普通消费者,湖北省,莲藕,个人,2023-06-17,14,True
3877,农技人员,河南省,花生,农技服务站,2025-11-04,29,False
3878,农技人员,广东省,香蕉,农技服务站,2023-01-10,4,True
3879,农户,黑龙江省,小麦,家庭农场,2020-05-24,165,False
3880,采购商,广西壮族自治区,柑橘,大型采购商,2020-09-12,32,False
3881,采购商,西藏自治区,中药材,中型采购商,2023-05-12,30,False
3882,农技人员,山东省,苹果,农技服务站,2021-10-27,39,False
3883,农户,湖北省,水稻,家庭农场,2020-02-15,67,False
3884,普通消费者,湖北省,莲藕,个人,2024-01-16,56,False
3885,采购商,河南省,花生,小型采购商,2020-07-23,20,False
3886,采购商,浙江省,柑橘,中型采购商,2024-07-15,45,False
3887,农户,西藏自治区,牦牛,小农户,2021-06-22,64,False
3888,采购商,安徽省,水稻,小型采购商,2023-03-05,40,False
3889,农户,贵州省,辣椒,小农户,2022-02-25,57,False
3890,农户,广东省,荔枝,家庭农场,2022-03-16,80,False
3891,普通消费者,广东省,蔬菜,个人,2025-04-11,55,False
3892,普通消费者,福建省,水产,个人,2020-12-09,37,False
3893,农户,陕西省,苹果,家庭农场,2023-11-24,55,False
3894,农户,辽宁省,水稻,小农户,2021-07-27,6,True
3895,普通消费者,江苏省,水果,个人,2021-12-16,113,False
3896,采购商,黑龙江省,大豆,大型采购商,2024-07-14,93,False
3897,农户,山东省,蔬菜,合作社,2021-02-09,35,False
3898,农户,新疆维吾尔自治区,红枣,小农户,2020-10-16,33,False
3899,农技人员,黑龙江省,大豆,农技服务站,2022-10-28,27,False
3900,普通消费者,云南省,水果,个人,2022-11-21,72,False
3901,普通消费者,陕西省,猕猴桃,个人,2022-11-27,21,False
3902,农户,四川省,蔬菜,小农户,2025-09-22,195,False
3903,采购商,山东省,花生,大型采购商,2021-09-01,71,False
3904,农户,河南省,小麦,家庭农场,2021-08-27,134,False
3905,农技人员,贵州省,猕猴桃,农技服务站,2023-02-09,42,False
3906,农户,四川省,水稻,小农户,2024-04-07,20,False
3907,农户,四川省,水稻,小农户,2023-03-18,39,False
3908,农户,河南省,蔬菜,家庭农场,2023-05-15,85,False
3909,采购商,四川省,茶叶,中型采购商,2023-07-04,110,False
3910,普通消费者,浙江省,杨梅,个人,2020-08-14,20,False
3911,采购商,四川省,茶叶,小型采购商,2020-08-05,18,True
3912,农技人员,河北省,小麦,农技服务站,2025-05-04,45,False
3913,普通消费者,广东省,龙眼,个人,2025-03-13,163,False
3914,农户,湖南省,生猪,小农户,2020-10-20,2,True
3915,农户,山西省,红枣,家庭农场,2020-07-26,181,False
3916,普通消费者,四川省,蔬菜,个人,2025-12-25,51,False
3917,农户,江苏省,蔬菜,家庭农场,2020-12-20,24,False
3918,农户,福建省,食用菌,小农户,2020-04-13,98,False
3919,采购商,湖北省,水稻,小型采购商,2021-02-11,88,False
3920,采购商,辽宁省,水产,中型采购商,2022-03-13,35,False
3921,农户,山东省,苹果,小农户,2024-08-12,80,False
3922,农技人员,山东省,蔬菜,农技服务站,2021-06-18,25,False
3923,农技人员,江苏省,水稻,农技服务站,2020-07-12,20,False
3924,普通消费者,江苏省,水稻,个人,2023-05-11,128,False
3925,采购商,云南省,咖啡,小型采购商,2021-12-03,69,False
3926,普通消费者,云南省,花卉,个人,2024-04-07,11,True
3927,农户,天津市,水果,家庭农场,2024-10-01,123,False
3928,普通消费者,新疆维吾尔自治区,红枣,个人,2020-08-16,16,True
3929,采购商,河南省,花生,小型采购商,2023-01-19,80,False
3930,农户,山西省,小麦,小农户,2020-07-09,33,False
3931,农户,辽宁省,水稻,小农户,2023-07-18,54,False
3932,普通消费者,湖北省,水产,个人,2023-08-28,64,False
3933,普通消费者,四川省,猕猴桃,个人,2021-05-11,163,False
3934,普通消费者,重庆市,生猪,个人,2025-11-22,187,False
3935,农户,云南省,花卉,小农户,2021-03-09,22,False
3936,农技人员,吉林省,人参,农技服务站,2022-08-09,123,False
3937,农户,四川省,蔬菜,小农户,2024-01-19,25,False
3938,普通消费者,湖南省,柑橘,个人,2020-09-03,129,False
3939,农户,江苏省,蔬菜,小农户,2020-08-20,61,False
3940,采购商,北京市,花卉,中型采购商,2022-08-14,93,False
3941,农户,湖北省,水产,小农户,2023-06-10,76,False
3942,农户,江苏省,大闸蟹,小农户,2023-03-06,43,False
3943,采购商,江苏省,蔬菜,小型采购商,2025-01-25,21,False
3944,农户,河北省,红枣,小农户,2022-12-14,14,True
3945,农户,安徽省,小麦,合作社,2025-12-28,80,False
3946,农户,山东省,花生,家庭农场,2023-01-20,25,False
3947,农技人员,湖南省,生猪,农技服务站,2023-10-12,28,False
3948,普通消费者,河南省,蔬菜,个人,2021-07-08,39,False
3949,采购商,甘肃省,小麦,小型采购商,2020-01-15,72,False
3950,普通消费者,山东省,花生,个人,2021-03-22,50,False
3951,农技人员,海南省,水产,农技服务站,2021-05-07,40,False
3952,农户,上海市,蔬菜,小农户,2021-04-20,41,False
3953,农户,广东省,荔枝,家庭农场,2025-01-27,128,False
3954,采购商,宁夏回族自治区,小麦,小型采购商,2020-07-20,33,False
3955,农户,江苏省,水果,小农户,2021-10-10,17,True
3956,农户,湖北省,水稻,小农户,2023-05-09,43,False
3957,普通消费者,江苏省,水果,个人,2022-04-04,20,False
3958,采购商,云南省,茶叶,小型采购商,2022-06-10,147,False
3959,普通消费者,江苏省,水果,个人,2023-05-05,28,False
3960,普通消费者,湖北省,水产,个人,2024-09-21,149,False
3961,农户,江西省,水稻,小农户,2024-03-06,37,False
3962,普通消费者,重庆市,柑橘,个人,2020-10-23,151,False
3963,农技人员,湖南省,柑橘,农技服务站,2024-10-22,20,False
3964,普通消费者,福建省,水产,个人,2021-09-16,40,False
3965,普通消费者,四川省,柑橘,个人,2022-10-12,29,False
3966,农户,吉林省,人参,合作社,2024-07-10,79,False
3967,农技人员,广东省,龙眼,农技服务站,2024-09-17,1,True
3968,农户,山东省,苹果,小农户,2023-05-11,72,False
3969,农户,四川省,柑橘,家庭农场,2025-01-03,26,False
3970,农技人员,江苏省,蔬菜,农技服务站,2020-07-09,30,False
3971,采购商,江西省,水稻,小型采购商,2022-07-14,31,False
3972,农技人员,辽宁省,苹果,农技服务站,2020-06-06,26,False
3973,采购商,湖北省,莲藕,小型采购商,2020-04-28,36,False
3974,农户,河北省,梨,小农户,2024-04-07,12,True
3975,农技人员,河北省,玉米,农技服务站,2025-09-07,22,False
3976,采购商,四川省,水稻,中型采购商,2022-06-15,99,False
3977,农户,湖南省,水稻,小农户,2025-09-11,20,False
3978,农户,辽宁省,苹果,小农户,2020-12-04,45,False
3979,农技人员,青海省,青稞,农技服务站,2025-03-01,45,False
3980,农户,福建省,茶叶,小农户,2024-03-18,22,False
3981,农户,广东省,龙眼,合作社,2023-01-27,51,False
3982,采购商,河南省,蔬菜,中型采购商,2024-03-19,123,False
3983,农技人员,北京市,水果,农技服务站,2022-02-03,24,False
3984,农户,安徽省,蔬菜,小农户,2024-03-01,139,False
3985,农户,北京市,水果,家庭农场,2020-05-06,37,False
3986,普通消费者,吉林省,人参,个人,2021-07-05,49,False
3987,农户,重庆市,蔬菜,家庭农场,2021-05-21,32,False
3988,普通消费者,贵州省,中药材,个人,2025-08-08,41,False
3989,采购商,陕西省,小麦,小型采购商,2022-05-07,25,False
3990,农户,甘肃省,苹果,家庭农场,2023-09-16,30,False
3991,普通消费者,浙江省,水产,个人,2020-06-13,29,False
3992,普通消费者,广东省,荔枝,个人,2021-10-19,8,True
3993,农户,河北省,小麦,家庭农场,2021-05-16,22,False
3994,农技人员,四川省,水稻,农技服务站,2025-01-19,30,False
3995,采购商,湖南省,茶叶,小型采购商,2023-07-05,20,False
3996,农户,浙江省,柑橘,小农户,2022-10-05,108,False
3997,农技人员,安徽省,水稻,农技服务站,2024-02-23,198,False
3998,普通消费者,宁夏回族自治区,枸杞,个人,2025-06-05,25,False
3999,农户,陕西省,小麦,小农户,2021-07-10,113,False
4000,农技人员,新疆维吾尔自治区,红枣,农技服务站,2024-01-01,28,False
4001,农技人员,山东省,蔬菜,农技服务站,2021-06-20,29,False
4002,采购商,湖北省,莲藕,小型采购商,2024-09-21,29,False
4003,普通消费者,云南省,咖啡,个人,2024-07-22,32,False
4004,采购商,贵州省,茶叶,大型采购商,2021-10-01,42,False
4005,农户,云南省,花卉,家庭农场,2023-12-25,51,False
4006,农户,四川省,柑橘,小农户,2024-01-19,2,True
4007,农技人员,内蒙古自治区,小麦,农技服务站,2020-11-10,23,False
4008,农技人员,湖北省,莲藕,农技服务站,2022-05-22,171,False
4009,普通消费者,河南省,玉米,个人,2020-07-20,20,False
4010,农户,陕西省,苹果,家庭农场,2023-06-26,153,False
4011,农户,河南省,玉米,家庭农场,2023-10-01,20,False
4012,普通消费者,广西壮族自治区,柑橘,个人,2025-06-06,25,False
4013,采购商,广东省,蔬菜,小型采购商,2024-02-08,27,False
4014,普通消费者,广东省,香蕉,个人,2021-11-27,22,False
4015,农户,青海省,青稞,小农户,2021-03-10,20,False
4016,普通消费者,四川省,蔬菜,个人,2024-06-07,26,False
4017,农技人员,四川省,柑橘,农技服务站,2022-01-11,131,False
4018,农户,广东省,龙眼,小农户,2020-08-23,12,True
4019,农户,新疆维吾尔自治区,棉花,家庭农场,2022-11-23,5,True
4020,农户,辽宁省,水稻,合作社,2023-05-03,20,False
4021,农户,黑龙江省,水稻,小农户,2021-09-26,200,False
4022,农技人员,河北省,小麦,农技服务站,2021-12-12,124,False
4023,采购商,广东省,香蕉,中型采购商,2022-02-20,36,False
4024,农技人员,江苏省,水果,农技服务站,2022-06-16,194,False
4025,普通消费者,湖南省,柑橘,个人,2021-09-21,44,False
4026,普通消费者,湖南省,水稻,个人,2023-02-24,25,False
4027,普通消费者,四川省,蔬菜,个人,2025-06-23,26,False
4028,农户,四川省,水稻,小农户,2020-06-02,20,False
4029,农户,安徽省,蔬菜,小农户,2022-11-21,32,False
4030,农技人员,甘肃省,苹果,农技服务站,2021-11-07,21,False
4031,农技人员,重庆市,柑橘,农技服务站,2025-10-02,44,False
4032,农户,江苏省,水果,家庭农场,2020-12-07,20,False
4033,农技人员,河北省,小麦,农技服务站,2024-10-07,13,True
4034,采购商,浙江省,柑橘,中型采购商,2020-07-17,27,False
4035,农技人员,浙江省,杨梅,农技服务站,2023-10-02,160,False
4036,农户,安徽省,茶叶,合作社,2024-09-25,38,False
4037,农技人员,河北省,小麦,农技服务站,2023-03-23,36,False
4038,普通消费者,广西壮族自治区,甘蔗,个人,2025-11-28,80,False
4039,农户,河南省,玉米,小农户,2022-01-15,39,False
4040,采购商,陕西省,苹果,大型采购商,2021-01-25,20,False
4041,农技人员,甘肃省,苹果,农技服务站,2020-11-09,31,False
4042,农户,福建省,水产,小农户,2020-05-13,20,False
4043,采购商,上海市,水果,中型采购商,2025-07-15,31,False
4044,普通消费者,江苏省,水果,个人,2020-02-14,21,False
4045,农技人员,浙江省,杨梅,农技服务站,2023-04-10,52,False
4046,普通消费者,河北省,红枣,个人,2021-10-05,2,True
4047,农户,河北省,梨,小农户,2021-04-25,25,False
4048,农技人员,黑龙江省,水稻,农技服务站,2025-04-04,31,False
4049,采购商,湖北省,柑橘,中型采购商,2020-06-10,24,False
4050,采购商,四川省,水稻,小型采购商,2025-01-05,184,False
4051,农户,江苏省,水稻,合作社,2022-10-02,78,False
4052,采购商,四川省,蔬菜,中型采购商,2024-04-19,131,False
4053,采购商,广东省,蔬菜,小型采购商,2023-02-13,28,False
4054,农户,贵州省,猕猴桃,小农户,2021-11-02,19,True
4055,农户,广东省,龙眼,家庭农场,2024-04-01,80,False
4056,普通消费者,广东省,蔬菜,个人,2024-10-21,49,False
4057,普通消费者,湖南省,生猪,个人,2021-09-20,42,False
4058,农户,山东省,花生,小农户,2022-03-15,39,False
4059,采购商,四川省,柑橘,小型采购商,2020-03-08,116,False
4060,农户,浙江省,水产,小农户,2020-03-12,12,True
4061,农技人员,广西壮族自治区,芒果,农技服务站,2020-09-28,40,False
4062,普通消费者,河北省,小麦,个人,2022-02-14,20,False
4063,农户,福建省,茶叶,家庭农场,2021-10-05,28,False
4064,采购商,云南省,水果,中型采购商,2020-10-18,50,False
4065,农户,山东省,蔬菜,小农户,2024-06-27,32,False
4066,普通消费者,新疆维吾尔自治区,葡萄,个人,2022-03-01,20,False
4067,普通消费者,广东省,龙眼,个人,2022-09-18,104,False
4068,采购商,广东省,蔬菜,小型采购商,2020-05-12,3,True
4069,普通消费者,新疆维吾尔自治区,棉花,个人,2025-03-13,32,False
4070,采购商,黑龙江省,玉米,中型采购商,2024-04-22,77,False
4071,农户,山东省,小麦,小农户,2020-09-19,95,False
4072,普通消费者,吉林省,水稻,个人,2025-06-28,164,False
4073,采购商,山东省,小麦,中型采购商,2023-09-18,61,False
4074,农户,四川省,水稻,小农户,2020-05-03,32,False
4075,农户,山东省,苹果,小农户,2022-02-23,53,False
4076,农户,辽宁省,水产,家庭农场,2025-01-10,27,False
4077,农户,浙江省,茶叶,小农户,2022-01-26,129,False
4078,农技人员,江苏省,水果,农技服务站,2024-04-03,4,True
4079,农户,黑龙江省,小麦,小农户,2023-03-25,20,False
4080,农户,宁夏回族自治区,小麦,小农户,2020-08-24,20,False
4081,农户,新疆维吾尔自治区,红枣,小农户,2024-11-19,72,False
4082,普通消费者,湖北省,柑橘,个人,2021-10-04,28,False
4083,农户,海南省,水产,小农户,2021-11-13,89,False
4084,农户,浙江省,柑橘,小农户,2023-06-08,169,False
4085,采购商,四川省,茶叶,大型采购商,2023-04-03,29,False
4086,农户,四川省,蔬菜,家庭农场,2025-06-10,28,False
4087,农户,江苏省,水果,小农户,2022-01-02,80,False
4088,农户,河北省,红枣,小农户,2024-07-25,74,False
4089,采购商,河北省,梨,中型采购商,2024-02-15,8,True
4090,农技人员,山东省,苹果,农技服务站,2023-08-01,80,False
4091,农技人员,上海市,蔬菜,农技服务站,2025-08-11,30,False
4092,农户,河南省,玉米,家庭农场,2020-08-17,38,False
4093,普通消费者,四川省,水稻,个人,2024-12-25,20,False
4094,农户,四川省,蔬菜,小农户,2020-05-10,69,False
4095,普通消费者,黑龙江省,玉米,个人,2024-07-15,20,False
4096,农户,江西省,茶叶,家庭农场,2025-07-23,127,False
4097,普通消费者,广东省,荔枝,个人,2023-11-01,173,False
4098,农户,广东省,荔枝,家庭农场,2020-05-20,36,False
4099,采购商,河南省,蔬菜,大型采购商,2021-12-13,20,False
4100,普通消费者,安徽省,蔬菜,个人,2021-02-15,24,False
4101,采购商,江苏省,水果,中型采购商,2021-05-17,21,False
4102,采购商,重庆市,蔬菜,中型采购商,2024-06-28,24,False
4103,普通消费者,海南省,热带水果,个人,2024-03-28,25,False
4104,普通消费者,福建省,茶叶,个人,2022-12-03,110,False
4105,农户,河南省,小麦,家庭农场,2023-10-13,25,False
4106,农户,四川省,猕猴桃,小农户,2020-08-28,50,False
4107,农户,安徽省,水稻,家庭农场,2020-07-05,20,False
4108,农户,黑龙江省,大豆,合作社,2022-05-13,36,False
4109,农户,安徽省,蔬菜,小农户,2022-11-21,60,False
4110,农户,四川省,柑橘,小农户,2021-05-22,25,False
4111,采购商,青海省,油菜,中型采购商,2023-07-24,23,False
4112,农户,江苏省,水稻,小农户,2024-03-13,80,False
4113,农户,山东省,苹果,家庭农场,2025-01-03,134,False
4114,农户,四川省,蔬菜,小农户,2024-05-26,29,False
4115,普通消费者,辽宁省,苹果,个人,2021-02-28,59,False
4116,农户,广西壮族自治区,柑橘,家庭农场,2021-09-28,36,False
4117,普通消费者,吉林省,玉米,个人,2025-11-23,189,False
4118,农技人员,山东省,蔬菜,农技服务站,2020-01-09,25,False
4119,农技人员,河北省,红枣,农技服务站,2025-04-21,189,False
4120,普通消费者,浙江省,杨梅,个人,2025-07-03,42,False
4121,农户,四川省,蔬菜,小农户,2021-01-14,20,False
4122,农户,广西壮族自治区,香蕉,家庭农场,2020-08-13,8,True
4123,普通消费者,河南省,蔬菜,个人,2022-02-23,46,False
4124,采购商,湖南省,柑橘,小型采购商,2025-10-19,15,True
4125,农技人员,四川省,柑橘,农技服务站,2021-04-26,40,False
4126,农户,福建省,柑橘,家庭农场,2022-03-26,99,False
4127,普通消费者,辽宁省,水产,个人,2023-02-06,28,False
4128,采购商,湖北省,莲藕,中型采购商,2024-10-11,101,False
4129,普通消费者,江苏省,水果,个人,2022-05-10,21,False
4130,农户,海南省,水产,家庭农场,2025-12-18,21,False
4131,农户,宁夏回族自治区,枸杞,小农户,2021-04-02,43,False
4132,农户,陕西省,苹果,小农户,2023-08-03,120,False
4133,采购商,安徽省,水稻,中型采购商,2023-12-06,61,False
4134,农技人员,重庆市,柑橘,农技服务站,2021-06-19,5,True
4135,农户,广西壮族自治区,香蕉,合作社,2023-03-04,24,False
4136,普通消费者,海南省,橡胶,个人,2025-01-07,41,False
4137,农户,江苏省,水稻,小农户,2022-06-22,20,False
4138,采购商,湖北省,柑橘,中型采购商,2024-04-20,142,False
4139,普通消费者,江苏省,蔬菜,个人,2020-10-21,112,False
4140,采购商,广东省,荔枝,小型采购商,2023-11-07,198,False
4141,农技人员,广东省,蔬菜,农技服务站,2021-06-13,139,False
4142,普通消费者,山东省,蔬菜,个人,2022-09-10,24,False
4143,农户,河南省,小麦,小农户,2022-07-08,17,True
4144,采购商,福建省,柑橘,中型采购商,2025-09-05,32,False
4145,农户,山西省,红枣,家庭农场,2020-08-22,21,False
4146,农技人员,山东省,花生,农技服务站,2021-12-14,177,False
4147,普通消费者,福建省,柑橘,个人,2021-01-16,20,False
4148,农户,湖北省,水稻,小农户,2021-09-16,23,False
4149,采购商,湖南省,柑橘,小型采购商,2025-07-25,160,False
4150,农户,四川省,蔬菜,家庭农场,2022-06-11,1,True
4151,农户,浙江省,茶叶,小农户,2020-10-10,38,False
4152,普通消费者,陕西省,猕猴桃,个人,2023-03-07,30,False
4153,农户,湖南省,生猪,小农户,2021-06-02,20,False
4154,采购商,广东省,龙眼,中型采购商,2025-03-27,20,False
4155,农户,湖北省,柑橘,小农户,2023-10-05,151,False
4156,农户,安徽省,蔬菜,家庭农场,2021-02-14,180,False
4157,农技人员,浙江省,水产,农技服务站,2025-11-10,7,True
4158,普通消费者,广东省,香蕉,个人,2022-02-01,24,False
4159,农技人员,广东省,蔬菜,农技服务站,2020-01-22,41,False
4160,农户,广西壮族自治区,甘蔗,小农户,2025-11-04,20,False
4161,农户,安徽省,蔬菜,家庭农场,2021-09-01,25,False
4162,农户,山东省,苹果,小农户,2020-11-20,132,False
4163,采购商,宁夏回族自治区,马铃薯,小型采购商,2025-04-04,25,False
4164,农户,江苏省,大闸蟹,家庭农场,2025-03-05,66,False
4165,普通消费者,北京市,水果,个人,2024-09-07,162,False
4166,农技人员,江苏省,蔬菜,农技服务站,2022-12-02,188,False
4167,采购商,河北省,红枣,小型采购商,2022-12-28,27,False
4168,采购商,四川省,水稻,小型采购商,2022-03-27,40,False
4169,农技人员,湖南省,柑橘,农技服务站,2023-08-23,35,False
4170,农技人员,湖南省,柑橘,农技服务站,2020-08-09,20,False
4171,农户,广东省,香蕉,合作社,2022-09-26,48,False
4172,采购商,安徽省,水稻,中型采购商,2023-02-26,187,False
4173,农户,山西省,红枣,家庭农场,2021-06-23,36,False
4174,采购商,江苏省,蔬菜,中型采购商,2021-01-11,42,False
4175,农户,湖南省,茶叶,小农户,2024-10-28,7,True
4176,普通消费者,青海省,油菜,个人,2021-01-23,80,False
4177,农户,湖南省,柑橘,小农户,2022-06-25,93,False
4178,农户,浙江省,杨梅,合作社,2024-08-02,20,False
4179,农户,浙江省,柑橘,小农户,2021-04-13,78,False
4180,采购商,浙江省,茶叶,大型采购商,2021-05-15,28,False
4181,采购商,山东省,蔬菜,小型采购商,2023-05-13,174,False
4182,农户,广东省,蔬菜,小农户,2024-03-15,38,False
4183,普通消费者,江苏省,水果,个人,2020-04-07,32,False
4184,农技人员,福建省,食用菌,农技服务站,2021-09-12,26,False
4185,普通消费者,福建省,水产,个人,2024-11-04,24,False
4186,普通消费者,贵州省,中药材,个人,2023-12-08,19,True
4187,农户,四川省,柑橘,小农户,2022-10-19,188,False
4188,普通消费者,广西壮族自治区,芒果,个人,2022-06-15,39,False
4189,采购商,广东省,香蕉,小型采购商,2020-08-13,20,False
4190,普通消费者,广西壮族自治区,柑橘,个人,2023-11-25,116,False
4191,采购商,江苏省,水果,中型采购商,2024-02-23,48,False
4192,普通消费者,广西壮族自治区,柑橘,个人,2022-10-21,106,False
4193,普通消费者,河北省,小麦,个人,2023-10-23,26,False
4194,普通消费者,浙江省,杨梅,个人,2023-09-25,20,False
4195,采购商,江苏省,水稻,小型采购商,2024-05-27,26,False
4196,农户,四川省,柑橘,小农户,2023-11-22,15,True
4197,农技人员,浙江省,柑橘,农技服务站,2022-11-01,62,False
4198,农户,河北省,玉米,小农户,2021-03-07,25,False
4199,采购商,江苏省,水稻,小型采购商,2021-07-19,39,False
4200,农户,天津市,水产,家庭农场,2020-12-06,22,False
4201,普通消费者,海南省,水产,个人,2023-06-07,48,False
4202,农户,陕西省,红枣,家庭农场,2022-10-15,46,False
4203,采购商,四川省,柑橘,大型采购商,2021-05-16,80,False
4204,农户,贵州省,猕猴桃,家庭农场,2024-04-23,30,False
4205,农户,陕西省,苹果,合作社,2021-01-02,46,False
4206,农技人员,四川省,茶叶,农技服务站,2022-05-26,34,False
4207,农户,湖北省,水产,小农户,2021-02-18,63,False
4208,普通消费者,安徽省,小麦,个人,2023-11-24,23,False
4209,农户,湖南省,水稻,小农户,2023-02-05,48,False
4210,农户,宁夏回族自治区,小麦,小农户,2025-11-01,30,False
4211,农户,湖南省,茶叶,小农户,2020-05-12,32,False
4212,普通消费者,江苏省,蔬菜,个人,2020-03-14,34,False
4213,农户,四川省,茶叶,小农户,2024-10-26,37,False
4214,普通消费者,广东省,龙眼,个人,2023-07-28,153,False
4215,采购商,四川省,茶叶,小型采购商,2024-03-23,31,False
4216,农户,福建省,柑橘,合作社,2023-10-01,36,False
4217,采购商,河南省,蔬菜,小型采购商,2022-11-01,72,False
4218,农技人员,安徽省,蔬菜,农技服务站,2025-08-01,88,False
4219,普通消费者,江西省,柑橘,个人,2020-01-07,54,False
4220,农户,江苏省,水稻,小农户,2024-08-06,128,False
4221,农户,四川省,柑橘,家庭农场,2025-04-19,51,False
4222,普通消费者,四川省,蔬菜,个人,2021-10-13,26,False
4223,采购商,山东省,小麦,小型采购商,2023-02-06,21,False
4224,农技人员,新疆维吾尔自治区,哈密瓜,农技服务站,2021-09-08,53,False
4225,农技人员,广东省,蔬菜,农技服务站,2020-06-10,51,False
4226,农户,广西壮族自治区,香蕉,家庭农场,2024-03-02,69,False
4227,农户,陕西省,苹果,合作社,2021-07-19,24,False
4228,普通消费者,广东省,蔬菜,个人,2022-09-19,29,False
4229,采购商,广东省,蔬菜,小型采购商,2024-07-27,20,False
4230,农户,湖南省,茶叶,小农户,2025-11-09,123,False
4231,农户,湖北省,水产,小农户,2025-05-16,27,False
4232,普通消费者,广东省,蔬菜,个人,2020-12-23,54,False
4233,农技人员,湖北省,水产,农技服务站,2020-07-03,26,False
4234,采购商,河北省,红枣,大型采购商,2021-09-10,45,False
4235,农技人员,黑龙江省,大豆,农技服务站,2024-03-13,30,False
4236,农户,辽宁省,水产,小农户,2023-01-01,38,False
4237,普通消费者,四川省,蔬菜,个人,2023-01-11,20,False
4238,采购商,福建省,茶叶,中型采购商,2020-12-27,131,False
4239,农户,西藏自治区,中药材,家庭农场,2025-02-05,34,False
4240,农技人员,山西省,红枣,农技服务站,2022-03-18,20,False
4241,农户,浙江省,杨梅,小农户,2023-01-03,30,False
4242,农户,安徽省,茶叶,小农户,2024-08-01,95,False
4243,农技人员,陕西省,小麦,农技服务站,2023-02-12,20,False
4244,农技人员,辽宁省,苹果,农技服务站,2023-05-02,60,False
4245,农户,宁夏回族自治区,小麦,小农户,2023-10-13,48,False
4246,农户,重庆市,生猪,小农户,2020-06-03,19,True
4247,普通消费者,四川省,茶叶,个人,2020-02-16,41,False
4248,农户,广西壮族自治区,甘蔗,小农户,2021-06-22,70,False
4249,农技人员,江西省,柑橘,农技服务站,2025-11-20,20,False
4250,农户,青海省,牦牛,家庭农场,2023-06-20,79,False
4251,农技人员,辽宁省,水稻,农技服务站,2025-04-28,52,False
4252,农户,新疆维吾尔自治区,红枣,家庭农场,2022-03-12,29,False
4253,采购商,江西省,茶叶,中型采购商,2021-01-10,10,True
4254,农户,贵州省,辣椒,小农户,2020-11-28,58,False
4255,普通消费者,西藏自治区,青稞,个人,2023-10-25,20,False
4256,农技人员,湖南省,生猪,农技服务站,2025-10-25,21,False
4257,采购商,浙江省,茶叶,中型采购商,2023-01-27,24,False
4258,农户,云南省,水果,小农户,2025-01-26,25,False
4259,农户,广西壮族自治区,甘蔗,小农户,2024-10-02,20,False
4260,农户,吉林省,大豆,小农户,2021-05-24,12,True
4261,农技人员,广东省,荔枝,农技服务站,2024-10-19,61,False
4262,农户,广东省,龙眼,小农户,2023-12-19,29,False
4263,普通消费者,山东省,苹果,个人,2025-09-12,190,False
4264,农户,河北省,红枣,家庭农场,2024-10-18,39,False
4265,采购商,安徽省,小麦,小型采购商,2022-10-14,24,False
4266,采购商,四川省,茶叶,中型采购商,2021-11-09,20,False
4267,普通消费者,四川省,水稻,个人,2021-03-22,113,False
4268,农户,安徽省,蔬菜,家庭农场,2021-01-11,117,False
4269,农技人员,河南省,蔬菜,农技服务站,2024-02-23,37,False
4270,普通消费者,新疆维吾尔自治区,葡萄,个人,2023-11-09,20,False
4271,农技人员,湖北省,水产,农技服务站,2020-05-06,31,False
4272,普通消费者,天津市,水产,个人,2025-09-09,20,False
4273,普通消费者,甘肃省,马铃薯,个人,2022-07-03,80,False
4274,农技人员,河北省,梨,农技服务站,2022-03-20,103,False
4275,农技人员,新疆维吾尔自治区,红枣,农技服务站,2024-09-17,52,False
4276,农技人员,西藏自治区,中药材,农技服务站,2023-08-11,34,False
4277,农户,广东省,蔬菜,家庭农场,2020-04-09,20,False
4278,普通消费者,山东省,蔬菜,个人,2023-01-23,62,False
4279,采购商,河南省,蔬菜,小型采购商,2020-12-19,21,False
4280,农户,广东省,荔枝,小农户,2022-09-10,43,False
4281,农技人员,广东省,香蕉,农技服务站,2023-02-03,132,False
4282,采购商,湖南省,柑橘,中型采购商,2021-01-26,36,False
4283,采购商,江苏省,蔬菜,中型采购商,2022-04-04,37,False
4284,农户,山东省,小麦,小农户,2020-04-27,62,False
4285,采购商,黑龙江省,小麦,小型采购商,2023-11-21,47,False
4286,农户,新疆维吾尔自治区,葡萄,小农户,2020-02-05,38,False
4287,农户,陕西省,小麦,小农户,2021-09-16,20,False
4288,普通消费者,山西省,小麦,个人,2020-06-23,124,False
4289,采购商,河北省,红枣,小型采购商,2022-07-11,20,False
4290,农户,河北省,小麦,小农户,2024-11-17,31,False
4291,农户,北京市,花卉,小农户,2024-07-14,34,False
4292,普通消费者,江苏省,蔬菜,个人,2023-10-23,20,False
4293,普通消费者,河南省,玉米,个人,2025-09-10,80,False
4294,农户,河南省,玉米,小农户,2021-11-06,149,False
4295,采购商,山西省,小米,中型采购商,2021-04-24,70,False
4296,农户,新疆维吾尔自治区,红枣,小农户,2022-03-26,44,False
4297,普通消费者,湖北省,水产,个人,2021-07-18,34,False
4298,普通消费者,河南省,玉米,个人,2024-08-24,29,False
4299,农户,广东省,荔枝,小农户,2023-08-18,20,False
4300,农户,海南省,水产,小农户,2021-11-18,34,False
4301,农户,辽宁省,水稻,家庭农场,2025-12-12,37,False
4302,农户,湖南省,柑橘,合作社,2021-08-16,20,False
4303,普通消费者,四川省,猕猴桃,个人,2021-06-17,39,False
4304,采购商,广东省,龙眼,中型采购商,2021-12-21,30,False
4305,农户,福建省,水产,合作社,2020-05-23,20,False
4306,农户,云南省,花卉,小农户,2022-05-14,21,False
4307,采购商,陕西省,猕猴桃,大型采购商,2023-08-21,4,True
4308,农户,湖北省,水稻,小农户,2024-07-21,26,False
4309,农户,新疆维吾尔自治区,红枣,小农户,2023-06-13,80,False
4310,农户,海南省,水产,家庭农场,2022-12-22,43,False
4311,采购商,河南省,玉米,中型采购商,2020-12-06,20,False
4312,采购商,浙江省,水产,大型采购商,2023-01-01,42,False
4313,农技人员,河南省,花生,农技服务站,2022-10-27,20,False
4314,普通消费者,天津市,水产,个人,2022-01-16,56,False
4315,采购商,安徽省,小麦,小型采购商,2021-12-02,26,False
4316,普通消费者,福建省,茶叶,个人,2025-02-08,31,False
4317,农技人员,山东省,花生,农技服务站,2021-09-08,64,False
4318,农技人员,辽宁省,水稻,农技服务站,2024-02-02,20,False
4319,农户,山东省,蔬菜,小农户,2022-04-11,20,False
4320,农户,辽宁省,水产,小农户,2024-08-03,198,False
4321,农户,安徽省,茶叶,小农户,2024-11-10,24,False
4322,农技人员,福建省,食用菌,农技服务站,2022-01-11,55,False
4323,采购商,陕西省,小麦,小型采购商,2025-11-03,20,False
4324,农户,浙江省,杨梅,家庭农场,2024-04-20,20,False
4325,农户,江苏省,蔬菜,小农户,2020-08-22,26,False
4326,采购商,河北省,小麦,小型采购商,2022-02-28,6,True
4327,农户,吉林省,大豆,小农户,2025-05-11,43,False
4328,普通消费者,四川省,柑橘,个人,2023-11-13,60,False
4329,普通消费者,湖北省,水稻,个人,2024-12-25,26,False
4330,农户,四川省,猕猴桃,家庭农场,2021-03-24,180,False
4331,农户,西藏自治区,牦牛,小农户,2025-03-19,26,False
4332,普通消费者,广东省,荔枝,个人,2024-05-03,58,False
4333,采购商,吉林省,玉米,小型采购商,2025-03-12,20,False
4334,农户,福建省,茶叶,小农户,2023-10-09,8,True
4335,普通消费者,江苏省,水果,个人,2020-02-18,91,False
4336,普通消费者,贵州省,辣椒,个人,2022-12-24,113,False
4337,普通消费者,陕西省,小麦,个人,2020-04-07,27,False
4338,采购商,湖南省,柑橘,大型采购商,2023-09-14,16,True
4339,农户,吉林省,玉米,家庭农场,2021-01-25,36,False
4340,农户,陕西省,猕猴桃,小农户,2021-01-03,41,False
4341,普通消费者,福建省,柑橘,个人,2024-09-20,18,True
4342,采购商,陕西省,小麦,中型采购商,2022-06-06,25,False
4343,普通消费者,山东省,苹果,个人,2024-03-03,33,False
4344,农户,湖南省,柑橘,小农户,2021-04-25,20,False
4345,普通消费者,湖南省,水稻,个人,2022-12-23,196,False
4346,农技人员,四川省,柑橘,农技服务站,2025-09-19,4,True
4347,普通消费者,贵州省,中药材,个人,2022-01-11,83,False
4348,农户,广西壮族自治区,柑橘,小农户,2021-05-26,23,False
4349,农户,四川省,茶叶,小农户,2024-08-25,41,False
4350,农户,陕西省,小麦,小农户,2025-03-12,20,False
4351,采购商,河南省,小麦,中型采购商,2025-04-04,34,False
4352,普通消费者,江西省,水稻,个人,2020-11-28,41,False
4353,普通消费者,四川省,茶叶,个人,2020-04-25,158,False
4354,农户,云南省,茶叶,小农户,2023-01-01,27,False
4355,采购商,湖南省,生猪,小型采购商,2024-04-28,36,False
4356,普通消费者,广东省,蔬菜,个人,2020-01-16,20,False
4357,采购商,河北省,小麦,中型采购商,2024-08-28,115,False
4358,采购商,福建省,柑橘,小型采购商,2021-05-07,182,False
4359,普通消费者,江苏省,水果,个人,2022-05-23,29,False
4360,农技人员,河南省,玉米,农技服务站,2021-08-11,44,False
4361,农户,福建省,柑橘,小农户,2022-09-27,35,False
4362,采购商,福建省,食用菌,中型采购商,2022-06-28,24,False
4363,采购商,山东省,花生,中型采购商,2021-05-17,179,False
4364,普通消费者,湖南省,柑橘,个人,2024-12-16,37,False
4365,普通消费者,内蒙古自治区,羊肉,个人,2021-04-18,9,True
4366,采购商,湖南省,生猪,小型采购商,2022-07-14,115,False
4367,农技人员,广西壮族自治区,芒果,农技服务站,2020-07-08,47,False
4368,农户,四川省,柑橘,小农户,2022-06-06,20,False
4369,农技人员,四川省,猕猴桃,农技服务站,2022-09-10,4,True
4370,农户,贵州省,猕猴桃,家庭农场,2022-08-06,59,False
4371,采购商,陕西省,小麦,大型采购商,2020-07-18,27,False
4372,农户,浙江省,茶叶,家庭农场,2023-02-03,40,False
4373,农户,云南省,茶叶,家庭农场,2022-06-23,60,False
4374,农户,浙江省,杨梅,小农户,2023-09-08,20,False
4375,普通消费者,重庆市,蔬菜,个人,2023-08-03,183,False
4376,农户,江苏省,蔬菜,家庭农场,2022-05-11,125,False
4377,采购商,贵州省,茶叶,小型采购商,2020-02-03,23,False
4378,农技人员,宁夏回族自治区,枸杞,农技服务站,2023-03-08,128,False
4379,普通消费者,湖北省,莲藕,个人,2025-03-23,15,True
4380,采购商,黑龙江省,小麦,中型采购商,2021-09-12,28,False
4381,普通消费者,上海市,水果,个人,2025-11-15,19,True
4382,农户,四川省,蔬菜,小农户,2023-11-12,4,True
4383,农户,湖南省,茶叶,家庭农场,2020-04-09,160,False
4384,农户,广东省,蔬菜,家庭农场,2020-01-23,22,False
4385,普通消费者,重庆市,茶叶,个人,2025-11-19,78,False
4386,采购商,江苏省,大闸蟹,中型采购商,2022-05-10,21,False
4387,农户,福建省,食用菌,小农户,2020-12-25,25,False
4388,普通消费者,陕西省,红枣,个人,2023-03-16,36,False
4389,农技人员,海南省,热带水果,农技服务站,2023-12-23,162,False
4390,普通消费者,河南省,花生,个人,2023-10-22,20,False
4391,采购商,江苏省,大闸蟹,小型采购商,2025-02-27,27,False
4392,农户,广东省,龙眼,小农户,2025-09-20,38,False
4393,农户,天津市,蔬菜,小农户,2023-01-15,28,False
4394,普通消费者,山东省,小麦,个人,2025-11-11,31,False
4395,普通消费者,广西壮族自治区,柑橘,个人,2020-05-28,200,False
4396,采购商,福建省,茶叶,中型采购商,2022-03-21,25,False
4397,采购商,甘肃省,中药材,小型采购商,2022-03-26,184,False
4398,普通消费者,河南省,玉米,个人,2023-03-22,20,False
4399,农技人员,浙江省,水产,农技服务站,2025-08-19,95,False
4400,采购商,四川省,柑橘,小型采购商,2022-07-09,38,False
4401,普通消费者,湖北省,水稻,个人,2022-09-18,79,False
4402,采购商,青海省,油菜,大型采购商,2023-01-22,181,False
4403,采购商,四川省,水稻,小型采购商,2024-02-04,95,False
4404,农户,北京市,水果,小农户,2025-11-03,154,False
4405,普通消费者,广东省,蔬菜,个人,2022-05-06,33,False
4406,农户,重庆市,蔬菜,合作社,2025-09-18,177,False
4407,农户,陕西省,猕猴桃,小农户,2025-11-16,151,False
4408,采购商,宁夏回族自治区,马铃薯,小型采购商,2020-08-18,37,False
4409,农户,山东省,蔬菜,小农户,2020-03-03,46,False
4410,采购商,福建省,茶叶,中型采购商,2021-03-13,20,False
4411,普通消费者,四川省,茶叶,个人,2025-07-14,77,False
4412,农户,湖南省,柑橘,小农户,2021-10-21,138,False
4413,农户,江苏省,大闸蟹,合作社,2025-01-27,16,True
4414,农户,云南省,茶叶,小农户,2021-08-17,36,False
4415,农技人员,河北省,红枣,农技服务站,2025-12-25,74,False
4416,普通消费者,安徽省,小麦,个人,2020-08-26,176,False
4417,采购商,福建省,柑橘,小型采购商,2022-10-05,22,False
4418,采购商,河北省,梨,中型采购商,2023-11-06,80,False
4419,农户,内蒙古自治区,牛奶,家庭农场,2022-06-13,48,False
4420,农户,湖北省,莲藕,家庭农场,2020-10-17,43,False
4421,农户,西藏自治区,牦牛,小农户,2024-06-01,183,False
4422,农户,江苏省,大闸蟹,家庭农场,2020-03-14,130,False
4423,采购商,宁夏回族自治区,枸杞,小型采购商,2025-07-22,112,False
4424,农户,天津市,水产,合作社,2021-04-01,37,False
4425,采购商,四川省,茶叶,中型采购商,2022-01-24,29,False
4426,农户,湖南省,茶叶,小农户,2021-05-15,60,False
4427,农技人员,山东省,小麦,农技服务站,2025-09-07,35,False
4428,采购商,安徽省,水稻,小型采购商,2022-04-13,20,False
4429,普通消费者,安徽省,小麦,个人,2021-03-16,20,False
4430,农户,广东省,龙眼,小农户,2022-12-13,30,False
4431,普通消费者,河北省,红枣,个人,2021-04-16,38,False
4432,农户,云南省,花卉,小农户,2021-04-23,32,False
4433,普通消费者,陕西省,苹果,个人,2020-09-23,60,False
4434,农户,河南省,小麦,小农户,2023-01-09,20,False
4435,农户,云南省,茶叶,家庭农场,2024-09-07,35,False
4436,农户,辽宁省,苹果,小农户,2025-08-18,20,False
4437,农户,湖北省,水产,小农户,2024-12-21,48,False
4438,普通消费者,陕西省,苹果,个人,2023-07-19,31,False
4439,农技人员,山西省,小麦,农技服务站,2022-06-28,40,False
4440,农户,广西壮族自治区,柑橘,小农户,2023-11-23,21,False
4441,农户,辽宁省,樱桃,小农户,2020-06-07,62,False
4442,采购商,湖北省,水产,中型采购商,2022-10-07,55,False
4443,普通消费者,河北省,玉米,个人,2025-10-02,44,False
4444,农技人员,山西省,小麦,农技服务站,2025-11-17,166,False
4445,农户,陕西省,苹果,小农户,2020-10-17,31,False
4446,采购商,江西省,茶叶,中型采购商,2020-11-22,44,False
4447,农户,四川省,茶叶,小农户,2025-11-17,23,False
4448,采购商,四川省,茶叶,小型采购商,2022-08-14,50,False
4449,普通消费者,吉林省,人参,个人,2021-03-18,75,False
4450,采购商,山东省,苹果,小型采购商,2022-03-10,56,False
4451,农技人员,河南省,小麦,农技服务站,2022-06-19,22,False
4452,农户,江西省,茶叶,小农户,2025-07-08,39,False
4453,农户,江苏省,蔬菜,小农户,2024-10-12,20,False
4454,采购商,湖南省,生猪,中型采购商,2025-06-07,2,True
4455,农技人员,广东省,荔枝,农技服务站,2021-12-28,5,True
4456,采购商,上海市,蔬菜,小型采购商,2023-04-22,44,False
4457,农户,广西壮族自治区,香蕉,小农户,2025-03-06,106,False
4458,农户,河北省,梨,小农户,2024-02-14,41,False
4459,农户,山东省,苹果,小农户,2020-05-18,20,False
4460,农户,海南省,热带水果,家庭农场,2021-12-05,20,False
4461,农户,云南省,花卉,家庭农场,2024-06-20,28,False
4462,普通消费者,山东省,花生,个人,2020-10-22,7,True
4463,农技人员,重庆市,茶叶,农技服务站,2025-11-22,28,False
4464,普通消费者,山东省,小麦,个人,2022-08-27,20,False
4465,农户,湖南省,茶叶,小农户,2023-04-23,109,False
4466,农技人员,云南省,茶叶,农技服务站,2025-12-11,40,False
4467,普通消费者,四川省,猕猴桃,个人,2023-07-12,91,False
4468,采购商,湖北省,莲藕,中型采购商,2023-02-19,37,False
4469,普通消费者,河北省,红枣,个人,2022-04-27,30,False
4470,农户,吉林省,大豆,家庭农场,2024-01-13,22,False
4471,农户,河南省,小麦,小农户,2024-11-19,129,False
4472,农户,黑龙江省,大豆,小农户,2021-05-25,125,False
4473,农户,湖南省,茶叶,小农户,2020-03-27,55,False
4474,农户,四川省,柑橘,小农户,2020-01-17,75,False
4475,农户,新疆维吾尔自治区,红枣,家庭农场,2023-07-01,155,False
4476,普通消费者,河南省,蔬菜,个人,2022-08-09,26,False
4477,采购商,安徽省,水稻,小型采购商,2021-03-04,85,False
4478,普通消费者,广东省,蔬菜,个人,2025-06-12,24,False
4479,农技人员,河北省,小麦,农技服务站,2025-10-21,10,True
4480,农户,河北省,玉米,小农户,2022-03-28,42,False
4481,采购商,江西省,水稻,小型采购商,2021-09-11,27,False
4482,农户,新疆维吾尔自治区,哈密瓜,小农户,2023-04-26,30,False
4483,农户,甘肃省,马铃薯,小农户,2022-06-28,47,False
4484,普通消费者,山东省,小麦,个人,2024-01-13,20,False
4485,采购商,山东省,小麦,中型采购商,2024-02-07,160,False
4486,普通消费者,浙江省,杨梅,个人,2022-02-19,19,True
4487,农户,重庆市,生猪,小农户,2020-09-14,64,False
4488,农技人员,湖北省,水稻,农技服务站,2025-05-20,156,False
4489,普通消费者,陕西省,红枣,个人,2020-08-23,34,False
4490,农技人员,河南省,玉米,农技服务站,2021-03-03,26,False
4491,农户,浙江省,柑橘,小农户,2022-01-22,7,True
4492,农技人员,江西省,油茶,农技服务站,2023-06-17,31,False
4493,农户,广西壮族自治区,芒果,小农户,2023-07-04,6,True
4494,普通消费者,贵州省,辣椒,个人,2025-01-21,32,False
4495,农户,浙江省,杨梅,合作社,2023-06-16,20,False
4496,农户,山东省,花生,小农户,2025-02-18,4,True
4497,采购商,山东省,蔬菜,大型采购商,2024-10-08,69,False
4498,农户,浙江省,水产,小农户,2021-01-14,33,False
4499,农户,贵州省,猕猴桃,家庭农场,2024-11-23,41,False
4500,采购商,内蒙古自治区,马铃薯,中型采购商,2024-12-13,53,False
4501,采购商,湖南省,水稻,大型采购商,2022-01-12,20,False
4502,农户,云南省,花卉,家庭农场,2020-09-04,41,False
4503,农户,山东省,苹果,小农户,2025-07-27,18,True
4504,采购商,陕西省,小麦,大型采购商,2022-01-26,28,False
4505,普通消费者,广东省,香蕉,个人,2022-05-19,83,False
4506,普通消费者,四川省,猕猴桃,个人,2024-01-14,168,False
4507,普通消费者,广东省,蔬菜,个人,2023-10-18,50,False
4508,采购商,福建省,食用菌,中型采购商,2020-08-09,20,False
4509,普通消费者,四川省,柑橘,个人,2025-10-22,20,False
4510,农户,重庆市,生猪,合作社,2021-06-28,31,False
4511,普通消费者,河北省,红枣,个人,2023-07-20,20,False
4512,普通消费者,河南省,小麦,个人,2023-05-16,24,False
4513,普通消费者,湖南省,生猪,个人,2022-11-23,41,False
4514,农技人员,安徽省,水稻,农技服务站,2021-11-13,41,False
4515,普通消费者,天津市,蔬菜,个人,2020-07-13,23,False
4516,采购商,湖南省,水稻,中型采购商,2022-10-17,23,False
4517,普通消费者,湖南省,生猪,个人,2023-11-02,31,False
4518,农户,河南省,蔬菜,家庭农场,2025-05-02,21,False
4519,普通消费者,吉林省,人参,个人,2021-04-03,50,False
4520,农户,河南省,玉米,合作社,2022-03-11,129,False
4521,普通消费者,四川省,猕猴桃,个人,2025-09-27,27,False
4522,采购商,甘肃省,小麦,小型采购商,2022-01-11,20,False
4523,农户,浙江省,柑橘,小农户,2020-04-24,27,False
4524,农户,重庆市,柑橘,小农户,2024-04-10,20,False
4525,农户,山东省,苹果,小农户,2020-03-19,20,False
4526,农户,广西壮族自治区,甘蔗,家庭农场,2022-12-21,20,False
4527,农户,四川省,蔬菜,合作社,2023-09-08,34,False
4528,普通消费者,新疆维吾尔自治区,红枣,个人,2023-10-25,64,False
4529,采购商,江苏省,大闸蟹,小型采购商,2020-07-17,38,False
4530,农户,河北省,小麦,小农户,2025-01-02,152,False
4531,农户,新疆维吾尔自治区,哈密瓜,合作社,2022-08-17,24,False
4532,普通消费者,湖南省,柑橘,个人,2025-06-12,41,False
4533,农技人员,广东省,香蕉,农技服务站,2021-07-07,26,False
4534,农户,河北省,玉米,小农户,2023-11-05,23,False
4535,农户,河南省,花生,小农户,2020-02-15,166,False
4536,采购商,河南省,小麦,小型采购商,2021-05-11,20,False
4537,采购商,河北省,红枣,小型采购商,2022-08-13,20,False
4538,农户,浙江省,茶叶,小农户,2024-09-16,27,False
4539,采购商,吉林省,人参,小型采购商,2025-03-02,35,False
4540,农户,四川省,柑橘,家庭农场,2023-09-12,31,False
4541,农户,贵州省,辣椒,小农户,2020-11-21,10,True
4542,采购商,北京市,水果,中型采购商,2022-04-01,26,False
4543,农户,黑龙江省,水稻,小农户,2022-06-05,20,False
4544,普通消费者,浙江省,杨梅,个人,2022-12-15,44,False
4545,普通消费者,河南省,蔬菜,个人,2020-02-22,109,False
4546,农户,广东省,香蕉,家庭农场,2023-03-20,20,False
4547,采购商,四川省,水稻,中型采购商,2025-04-26,48,False
4548,农户,江苏省,水果,小农户,2025-09-23,20,False
4549,采购商,湖南省,水稻,中型采购商,2024-09-03,140,False
4550,农技人员,四川省,柑橘,农技服务站,2020-06-19,22,False
4551,农技人员,广东省,蔬菜,农技服务站,2023-04-17,20,False
4552,普通消费者,安徽省,水稻,个人,2021-04-04,25,False
4553,农户,新疆维吾尔自治区,葡萄,小农户,2020-08-01,53,False
4554,农户,山东省,小麦,家庭农场,2025-09-07,42,False
4555,采购商,江苏省,水果,中型采购商,2023-05-01,54,False
4556,农户,浙江省,杨梅,小农户,2020-11-15,42,False
4557,采购商,河南省,玉米,小型采购商,2021-11-21,20,False
4558,农户,吉林省,水稻,家庭农场,2024-07-28,101,False
4559,农技人员,贵州省,中药材,农技服务站,2021-07-09,28,False
4560,农户,河南省,小麦,合作社,2025-06-21,22,False
4561,普通消费者,福建省,茶叶,个人,2023-07-22,84,False
4562,普通消费者,福建省,柑橘,个人,2020-03-07,64,False
4563,普通消费者,河南省,花生,个人,2024-12-09,20,False
4564,普通消费者,山东省,小麦,个人,2023-06-04,51,False
4565,农户,山东省,花生,家庭农场,2023-09-22,1,True
4566,农户,陕西省,猕猴桃,家庭农场,2022-11-17,14,True
4567,采购商,安徽省,茶叶,中型采购商,2024-11-23,51,False
4568,普通消费者,河南省,玉米,个人,2023-10-25,80,False
4569,农户,云南省,水果,小农户,2025-07-11,26,False
4570,农户,湖南省,生猪,小农户,2023-08-12,47,False
4571,农户,福建省,茶叶,小农户,2022-02-16,80,False
4572,采购商,安徽省,小麦,中型采购商,2024-01-18,24,False
4573,普通消费者,河南省,蔬菜,个人,2021-04-07,20,False
4574,农户,黑龙江省,小麦,小农户,2020-01-04,8,True
4575,采购商,江苏省,水稻,小型采购商,2021-12-07,20,False
4576,农户,辽宁省,苹果,小农户,2024-10-01,17,True
4577,普通消费者,山东省,花生,个人,2022-08-23,47,False
4578,农户,辽宁省,苹果,小农户,2023-04-17,20,False
4579,农户,湖北省,水产,小农户,2021-07-15,27,False
4580,农户,江西省,水稻,小农户,2021-04-15,41,False
4581,农户,江西省,水稻,小农户,2023-10-19,36,False
4582,农户,广东省,香蕉,家庭农场,2023-02-22,162,False
4583,农户,重庆市,生猪,家庭农场,2021-08-15,4,True
4584,采购商,江苏省,水稻,中型采购商,2023-11-16,40,False
4585,普通消费者,广西壮族自治区,香蕉,个人,2020-10-14,37,False
4586,农技人员,福建省,水产,农技服务站,2020-01-25,62,False
4587,采购商,湖北省,莲藕,中型采购商,2023-10-10,169,False
4588,普通消费者,西藏自治区,牦牛,个人,2022-05-16,13,True
4589,农户,湖北省,水产,家庭农场,2022-10-13,182,False
4590,农户,江苏省,水果,家庭农场,2023-07-20,20,False
4591,采购商,广东省,蔬菜,中型采购商,2022-06-27,23,False
4592,采购商,广东省,蔬菜,大型采购商,2022-11-02,22,False
4593,农户,四川省,猕猴桃,小农户,2023-03-20,50,False
4594,采购商,广东省,蔬菜,小型采购商,2021-11-20,51,False
4595,普通消费者,广东省,香蕉,个人,2022-09-28,178,False
4596,普通消费者,河北省,梨,个人,2021-09-07,41,False
4597,农技人员,重庆市,蔬菜,农技服务站,2021-12-20,59,False
4598,农技人员,浙江省,茶叶,农技服务站,2025-05-26,20,False
4599,农技人员,湖北省,水稻,农技服务站,2022-02-12,13,True
4600,农户,黑龙江省,玉米,家庭农场,2022-02-02,192,False
4601,农户,浙江省,柑橘,家庭农场,2023-11-19,76,False
4602,农户,江苏省,水果,小农户,2025-07-09,70,False
4603,普通消费者,天津市,水产,个人,2023-12-02,47,False
4604,普通消费者,天津市,水产,个人,2021-10-20,80,False
4605,农户,安徽省,水稻,家庭农场,2024-05-27,86,False
4606,普通消费者,四川省,茶叶,个人,2023-01-16,94,False
4607,采购商,安徽省,水稻,小型采购商,2024-05-19,140,False
4608,采购商,湖北省,柑橘,大型采购商,2020-07-03,20,False
4609,农户,江苏省,蔬菜,小农户,2023-09-19,25,False
4610,农户,上海市,水果,家庭农场,2025-11-06,22,False
4611,农户,湖北省,水产,家庭农场,2023-06-14,47,False
4612,农户,山东省,苹果,合作社,2024-03-08,131,False
4613,普通消费者,新疆维吾尔自治区,棉花,个人,2021-04-16,20,False
4614,农户,辽宁省,水稻,合作社,2020-12-24,196,False
4615,普通消费者,河北省,红枣,个人,2020-06-23,48,False
4616,普通消费者,湖北省,水稻,个人,2020-11-26,65,False
4617,普通消费者,浙江省,茶叶,个人,2023-05-02,46,False
4618,普通消费者,河北省,梨,个人,2023-09-24,38,False
4619,普通消费者,黑龙江省,大豆,个人,2022-09-27,20,False
4620,农技人员,湖南省,茶叶,农技服务站,2025-05-23,21,False
4621,普通消费者,甘肃省,中药材,个人,2023-03-17,1,True
4622,农户,新疆维吾尔自治区,哈密瓜,家庭农场,2023-05-08,61,False
4623,农户,河北省,梨,家庭农场,2024-05-09,193,False
4624,农户,福建省,食用菌,合作社,2024-04-01,48,False
4625,农户,辽宁省,水产,家庭农场,2022-07-01,185,False
4626,农户,湖南省,水稻,小农户,2022-03-07,163,False
4627,农户,山东省,花生,小农户,2021-01-20,101,False
4628,普通消费者,浙江省,水产,个人,2022-05-01,83,False
4629,农技人员,辽宁省,苹果,农技服务站,2022-05-26,32,False
4630,农户,河南省,蔬菜,小农户,2021-01-04,26,False
4631,普通消费者,安徽省,小麦,个人,2020-09-11,10,True
4632,农户,四川省,蔬菜,小农户,2020-12-28,20,False
4633,农技人员,黑龙江省,水稻,农技服务站,2022-09-28,20,False
4634,采购商,福建省,茶叶,大型采购商,2022-05-17,80,False
4635,农技人员,重庆市,茶叶,农技服务站,2023-08-20,20,False
4636,农户,黑龙江省,大豆,小农户,2025-06-21,36,False
4637,农户,吉林省,大豆,家庭农场,2024-03-16,54,False
4638,采购商,云南省,花卉,小型采购商,2022-03-19,20,False
4639,普通消费者,河北省,玉米,个人,2022-06-21,36,False
4640,农技人员,河北省,小麦,农技服务站,2022-06-19,2,True
4641,普通消费者,山东省,花生,个人,2025-12-28,122,False
4642,普通消费者,广东省,蔬菜,个人,2023-02-22,52,False
4643,农户,陕西省,红枣,小农户,2022-10-24,33,False
4644,采购商,江苏省,水稻,中型采购商,2021-11-09,80,False
4645,采购商,四川省,猕猴桃,小型采购商,2023-10-12,20,False
4646,农户,陕西省,猕猴桃,小农户,2022-09-17,2,True
4647,农技人员,陕西省,猕猴桃,农技服务站,2023-08-25,56,False
4648,农技人员,内蒙古自治区,小麦,农技服务站,2023-05-12,30,False
4649,农户,广东省,荔枝,小农户,2024-08-05,174,False
4650,采购商,黑龙江省,小麦,中型采购商,2024-01-01,48,False
4651,采购商,甘肃省,苹果,中型采购商,2022-09-27,41,False
4652,采购商,湖南省,茶叶,大型采购商,2020-07-14,22,False
4653,采购商,江苏省,水果,中型采购商,2023-02-05,37,False
4654,采购商,浙江省,茶叶,大型采购商,2023-07-15,20,False
4655,采购商,四川省,猕猴桃,小型采购商,2021-03-16,44,False
4656,农技人员,浙江省,茶叶,农技服务站,2022-06-04,38,False
4657,农户,山东省,苹果,小农户,2022-06-11,45,False
4658,普通消费者,浙江省,杨梅,个人,2022-07-26,56,False
4659,农户,西藏自治区,中药材,小农户,2022-11-16,39,False
4660,普通消费者,湖南省,水稻,个人,2024-10-12,35,False
4661,农户,黑龙江省,水稻,小农户,2023-12-02,21,False
4662,农户,山东省,小麦,家庭农场,2024-06-25,23,False
4663,采购商,安徽省,小麦,小型采购商,2024-07-02,59,False
4664,采购商,海南省,热带水果,中型采购商,2023-01-17,67,False
4665,普通消费者,河北省,梨,个人,2025-11-01,84,False
4666,农户,贵州省,辣椒,小农户,2020-02-12,102,False
4667,农户,湖南省,水稻,小农户,2025-04-22,29,False
4668,农户,广东省,蔬菜,小农户,2024-01-06,165,False
4669,采购商,广东省,蔬菜,中型采购商,2025-02-18,33,False
4670,农户,江苏省,水果,小农户,2023-08-14,21,False
4671,采购商,广东省,龙眼,中型采购商,2024-04-10,59,False
4672,农户,江苏省,水果,小农户,2023-05-05,46,False
4673,农技人员,广东省,荔枝,农技服务站,2022-08-21,80,False
4674,普通消费者,云南省,水果,个人,2024-07-14,21,False
4675,采购商,辽宁省,苹果,中型采购商,2024-08-15,118,False
4676,农户,福建省,食用菌,小农户,2023-11-03,27,False
4677,普通消费者,浙江省,柑橘,个人,2024-10-23,37,False
4678,农户,江苏省,水果,小农户,2025-03-07,45,False
4679,农户,河南省,蔬菜,家庭农场,2024-01-28,29,False
4680,采购商,浙江省,水产,小型采购商,2025-09-03,95,False
4681,采购商,河北省,玉米,中型采购商,2021-04-22,21,False
4682,采购商,甘肃省,中药材,小型采购商,2024-08-05,51,False
4683,农户,湖北省,柑橘,小农户,2024-05-02,166,False
4684,采购商,河南省,蔬菜,小型采购商,2022-12-17,143,False
4685,农技人员,四川省,猕猴桃,农技服务站,2022-06-19,47,False
4686,普通消费者,甘肃省,小麦,个人,2025-07-21,197,False
4687,普通消费者,浙江省,水产,个人,2024-07-18,20,False
4688,农户,浙江省,茶叶,家庭农场,2021-07-21,65,False
4689,采购商,广东省,香蕉,大型采购商,2022-04-14,101,False
4690,农技人员,浙江省,茶叶,农技服务站,2022-07-12,59,False
4691,农户,广东省,荔枝,小农户,2021-02-22,35,False
4692,农技人员,湖北省,水稻,农技服务站,2022-03-02,34,False
4693,农户,福建省,食用菌,家庭农场,2025-01-26,43,False
4694,农户,山东省,蔬菜,小农户,2024-06-02,21,False
4695,采购商,青海省,牦牛,中型采购商,2025-10-17,140,False
4696,普通消费者,湖南省,柑橘,个人,2021-08-22,33,False
4697,采购商,贵州省,辣椒,小型采购商,2024-02-01,20,False
4698,普通消费者,广西壮族自治区,甘蔗,个人,2025-08-02,5,True
4699,农户,山东省,小麦,小农户,2025-05-19,132,False
4700,农户,安徽省,茶叶,家庭农场,2023-01-23,51,False
4701,采购商,湖南省,水稻,中型采购商,2021-06-17,85,False
4702,农户,新疆维吾尔自治区,红枣,小农户,2025-12-12,20,False
4703,农户,四川省,蔬菜,家庭农场,2021-02-13,70,False
4704,农技人员,江苏省,大闸蟹,农技服务站,2023-02-10,110,False
4705,普通消费者,河南省,花生,个人,2021-02-20,28,False
4706,农户,黑龙江省,大豆,小农户,2023-06-13,102,False
4707,农户,湖南省,生猪,合作社,2022-09-01,29,False
4708,农户,湖北省,莲藕,小农户,2023-08-05,166,False
4709,农户,辽宁省,水产,家庭农场,2021-08-24,24,False
4710,农户,甘肃省,苹果,合作社,2025-07-18,28,False
4711,农技人员,四川省,茶叶,农技服务站,2020-02-06,17,True
4712,农户,浙江省,柑橘,家庭农场,2021-06-26,67,False
4713,采购商,广东省,龙眼,小型采购商,2022-05-17,20,False
4714,采购商,江苏省,水稻,大型采购商,2023-06-16,194,False
4715,农技人员,江苏省,大闸蟹,农技服务站,2020-12-17,62,False
4716,农户,河南省,花生,小农户,2024-06-21,122,False
4717,采购商,福建省,柑橘,中型采购商,2022-02-28,39,False
4718,普通消费者,江苏省,蔬菜,个人,2024-09-02,20,False
4719,农户,安徽省,小麦,小农户,2022-12-08,20,False
4720,农技人员,云南省,茶叶,农技服务站,2022-08-23,76,False
4721,采购商,河南省,小麦,小型采购商,2024-05-04,20,False
4722,普通消费者,广东省,蔬菜,个人,2020-11-21,20,False
4723,普通消费者,四川省,猕猴桃,个人,2023-01-04,123,False
4724,采购商,甘肃省,中药材,中型采购商,2025-04-28,58,False
4725,普通消费者,吉林省,人参,个人,2020-08-21,149,False
4726,农户,河北省,红枣,小农户,2023-06-02,39,False
4727,农户,天津市,蔬菜,合作社,2024-04-01,20,False
4728,农户,四川省,猕猴桃,家庭农场,2024-02-25,36,False
4729,普通消费者,河南省,小麦,个人,2023-10-07,128,False
4730,农户,河北省,梨,家庭农场,2020-07-12,20,False
4731,普通消费者,江苏省,蔬菜,个人,2021-12-11,57,False
4732,普通消费者,浙江省,茶叶,个人,2025-08-28,128,False
4733,普通消费者,四川省,猕猴桃,个人,2023-03-28,18,True
4734,普通消费者,江苏省,大闸蟹,个人,2025-12-06,56,False
4735,采购商,吉林省,人参,小型采购商,2021-11-22,43,False
4736,采购商,天津市,蔬菜,中型采购商,2024-01-24,39,False
4737,普通消费者,甘肃省,中药材,个人,2023-01-19,79,False
4738,采购商,内蒙古自治区,马铃薯,中型采购商,2020-11-15,7,True
4739,普通消费者,河北省,红枣,个人,2025-03-17,17,True
4740,农技人员,吉林省,人参,农技服务站,2020-02-09,33,False
4741,农技人员,陕西省,猕猴桃,农技服务站,2020-02-19,20,False
4742,采购商,云南省,水果,小型采购商,2020-08-15,41,False
4743,农户,安徽省,蔬菜,家庭农场,2024-11-04,184,False
4744,农户,四川省,水稻,合作社,2022-07-08,173,False
4745,普通消费者,北京市,花卉,个人,2023-05-24,80,False
4746,采购商,河南省,小麦,小型采购商,2022-02-14,20,False
4747,农户,黑龙江省,小麦,家庭农场,2021-06-18,27,False
4748,农户,山东省,花生,小农户,2023-05-16,40,False
4749,农户,新疆维吾尔自治区,葡萄,家庭农场,2022-04-18,32,False
4750,农户,安徽省,蔬菜,家庭农场,2021-06-05,20,False
4751,普通消费者,安徽省,水稻,个人,2025-07-09,58,False
4752,采购商,河南省,蔬菜,小型采购商,2020-10-14,153,False
4753,农户,浙江省,茶叶,小农户,2020-04-25,80,False
4754,采购商,四川省,茶叶,中型采购商,2024-12-24,36,False
4755,农户,广东省,香蕉,小农户,2025-03-02,21,False
4756,采购商,贵州省,中药材,小型采购商,2024-02-04,20,False
4757,农户,安徽省,小麦,小农户,2022-02-15,37,False
4758,普通消费者,黑龙江省,大豆,个人,2024-04-03,57,False
4759,农技人员,湖南省,水稻,农技服务站,2021-10-21,41,False
4760,采购商,内蒙古自治区,牛奶,中型采购商,2025-11-02,33,False
4761,普通消费者,陕西省,小麦,个人,2025-08-25,90,False
4762,农技人员,河南省,玉米,农技服务站,2025-05-07,24,False
4763,农户,浙江省,茶叶,小农户,2022-08-12,19,True
4764,农户,海南省,热带水果,小农户,2022-09-02,20,False
4765,农户,安徽省,茶叶,小农户,2022-07-06,112,False
4766,农户,福建省,水产,小农户,2023-01-26,50,False
4767,农户,四川省,蔬菜,家庭农场,2021-10-21,114,False
4768,普通消费者,四川省,水稻,个人,2020-05-05,179,False
4769,采购商,湖北省,柑橘,小型采购商,2024-03-04,80,False
4770,农户,河北省,小麦,小农户,2025-10-14,52,False
4771,普通消费者,辽宁省,樱桃,个人,2021-11-19,20,False
4772,农技人员,天津市,蔬菜,农技服务站,2024-05-26,73,False
4773,采购商,山东省,小麦,中型采购商,2020-04-10,44,False
4774,农户,辽宁省,水产,小农户,2025-03-13,66,False
4775,普通消费者,江苏省,蔬菜,个人,2022-07-06,6,True
4776,普通消费者,吉林省,大豆,个人,2025-05-26,20,False
4777,采购商,河南省,玉米,中型采购商,2020-08-27,176,False
4778,农技人员,江西省,柑橘,农技服务站,2022-07-13,197,False
4779,普通消费者,辽宁省,水稻,个人,2022-08-22,2,True
4780,农技人员,黑龙江省,大豆,农技服务站,2024-09-28,86,False
4781,农技人员,西藏自治区,牦牛,农技服务站,2020-07-07,20,False
4782,农户,辽宁省,苹果,家庭农场,2020-03-06,30,False
4783,农户,江苏省,水稻,小农户,2020-10-11,42,False
4784,采购商,山东省,小麦,小型采购商,2021-04-22,80,False
4785,农户,广西壮族自治区,甘蔗,小农户,2022-10-26,122,False
4786,普通消费者,陕西省,红枣,个人,2024-02-15,47,False
4787,农户,浙江省,水产,小农户,2024-01-23,29,False
4788,采购商,江苏省,大闸蟹,小型采购商,2024-02-21,20,False
4789,采购商,河南省,花生,中型采购商,2022-02-10,3,True
4790,农户,河北省,梨,家庭农场,2023-10-19,61,False
4791,农户,新疆维吾尔自治区,红枣,小农户,2020-02-27,20,False
4792,采购商,山东省,小麦,大型采购商,2021-01-20,162,False
4793,农户,江苏省,水果,小农户,2024-05-18,18,True
4794,农户,河南省,小麦,小农户,2023-08-22,74,False
4795,采购商,山东省,花生,小型采购商,2022-12-21,28,False
4796,普通消费者,海南省,热带水果,个人,2021-12-04,73,False
4797,农户,山东省,蔬菜,小农户,2022-03-07,46,False
4798,农技人员,甘肃省,中药材,农技服务站,2021-05-06,30,False
4799,普通消费者,宁夏回族自治区,小麦,个人,2021-03-24,197,False
4800,农户,河南省,蔬菜,小农户,2020-11-08,100,False
4801,农户,山东省,蔬菜,合作社,2022-03-08,25,False
4802,农技人员,四川省,茶叶,农技服务站,2023-07-01,27,False
4803,农户,重庆市,蔬菜,家庭农场,2025-11-22,41,False
4804,农技人员,辽宁省,水产,农技服务站,2025-07-16,34,False
4805,普通消费者,陕西省,小麦,个人,2023-03-03,11,True
4806,农户,江苏省,水稻,小农户,2021-12-02,127,False
4807,普通消费者,四川省,蔬菜,个人,2025-08-05,24,False
4808,农技人员,宁夏回族自治区,马铃薯,农技服务站,2022-03-14,30,False
4809,普通消费者,湖南省,柑橘,个人,2024-03-16,135,False
4810,普通消费者,天津市,水果,个人,2025-04-19,34,False
4811,采购商,广东省,荔枝,中型采购商,2021-09-19,20,False
4812,农户,河南省,玉米,家庭农场,2023-09-21,41,False
4813,农户,甘肃省,马铃薯,小农户,2025-04-12,138,False
4814,普通消费者,广东省,香蕉,个人,2024-04-03,172,False
4815,农技人员,安徽省,小麦,农技服务站,2025-02-21,20,False
4816,农户,陕西省,苹果,小农户,2023-11-01,20,False
4817,农户,广西壮族自治区,芒果,小农户,2025-10-20,20,False
4818,普通消费者,河南省,花生,个人,2023-07-17,20,False
4819,普通消费者,山东省,苹果,个人,2021-09-01,196,False
4820,采购商,四川省,猕猴桃,中型采购商,2025-06-09,20,False
4821,农户,浙江省,杨梅,小农户,2021-04-23,11,True
4822,采购商,浙江省,茶叶,中型采购商,2021-11-23,23,False
4823,普通消费者,陕西省,苹果,个人,2020-10-14,80,False
4824,农户,江西省,油茶,小农户,2022-12-20,11,True
4825,采购商,广东省,蔬菜,小型采购商,2021-03-08,25,False
4826,农技人员,陕西省,小麦,农技服务站,2020-12-07,185,False
4827,采购商,广东省,荔枝,小型采购商,2020-08-03,191,False
4828,农技人员,辽宁省,樱桃,农技服务站,2022-05-22,36,False
4829,采购商,云南省,花卉,大型采购商,2020-02-06,40,False
4830,农户,安徽省,小麦,家庭农场,2023-04-03,20,False
4831,普通消费者,河南省,小麦,个人,2020-09-17,35,False
4832,普通消费者,四川省,茶叶,个人,2025-06-26,193,False
4833,农户,吉林省,玉米,小农户,2024-02-17,111,False
4834,采购商,江苏省,蔬菜,中型采购商,2025-01-02,31,False
4835,农技人员,江苏省,蔬菜,农技服务站,2020-09-03,20,False
4836,农户,广东省,蔬菜,小农户,2025-09-16,68,False
4837,采购商,辽宁省,樱桃,中型采购商,2022-10-20,80,False
4838,普通消费者,新疆维吾尔自治区,哈密瓜,个人,2025-03-01,20,False
4839,采购商,江西省,茶叶,小型采购商,2021-05-10,20,False
4840,农户,浙江省,茶叶,家庭农场,2022-07-01,10,True
4841,农户,山东省,小麦,小农户,2025-08-19,28,False
4842,农户,湖北省,柑橘,家庭农场,2021-11-08,20,False
4843,农户,云南省,水果,小农户,2020-08-13,42,False
4844,农户,河北省,红枣,家庭农场,2023-08-14,23,False
4845,农技人员,浙江省,茶叶,农技服务站,2021-09-16,80,False
4846,农户,贵州省,茶叶,小农户,2024-04-20,60,False
4847,采购商,河南省,花生,中型采购商,2021-01-09,36,False
4848,采购商,江苏省,水果,大型采购商,2020-11-24,55,False
4849,普通消费者,广东省,荔枝,个人,2024-09-22,19,True
4850,采购商,贵州省,茶叶,小型采购商,2025-02-12,183,False
4851,农户,江苏省,大闸蟹,合作社,2020-09-21,57,False
4852,采购商,广西壮族自治区,甘蔗,小型采购商,2022-05-20,24,False
4853,农户,河南省,小麦,家庭农场,2022-05-01,109,False
4854,农技人员,内蒙古自治区,小麦,农技服务站,2020-03-02,22,False
4855,普通消费者,四川省,猕猴桃,个人,2021-08-18,34,False
4856,农户,陕西省,红枣,小农户,2025-06-24,50,False
4857,农户,江苏省,蔬菜,合作社,2020-08-25,146,False
4858,采购商,江西省,油茶,小型采购商,2024-09-18,155,False
4859,普通消费者,河南省,玉米,个人,2020-01-24,5,True
4860,采购商,四川省,猕猴桃,小型采购商,2024-05-16,35,False
4861,农户,山东省,蔬菜,小农户,2020-12-15,20,False
4862,农技人员,陕西省,红枣,农技服务站,2020-01-23,150,False
4863,农技人员,湖北省,水产,农技服务站,2022-05-05,96,False
4864,普通消费者,江苏省,水果,个人,2020-12-09,22,False
4865,农技人员,山东省,苹果,农技服务站,2020-09-15,31,False
4866,农户,广东省,香蕉,小农户,2020-12-10,31,False
4867,农户,云南省,水果,小农户,2022-07-22,80,False
4868,农技人员,西藏自治区,牦牛,农技服务站,2025-05-20,166,False
4869,农户,河南省,小麦,小农户,2021-09-04,136,False
4870,采购商,甘肃省,中药材,小型采购商,2024-03-10,20,False
4871,农户,河北省,小麦,合作社,2025-04-02,14,True
4872,普通消费者,江苏省,大闸蟹,个人,2021-02-27,42,False
4873,农户,浙江省,杨梅,小农户,2020-03-15,69,False
4874,农户,吉林省,玉米,小农户,2022-04-25,80,False
4875,农户,内蒙古自治区,牛奶,家庭农场,2025-08-10,11,True
4876,农户,山东省,苹果,家庭农场,2025-03-07,27,False
4877,普通消费者,广东省,荔枝,个人,2020-10-27,83,False
4878,采购商,四川省,水稻,小型采购商,2021-12-13,42,False
4879,农户,贵州省,猕猴桃,家庭农场,2021-02-22,44,False
4880,农户,新疆维吾尔自治区,红枣,家庭农场,2021-12-25,36,False
4881,农户,广东省,龙眼,小农户,2023-02-04,93,False
4882,普通消费者,江苏省,蔬菜,个人,2022-12-05,31,False
4883,采购商,河北省,梨,小型采购商,2023-06-18,131,False
4884,农技人员,广西壮族自治区,芒果,农技服务站,2020-09-04,41,False
4885,采购商,吉林省,大豆,大型采购商,2021-04-05,20,False
4886,采购商,安徽省,茶叶,中型采购商,2025-04-22,46,False
4887,采购商,甘肃省,中药材,中型采购商,2020-06-01,143,False
4888,农户,甘肃省,马铃薯,小农户,2025-08-26,35,False
4889,农户,贵州省,猕猴桃,合作社,2022-03-09,29,False
4890,农技人员,湖北省,莲藕,农技服务站,2022-05-19,80,False
4891,普通消费者,广东省,香蕉,个人,2023-05-26,14,True
4892,农户,福建省,柑橘,小农户,2024-07-05,165,False
4893,农技人员,黑龙江省,大豆,农技服务站,2023-08-19,23,False
4894,普通消费者,西藏自治区,牦牛,个人,2025-05-21,82,False
4895,采购商,山东省,苹果,大型采购商,2022-01-15,27,False
4896,农户,黑龙江省,玉米,家庭农场,2024-07-02,14,True
4897,农户,内蒙古自治区,羊肉,小农户,2025-12-09,80,False
4898,农技人员,山东省,蔬菜,农技服务站,2022-11-26,21,False
4899,农技人员,河南省,蔬菜,农技服务站,2020-04-05,25,False
4900,采购商,广东省,香蕉,小型采购商,2025-10-17,113,False
4901,普通消费者,北京市,水果,个人,2024-10-12,30,False
4902,普通消费者,湖南省,生猪,个人,2024-05-19,50,False
4903,农户,重庆市,茶叶,家庭农场,2025-06-23,36,False
4904,普通消费者,广西壮族自治区,甘蔗,个人,2021-08-24,20,False
4905,农户,陕西省,红枣,家庭农场,2025-03-15,25,False
4906,农技人员,山东省,蔬菜,农技服务站,2025-05-01,24,False
4907,采购商,河南省,玉米,小型采购商,2020-08-14,114,False
4908,采购商,云南省,咖啡,大型采购商,2022-12-13,31,False
4909,农户,山东省,花生,小农户,2020-02-01,40,False
4910,普通消费者,陕西省,猕猴桃,个人,2024-12-20,40,False
4911,农技人员,辽宁省,水稻,农技服务站,2024-06-06,20,False
4912,普通消费者,宁夏回族自治区,枸杞,个人,2023-07-16,56,False
4913,农户,河南省,玉米,小农户,2022-04-25,37,False
4914,采购商,甘肃省,中药材,中型采购商,2021-12-15,66,False
4915,农户,湖南省,柑橘,小农户,2022-02-02,13,True
4916,农户,湖南省,柑橘,小农户,2021-11-21,41,False
4917,普通消费者,河北省,红枣,个人,2022-04-28,57,False
4918,农户,浙江省,柑橘,小农户,2020-06-06,19,True
4919,采购商,四川省,茶叶,小型采购商,2025-10-12,20,False
4920,农户,广东省,蔬菜,家庭农场,2021-02-05,41,False
4921,普通消费者,甘肃省,苹果,个人,2020-12-10,64,False
4922,农户,宁夏回族自治区,枸杞,家庭农场,2023-11-12,42,False
4923,普通消费者,陕西省,猕猴桃,个人,2023-09-23,20,False
4924,农户,河南省,小麦,小农户,2025-08-03,200,False
4925,普通消费者,河北省,梨,个人,2022-03-08,31,False
4926,采购商,江苏省,水果,中型采购商,2021-04-07,11,True
4927,普通消费者,山西省,小麦,个人,2022-02-15,80,False
4928,普通消费者,四川省,柑橘,个人,2021-01-27,147,False
4929,农技人员,黑龙江省,水稻,农技服务站,2024-05-03,51,False
4930,农户,天津市,水果,小农户,2021-01-02,44,False
4931,采购商,湖南省,茶叶,中型采购商,2023-06-11,20,False
4932,农户,西藏自治区,中药材,小农户,2020-05-11,20,False
4933,普通消费者,湖南省,柑橘,个人,2023-07-20,20,False
4934,农户,湖北省,水产,合作社,2020-09-04,38,False
4935,采购商,四川省,柑橘,中型采购商,2022-11-11,167,False
4936,普通消费者,广东省,蔬菜,个人,2021-02-16,113,False
4937,采购商,重庆市,蔬菜,大型采购商,2022-02-14,35,False
4938,普通消费者,陕西省,小麦,个人,2023-05-02,24,False
4939,普通消费者,福建省,水产,个人,2024-09-24,199,False
4940,采购商,内蒙古自治区,牛奶,中型采购商,2023-05-20,3,True
4941,农户,辽宁省,水产,小农户,2021-07-10,144,False
4942,农技人员,广东省,蔬菜,农技服务站,2024-10-11,35,False
4943,农技人员,四川省,柑橘,农技服务站,2022-10-07,94,False
4944,农技人员,广东省,龙眼,农技服务站,2022-04-15,73,False
4945,农户,四川省,水稻,小农户,2024-04-13,46,False
4946,普通消费者,内蒙古自治区,牛奶,个人,2023-10-06,195,False
4947,采购商,安徽省,水稻,中型采购商,2021-11-24,20,False
4948,普通消费者,海南省,橡胶,个人,2020-03-12,31,False
4949,农技人员,河南省,小麦,农技服务站,2021-04-01,11,True
4950,农技人员,河北省,梨,农技服务站,2024-02-12,22,False
4951,采购商,河南省,蔬菜,小型采购商,2020-10-18,27,False
4952,普通消费者,甘肃省,苹果,个人,2023-09-07,26,False
4953,采购商,陕西省,猕猴桃,小型采购商,2022-02-27,111,False
4954,普通消费者,湖南省,柑橘,个人,2021-10-17,26,False
4955,采购商,河北省,红枣,大型采购商,2023-01-24,20,False
4956,农户,四川省,茶叶,小农户,2023-02-27,31,False
4957,农户,新疆维吾尔自治区,棉花,合作社,2022-12-19,16,True
4958,普通消费者,甘肃省,苹果,个人,2021-07-18,25,False
4959,采购商,辽宁省,水产,小型采购商,2025-08-14,20,False
4960,农户,浙江省,水产,家庭农场,2022-01-24,80,False
4961,普通消费者,内蒙古自治区,小麦,个人,2023-02-17,57,False
4962,普通消费者,广西壮族自治区,芒果,个人,2020-05-06,27,False
4963,农户,广东省,荔枝,小农户,2025-12-20,33,False
4964,农技人员,湖南省,茶叶,农技服务站,2025-10-06,6,True
4965,农户,陕西省,猕猴桃,小农户,2024-01-01,20,False
4966,普通消费者,河南省,玉米,个人,2025-12-01,77,False
4967,农户,河北省,梨,小农户,2023-02-12,165,False
4968,农户,广西壮族自治区,香蕉,家庭农场,2023-07-01,80,False
4969,农技人员,安徽省,小麦,农技服务站,2024-02-04,35,False
4970,普通消费者,江苏省,水果,个人,2025-07-16,184,False
4971,采购商,湖北省,水产,大型采购商,2023-12-14,55,False
4972,普通消费者,湖北省,水产,个人,2020-09-12,36,False
4973,农技人员,广西壮族自治区,芒果,农技服务站,2025-03-19,20,False
4974,农户,江苏省,大闸蟹,小农户,2022-01-10,26,False
4975,农技人员,河北省,玉米,农技服务站,2024-09-17,35,False
4976,农户,浙江省,杨梅,小农户,2020-07-03,26,False
4977,采购商,陕西省,小麦,大型采购商,2021-10-27,29,False
4978,普通消费者,广东省,蔬菜,个人,2025-05-02,16,True
4979,农户,湖南省,生猪,小农户,2020-04-06,91,False
4980,农户,四川省,水稻,小农户,2021-10-27,110,False
4981,普通消费者,山西省,小米,个人,2020-09-09,31,False
4982,农技人员,广东省,香蕉,农技服务站,2022-09-16,31,False
4983,农户,江苏省,大闸蟹,小农户,2020-06-03,33,False
4984,农技人员,湖北省,莲藕,农技服务站,2022-08-23,107,False
4985,农户,北京市,花卉,家庭农场,2021-11-17,20,False
4986,普通消费者,辽宁省,水稻,个人,2022-07-14,135,False
4987,普通消费者,广东省,龙眼,个人,2024-12-26,23,False
4988,采购商,广西壮族自治区,香蕉,中型采购商,2020-08-21,20,False
4989,农户,上海市,水果,合作社,2025-02-20,53,False
4990,采购商,山东省,花生,小型采购商,2023-10-10,20,False
4991,农技人员,上海市,水产,农技服务站,2021-07-26,199,False
4992,农技人员,山东省,小麦,农技服务站,2020-08-19,58,False
4993,农技人员,福建省,茶叶,农技服务站,2020-01-05,66,False
4994,普通消费者,内蒙古自治区,马铃薯,个人,2024-01-22,28,False
4995,采购商,新疆维吾尔自治区,哈密瓜,中型采购商,2021-09-22,20,False
4996,农户,山东省,小麦,家庭农场,2024-01-21,27,False
4997,农户,黑龙江省,大豆,家庭农场,2025-05-14,32,False
4998,农户,山东省,小麦,小农户,2021-11-26,20,False
4999,农户,江西省,水稻,小农户,2022-04-24,25,False
5000,农户,广东省,荔枝,合作社,2020-04-02,71,False
5001,农户,上海市,水产,家庭农场,2022-02-22,46,False
5002,农户,山东省,小麦,小农户,2021-06-02,20,False
5003,农户,云南省,花卉,家庭农场,2021-03-17,19,True
5004,采购商,甘肃省,小麦,小型采购商,2022-05-01,20,False
5005,普通消费者,山东省,苹果,个人,2023-08-04,28,False
5006,农户,江西省,柑橘,合作社,2021-08-16,29,False
5007,农户,湖南省,茶叶,小农户,2023-02-15,42,False
5008,农户,上海市,水果,小农户,2024-02-10,25,False
5009,农户,山西省,小麦,小农户,2022-11-08,42,False
5010,普通消费者,福建省,柑橘,个人,2024-05-06,80,False
5011,农户,山东省,苹果,小农户,2025-02-07,186,False
5012,普通消费者,辽宁省,苹果,个人,2023-03-16,49,False
5013,采购商,宁夏回族自治区,小麦,大型采购商,2024-03-10,140,False
5014,农户,陕西省,苹果,家庭农场,2024-10-28,15,True
5015,普通消费者,陕西省,苹果,个人,2021-08-12,32,False
5016,采购商,贵州省,猕猴桃,小型采购商,2020-05-26,30,False
5017,普通消费者,山东省,蔬菜,个人,2021-01-27,130,False
5018,普通消费者,广西壮族自治区,芒果,个人,2024-02-02,9,True
5019,普通消费者,河南省,花生,个人,2021-07-09,27,False
5020,农户,河南省,蔬菜,小农户,2022-03-06,59,False
5021,普通消费者,陕西省,苹果,个人,2023-11-05,24,False
5022,普通消费者,湖北省,柑橘,个人,2022-03-15,33,False
5023,普通消费者,河北省,红枣,个人,2024-06-22,33,False
5024,农户,重庆市,蔬菜,小农户,2022-04-02,19,True
5025,农户,四川省,茶叶,小农户,2021-06-17,25,False
5026,农技人员,天津市,水产,农技服务站,2022-05-13,20,False
5027,农技人员,湖北省,莲藕,农技服务站,2023-11-01,38,False
5028,农户,湖南省,柑橘,小农户,2025-05-27,32,False
5029,采购商,宁夏回族自治区,小麦,小型采购商,2024-05-27,42,False
5030,农户,云南省,花卉,小农户,2023-06-16,25,False
5031,普通消费者,云南省,咖啡,个人,2020-12-27,130,False
5032,采购商,浙江省,杨梅,大型采购商,2023-06-26,60,False
5033,农户,重庆市,蔬菜,家庭农场,2023-12-11,21,False
5034,采购商,湖南省,茶叶,中型采购商,2025-03-03,6,True
5035,农户,甘肃省,苹果,小农户,2022-06-12,77,False
5036,采购商,浙江省,柑橘,小型采购商,2021-04-16,20,False
5037,农户,四川省,柑橘,合作社,2022-04-02,41,False
5038,普通消费者,四川省,水稻,个人,2021-08-05,42,False
5039,采购商,山东省,蔬菜,小型采购商,2021-05-22,22,False
5040,农户,安徽省,茶叶,小农户,2025-11-22,119,False
5041,采购商,山西省,核桃,小型采购商,2023-11-21,40,False
5042,普通消费者,河南省,小麦,个人,2024-08-18,164,False
5043,普通消费者,江苏省,水果,个人,2023-08-22,62,False
5044,农户,宁夏回族自治区,小麦,小农户,2022-07-14,128,False
5045,采购商,陕西省,猕猴桃,小型采购商,2025-01-22,161,False
5046,农户,河北省,玉米,家庭农场,2025-06-24,11,True
5047,农户,河南省,蔬菜,小农户,2023-03-13,20,False
5048,普通消费者,山东省,蔬菜,个人,2022-08-24,142,False
5049,农户,上海市,水产,家庭农场,2023-09-27,42,False
5050,采购商,湖北省,水稻,中型采购商,2022-08-06,20,False
5051,采购商,广东省,香蕉,大型采购商,2023-07-13,20,False
5052,农户,北京市,水果,小农户,2025-07-03,74,False
5053,普通消费者,新疆维吾尔自治区,红枣,个人,2021-09-27,24,False
5054,普通消费者,云南省,水果,个人,2024-03-09,157,False
5055,普通消费者,广东省,荔枝,个人,2021-11-26,20,False
5056,采购商,辽宁省,苹果,中型采购商,2023-10-23,29,False
5057,普通消费者,广东省,香蕉,个人,2022-01-28,80,False
5058,农技人员,陕西省,猕猴桃,农技服务站,2020-09-08,20,False
5059,农户,安徽省,小麦,小农户,2023-10-03,162,False
5060,普通消费者,重庆市,生猪,个人,2023-10-26,20,False
5061,普通消费者,福建省,茶叶,个人,2020-11-06,70,False
5062,普通消费者,四川省,柑橘,个人,2020-09-25,80,False
5063,农户,辽宁省,樱桃,小农户,2022-03-07,7,True
5064,农户,吉林省,水稻,家庭农场,2022-01-19,31,False
5065,农户,湖北省,柑橘,小农户,2024-10-14,20,False
5066,农户,山东省,小麦,家庭农场,2021-02-22,80,False
5067,农技人员,江苏省,水稻,农技服务站,2020-12-01,73,False
5068,采购商,辽宁省,苹果,大型采购商,2023-06-27,107,False
5069,普通消费者,河南省,花生,个人,2022-09-08,46,False
5070,农户,新疆维吾尔自治区,红枣,小农户,2020-06-10,22,False
5071,农户,辽宁省,苹果,小农户,2025-01-23,32,False
5072,农技人员,山东省,蔬菜,农技服务站,2024-03-02,86,False
5073,农户,广东省,荔枝,家庭农场,2024-12-07,30,False
5074,采购商,辽宁省,樱桃,中型采购商,2021-02-13,39,False
5075,农户,浙江省,柑橘,小农户,2025-02-18,68,False
5076,采购商,云南省,花卉,中型采购商,2023-03-12,51,False
5077,普通消费者,甘肃省,马铃薯,个人,2021-02-04,20,False
5078,采购商,广西壮族自治区,柑橘,中型采购商,2025-04-06,143,False
5079,采购商,山东省,苹果,小型采购商,2024-02-04,198,False
5080,农技人员,吉林省,人参,农技服务站,2025-03-20,11,True
5081,农户,河南省,蔬菜,家庭农场,2021-07-15,65,False
5082,农户,河南省,花生,小农户,2025-06-07,38,False
5083,农户,上海市,蔬菜,小农户,2021-02-20,46,False
5084,普通消费者,四川省,猕猴桃,个人,2020-08-11,68,False
5085,农户,广东省,香蕉,小农户,2022-07-16,20,False
5086,农户,河北省,梨,小农户,2024-08-02,32,False
5087,采购商,广西壮族自治区,甘蔗,中型采购商,2023-05-22,25,False
5088,农户,北京市,蔬菜,小农户,2025-01-03,20,False
5089,农户,河南省,蔬菜,小农户,2025-03-18,39,False
5090,农户,内蒙古自治区,羊肉,小农户,2022-02-03,80,False
5091,农户,河南省,小麦,小农户,2021-07-18,20,False
5092,采购商,浙江省,柑橘,小型采购商,2023-06-03,16,True
5093,采购商,吉林省,人参,中型采购商,2025-02-15,13,True
5094,农户,浙江省,水产,小农户,2024-09-13,160,False
5095,采购商,河南省,花生,中型采购商,2023-12-22,20,False
5096,农户,江苏省,水稻,合作社,2024-11-17,32,False
5097,农户,山东省,小麦,家庭农场,2022-12-14,45,False
5098,采购商,湖北省,水产,大型采购商,2024-06-05,35,False
5099,农户,四川省,茶叶,小农户,2021-02-15,31,False
5100,农户,北京市,水果,家庭农场,2023-01-05,165,False
5101,农户,四川省,猕猴桃,合作社,2022-08-17,136,False
5102,农技人员,山东省,蔬菜,农技服务站,2025-03-02,20,False
5103,农户,安徽省,小麦,小农户,2024-10-18,37,False
5104,农户,陕西省,小麦,小农户,2023-03-20,22,False
5105,普通消费者,河南省,花生,个人,2025-08-22,20,False
5106,农户,山西省,小米,家庭农场,2024-04-19,60,False
5107,采购商,河南省,花生,中型采购商,2022-09-10,53,False
5108,采购商,广东省,龙眼,小型采购商,2023-11-12,33,False
5109,农户,四川省,蔬菜,小农户,2023-07-06,37,False
5110,农户,广东省,龙眼,家庭农场,2022-01-13,56,False
5111,农户,山东省,花生,小农户,2022-01-04,37,False
5112,普通消费者,山东省,花生,个人,2025-04-09,123,False
5113,农户,甘肃省,中药材,小农户,2024-09-14,52,False
5114,农户,浙江省,茶叶,小农户,2022-06-12,28,False
5115,农户,山西省,核桃,小农户,2022-03-03,15,True
5116,农户,甘肃省,苹果,小农户,2024-06-16,63,False
5117,农户,黑龙江省,玉米,小农户,2025-05-13,38,False
5118,农户,浙江省,柑橘,家庭农场,2020-07-09,36,False
5119,采购商,河南省,花生,中型采购商,2022-03-19,20,False
5120,农技人员,湖北省,莲藕,农技服务站,2023-12-07,38,False
5121,采购商,辽宁省,水产,小型采购商,2025-10-26,21,False
5122,农户,四川省,茶叶,小农户,2020-05-12,163,False
5123,农户,河北省,梨,小农户,2024-03-22,86,False
5124,农户,湖北省,柑橘,小农户,2025-04-03,17,True
5125,农户,广东省,香蕉,合作社,2021-12-16,24,False
5126,采购商,宁夏回族自治区,枸杞,小型采购商,2025-01-27,22,False
5127,普通消费者,辽宁省,苹果,个人,2023-07-24,20,False
5128,农户,广西壮族自治区,香蕉,家庭农场,2024-11-14,80,False
5129,农技人员,江苏省,水稻,农技服务站,2021-02-17,156,False
5130,普通消费者,辽宁省,水产,个人,2022-01-14,9,True
5131,农技人员,浙江省,茶叶,农技服务站,2020-02-06,64,False
5132,农户,西藏自治区,青稞,小农户,2020-05-25,16,True
5133,农户,重庆市,生猪,家庭农场,2024-04-21,80,False
5134,普通消费者,四川省,茶叶,个人,2020-05-24,20,False
5135,农技人员,山东省,苹果,农技服务站,2023-10-13,34,False
5136,采购商,吉林省,人参,中型采购商,2022-03-02,162,False
5137,农户,山东省,小麦,小农户,2023-01-21,20,False
5138,普通消费者,河南省,蔬菜,个人,2020-12-12,23,False
5139,农户,陕西省,红枣,家庭农场,2025-10-09,20,False
5140,农户,湖北省,水产,小农户,2023-12-25,61,False
5141,农户,广东省,香蕉,小农户,2023-10-16,27,False
5142,采购商,河北省,玉米,小型采购商,2023-01-16,56,False
5143,采购商,四川省,蔬菜,小型采购商,2022-12-22,44,False
5144,农户,云南省,花卉,小农户,2021-06-26,80,False
5145,农户,山东省,小麦,家庭农场,2025-07-20,20,False
5146,农户,广西壮族自治区,香蕉,小农户,2022-11-15,130,False
5147,农户,湖北省,水稻,家庭农场,2020-01-03,62,False
5148,农户,河南省,玉米,小农户,2025-05-04,58,False
5149,普通消费者,山东省,小麦,个人,2022-10-10,12,True
5150,普通消费者,安徽省,小麦,个人,2022-07-12,20,False
5151,农户,广东省,龙眼,小农户,2023-12-19,54,False
5152,普通消费者,广西壮族自治区,香蕉,个人,2025-06-25,39,False
5153,农技人员,广东省,香蕉,农技服务站,2024-12-26,29,False
5154,采购商,云南省,咖啡,小型采购商,2021-06-27,21,False
5155,普通消费者,湖南省,水稻,个人,2020-11-16,178,False
5156,农户,河南省,蔬菜,小农户,2025-03-20,23,False
5157,采购商,内蒙古自治区,小麦,小型采购商,2021-04-26,80,False
5158,农技人员,江西省,水稻,农技服务站,2021-01-27,33,False
5159,农技人员,广东省,蔬菜,农技服务站,2020-01-18,48,False
5160,农户,福建省,茶叶,合作社,2022-03-14,22,False
5161,农户,甘肃省,中药材,家庭农场,2024-06-03,22,False
5162,农户,上海市,水果,小农户,2021-06-06,56,False
5163,农技人员,江苏省,水果,农技服务站,2025-03-01,20,False
5164,农技人员,山东省,花生,农技服务站,2021-04-09,89,False
5165,农户,安徽省,蔬菜,小农户,2021-09-06,26,False
5166,普通消费者,西藏自治区,青稞,个人,2025-04-23,33,False
5167,农户,陕西省,苹果,小农户,2023-01-08,35,False
5168,普通消费者,黑龙江省,大豆,个人,2020-09-27,30,False
5169,农户,河北省,梨,小农户,2025-07-02,40,False
5170,采购商,辽宁省,樱桃,小型采购商,2023-09-18,6,True
5171,采购商,四川省,蔬菜,小型采购商,2023-08-24,199,False
5172,农技人员,北京市,水果,农技服务站,2023-04-28,46,False
5173,普通消费者,湖北省,莲藕,个人,2022-06-10,47,False
5174,普通消费者,河南省,小麦,个人,2024-06-26,112,False
5175,农户,云南省,茶叶,小农户,2020-03-13,20,False
5176,采购商,浙江省,柑橘,中型采购商,2024-10-24,28,False
5177,农户,广东省,荔枝,小农户,2025-12-03,60,False
5178,采购商,江苏省,水稻,小型采购商,2021-07-09,5,True
5179,普通消费者,湖南省,生猪,个人,2023-05-23,51,False
5180,采购商,山东省,小麦,小型采购商,2024-08-14,20,False
5181,普通消费者,山西省,小麦,个人,2022-09-08,39,False
5182,农户,山东省,花生,小农户,2021-10-10,19,True
5183,农户,湖北省,柑橘,小农户,2025-01-06,20,False
5184,普通消费者,天津市,水果,个人,2024-04-15,33,False
5185,农户,浙江省,柑橘,小农户,2024-09-20,155,False
5186,采购商,吉林省,大豆,中型采购商,2022-02-13,80,False
5187,农户,安徽省,茶叶,小农户,2023-11-10,135,False
5188,农户,江苏省,大闸蟹,家庭农场,2020-01-09,12,True
5189,农户,甘肃省,小麦,小农户,2022-06-09,20,False
5190,农户,四川省,蔬菜,小农户,2023-10-22,21,False
5191,农户,山西省,核桃,小农户,2020-12-20,48,False
5192,农户,湖北省,莲藕,合作社,2025-03-17,20,False
5193,农户,陕西省,苹果,小农户,2025-01-27,24,False
5194,农户,陕西省,小麦,小农户,2021-02-14,10,True
5195,农户,湖北省,柑橘,家庭农场,2025-02-13,124,False
5196,农技人员,内蒙古自治区,小麦,农技服务站,2022-05-21,44,False
5197,农技人员,重庆市,蔬菜,农技服务站,2021-09-25,24,False
5198,采购商,河北省,小麦,大型采购商,2025-01-14,130,False
5199,农技人员,河北省,梨,农技服务站,2022-12-15,29,False
5200,农户,内蒙古自治区,小麦,小农户,2023-07-18,194,False
5201,农户,四川省,柑橘,小农户,2025-04-13,48,False
5202,采购商,江苏省,蔬菜,小型采购商,2025-07-04,89,False
5203,农户,安徽省,蔬菜,合作社,2021-03-09,199,False
5204,农户,河南省,蔬菜,家庭农场,2020-10-05,5,True
5205,采购商,湖南省,生猪,中型采购商,2022-09-27,40,False
5206,普通消费者,安徽省,茶叶,个人,2024-08-19,37,False
5207,农技人员,安徽省,蔬菜,农技服务站,2025-04-03,27,False
5208,普通消费者,四川省,柑橘,个人,2023-11-02,39,False
5209,农户,福建省,柑橘,小农户,2022-10-24,9,True
5210,农户,四川省,水稻,小农户,2022-07-19,178,False
5211,农户,湖北省,柑橘,合作社,2024-02-19,190,False
5212,农技人员,湖北省,水稻,农技服务站,2024-06-22,31,False
5213,普通消费者,四川省,柑橘,个人,2021-04-01,41,False
5214,农户,湖北省,莲藕,小农户,2022-07-20,25,False
5215,农户,安徽省,茶叶,家庭农场,2020-05-01,170,False
5216,农户,新疆维吾尔自治区,哈密瓜,小农户,2020-04-25,30,False
5217,普通消费者,河南省,蔬菜,个人,2022-12-13,20,False
5218,普通消费者,山东省,蔬菜,个人,2022-07-03,32,False
5219,农技人员,云南省,茶叶,农技服务站,2021-09-01,22,False
5220,农技人员,吉林省,大豆,农技服务站,2024-11-14,164,False
5221,农户,江苏省,水稻,家庭农场,2020-11-06,20,False
5222,农户,湖北省,水稻,家庭农场,2021-11-13,37,False
5223,农户,湖南省,茶叶,小农户,2024-02-21,36,False
5224,农技人员,内蒙古自治区,牛奶,农技服务站,2022-01-07,48,False
5225,采购商,安徽省,小麦,中型采购商,2024-05-01,142,False
5226,农户,浙江省,柑橘,家庭农场,2020-11-07,26,False
5227,农户,江苏省,水果,合作社,2022-07-15,154,False
5228,采购商,四川省,柑橘,小型采购商,2023-09-15,40,False
5229,农技人员,四川省,茶叶,农技服务站,2022-03-10,159,False
5230,农户,福建省,茶叶,小农户,2021-12-20,110,False
5231,农技人员,山西省,小米,农技服务站,2025-02-11,43,False
5232,采购商,湖北省,水产,小型采购商,2020-04-13,41,False
5233,农技人员,浙江省,水产,农技服务站,2022-03-17,101,False
5234,普通消费者,陕西省,小麦,个人,2020-10-21,21,False
5235,农户,重庆市,柑橘,家庭农场,2021-10-10,35,False
5236,农户,贵州省,辣椒,家庭农场,2025-05-24,138,False
5237,农技人员,黑龙江省,小麦,农技服务站,2023-02-24,197,False
5238,农技人员,内蒙古自治区,牛奶,农技服务站,2025-06-01,39,False
5239,普通消费者,重庆市,柑橘,个人,2025-06-20,33,False
5240,农技人员,湖北省,柑橘,农技服务站,2021-04-19,20,False
5241,普通消费者,贵州省,猕猴桃,个人,2024-04-13,198,False
5242,农户,贵州省,茶叶,小农户,2023-01-14,35,False
5243,采购商,江苏省,大闸蟹,小型采购商,2025-09-16,80,False
5244,普通消费者,湖南省,水稻,个人,2025-03-01,195,False
5245,农户,辽宁省,樱桃,小农户,2024-02-03,27,False
5246,普通消费者,福建省,水产,个人,2023-08-14,136,False
5247,农户,四川省,茶叶,小农户,2022-09-08,128,False
5248,农户,湖北省,水产,家庭农场,2024-11-23,13,True
5249,采购商,江苏省,蔬菜,中型采购商,2021-10-14,23,False
5250,农户,广东省,蔬菜,小农户,2021-02-13,39,False
5251,采购商,安徽省,茶叶,小型采购商,2023-09-21,38,False
5252,采购商,广东省,荔枝,中型采购商,2024-09-14,60,False
5253,农户,河南省,玉米,合作社,2021-10-26,20,False
5254,普通消费者,湖南省,茶叶,个人,2022-08-25,47,False
5255,农户,四川省,猕猴桃,小农户,2022-01-28,10,True
5256,农户,吉林省,人参,家庭农场,2020-01-01,19,True
5257,采购商,海南省,热带水果,小型采购商,2024-09-11,44,False
5258,农技人员,云南省,花卉,农技服务站,2025-05-24,30,False
5259,农户,湖南省,柑橘,家庭农场,2025-01-18,39,False
5260,农户,山东省,小麦,合作社,2023-08-03,55,False
5261,农户,河南省,小麦,小农户,2021-11-18,51,False
5262,采购商,陕西省,红枣,中型采购商,2020-02-19,20,False
5263,农户,浙江省,杨梅,家庭农场,2020-10-10,49,False
5264,采购商,四川省,柑橘,小型采购商,2023-10-20,32,False
5265,采购商,广西壮族自治区,柑橘,中型采购商,2021-04-18,34,False
5266,农技人员,湖南省,生猪,农技服务站,2023-07-02,129,False
5267,普通消费者,内蒙古自治区,牛奶,个人,2020-04-25,119,False
5268,农户,河南省,蔬菜,小农户,2024-08-10,34,False
5269,采购商,河南省,小麦,中型采购商,2023-04-06,30,False
5270,采购商,河南省,蔬菜,中型采购商,2021-07-25,60,False
5271,农技人员,甘肃省,小麦,农技服务站,2020-06-10,31,False
5272,采购商,山东省,蔬菜,中型采购商,2020-02-27,20,False
5273,农技人员,江苏省,水果,农技服务站,2023-08-16,5,True
5274,普通消费者,贵州省,辣椒,个人,2020-04-02,147,False
5275,普通消费者,西藏自治区,牦牛,个人,2023-05-02,27,False
5276,采购商,山西省,红枣,中型采购商,2020-04-14,15,True
5277,农技人员,湖北省,柑橘,农技服务站,2022-10-16,36,False
5278,农户,江苏省,水果,小农户,2023-05-19,141,False
5279,普通消费者,陕西省,苹果,个人,2025-12-10,61,False
5280,农技人员,云南省,咖啡,农技服务站,2023-12-10,118,False
5281,采购商,上海市,水产,中型采购商,2022-03-24,44,False
5282,普通消费者,安徽省,水稻,个人,2025-02-27,21,False
5283,普通消费者,云南省,茶叶,个人,2020-06-24,80,False
5284,普通消费者,贵州省,猕猴桃,个人,2020-06-15,37,False
5285,采购商,河北省,小麦,中型采购商,2020-11-14,62,False
5286,普通消费者,河北省,玉米,个人,2024-12-07,190,False
5287,采购商,广东省,香蕉,中型采购商,2021-08-11,30,False
5288,农技人员,广东省,香蕉,农技服务站,2025-12-12,43,False
5289,采购商,新疆维吾尔自治区,哈密瓜,小型采购商,2024-06-05,50,False
5290,农户,四川省,水稻,小农户,2022-12-16,200,False
5291,普通消费者,山东省,蔬菜,个人,2024-09-01,105,False
5292,普通消费者,海南省,水产,个人,2025-03-15,4,True
5293,采购商,云南省,水果,中型采购商,2025-12-17,128,False
5294,采购商,湖北省,莲藕,小型采购商,2025-03-07,60,False
5295,农户,江西省,茶叶,家庭农场,2022-08-18,56,False
5296,普通消费者,陕西省,小麦,个人,2024-02-19,104,False
5297,普通消费者,黑龙江省,大豆,个人,2021-12-19,91,False
5298,普通消费者,陕西省,猕猴桃,个人,2025-04-05,51,False
5299,采购商,新疆维吾尔自治区,红枣,小型采购商,2021-11-19,28,False
5300,采购商,山西省,核桃,小型采购商,2022-05-03,158,False
5301,农户,河北省,玉米,小农户,2020-01-08,24,False
5302,农户,河南省,玉米,小农户,2023-08-07,39,False
5303,农户,安徽省,茶叶,合作社,2024-09-13,52,False
5304,农户,吉林省,人参,家庭农场,2020-04-05,29,False
5305,普通消费者,四川省,茶叶,个人,2021-09-14,120,False
5306,农户,天津市,蔬菜,小农户,2023-01-22,56,False
5307,普通消费者,上海市,蔬菜,个人,2021-01-19,68,False
5308,农户,湖南省,茶叶,小农户,2025-04-13,20,False
5309,农户,广东省,香蕉,小农户,2020-08-06,21,False
5310,普通消费者,河南省,小麦,个人,2021-04-23,119,False
5311,采购商,河北省,梨,中型采购商,2025-08-10,30,False
5312,采购商,湖南省,柑橘,小型采购商,2025-12-08,167,False
5313,农户,上海市,蔬菜,家庭农场,2025-02-13,38,False
5314,普通消费者,湖南省,柑橘,个人,2024-05-12,119,False
5315,农户,云南省,咖啡,小农户,2023-03-06,125,False
5316,农户,内蒙古自治区,马铃薯,小农户,2024-07-03,14,True
5317,采购商,广西壮族自治区,甘蔗,小型采购商,2023-01-10,25,False
5318,农户,山东省,小麦,家庭农场,2022-04-17,159,False
5319,农户,吉林省,人参,家庭农场,2021-05-09,1,True
5320,农技人员,辽宁省,水稻,农技服务站,2022-08-28,188,False
5321,普通消费者,山西省,小麦,个人,2022-01-28,65,False
5322,采购商,河南省,玉米,中型采购商,2024-04-12,40,False
5323,农户,内蒙古自治区,小麦,小农户,2020-11-01,33,False
5324,普通消费者,安徽省,茶叶,个人,2020-03-08,20,False
5325,农户,浙江省,茶叶,家庭农场,2023-08-04,20,False
5326,农户,重庆市,蔬菜,家庭农场,2023-02-09,38,False
5327,普通消费者,浙江省,茶叶,个人,2021-10-26,168,False
5328,农户,云南省,花卉,小农户,2021-09-22,89,False
5329,农户,辽宁省,苹果,小农户,2025-06-05,20,False
5330,农技人员,湖南省,水稻,农技服务站,2020-03-14,54,False
5331,农户,海南省,橡胶,家庭农场,2023-12-08,97,False
5332,农户,重庆市,柑橘,小农户,2024-05-08,6,True
5333,农户,广西壮族自治区,柑橘,小农户,2024-07-27,30,False
5334,普通消费者,福建省,食用菌,个人,2022-01-25,166,False
5335,普通消费者,湖北省,水产,个人,2022-05-07,80,False
5336,采购商,河南省,花生,中型采购商,2020-04-08,146,False
5337,农技人员,广东省,荔枝,农技服务站,2022-09-14,80,False
5338,普通消费者,安徽省,水稻,个人,2024-06-26,2,True
5339,普通消费者,广东省,蔬菜,个人,2025-02-11,30,False
5340,普通消费者,山东省,蔬菜,个人,2021-08-16,31,False
5341,农户,四川省,猕猴桃,小农户,2023-10-23,54,False
5342,农户,四川省,水稻,小农户,2022-12-01,9,True
5343,农户,河北省,梨,合作社,2024-07-11,77,False
5344,农技人员,河南省,花生,农技服务站,2022-10-13,20,False
5345,普通消费者,湖北省,柑橘,个人,2023-07-24,10,True
5346,普通消费者,黑龙江省,玉米,个人,2020-03-01,20,False
5347,农技人员,河南省,玉米,农技服务站,2024-11-05,24,False
5348,普通消费者,贵州省,猕猴桃,个人,2020-05-07,44,False
5349,普通消费者,山东省,苹果,个人,2021-07-20,42,False
5350,农户,宁夏回族自治区,马铃薯,小农户,2023-07-18,56,False
5351,采购商,四川省,水稻,小型采购商,2023-08-17,11,True
5352,农户,内蒙古自治区,马铃薯,小农户,2021-08-13,100,False
5353,采购商,甘肃省,中药材,中型采购商,2021-01-07,177,False
5354,普通消费者,广东省,香蕉,个人,2021-12-23,130,False
5355,农户,辽宁省,水稻,小农户,2024-09-27,20,False
5356,农户,陕西省,苹果,小农户,2022-10-26,20,False
5357,普通消费者,江苏省,蔬菜,个人,2022-12-16,50,False
5358,普通消费者,湖北省,水产,个人,2020-05-25,21,False
5359,采购商,福建省,水产,小型采购商,2020-10-10,20,False
5360,普通消费者,宁夏回族自治区,马铃薯,个人,2024-08-15,35,False
5361,农户,贵州省,茶叶,家庭农场,2025-05-01,49,False
5362,农户,山西省,小米,合作社,2024-12-01,31,False
5363,农户,江西省,茶叶,小农户,2025-05-07,6,True
5364,普通消费者,山西省,小麦,个人,2025-08-26,14,True
5365,普通消费者,福建省,茶叶,个人,2023-06-17,26,False
5366,农户,广东省,荔枝,小农户,2022-09-28,30,False
5367,普通消费者,重庆市,生猪,个人,2023-02-05,27,False
5368,普通消费者,陕西省,苹果,个人,2024-03-27,20,False
5369,普通消费者,河南省,蔬菜,个人,2024-10-21,145,False
5370,农户,辽宁省,水稻,小农户,2025-10-03,23,False
5371,农技人员,辽宁省,水稻,农技服务站,2020-12-23,42,False
5372,普通消费者,贵州省,猕猴桃,个人,2021-08-23,38,False
5373,采购商,广东省,蔬菜,大型采购商,2021-02-17,36,False
5374,采购商,宁夏回族自治区,枸杞,小型采购商,2020-07-25,20,False
5375,农户,福建省,茶叶,小农户,2022-01-01,9,True
5376,农户,湖北省,水产,小农户,2021-02-02,30,False
5377,农户,贵州省,中药材,家庭农场,2024-08-06,20,False
5378,农技人员,河南省,花生,农技服务站,2025-05-05,36,False
5379,农户,广东省,蔬菜,小农户,2025-10-05,127,False
5380,农户,内蒙古自治区,小麦,家庭农场,2023-07-21,121,False
5381,普通消费者,湖北省,莲藕,个人,2024-08-27,67,False
5382,普通消费者,江西省,柑橘,个人,2025-08-03,187,False
5383,采购商,河南省,玉米,小型采购商,2025-10-02,20,False
5384,采购商,河北省,小麦,中型采购商,2021-12-13,4,True
5385,农技人员,重庆市,柑橘,农技服务站,2022-01-06,24,False
5386,普通消费者,四川省,猕猴桃,个人,2020-04-04,39,False
5387,农户,河北省,梨,小农户,2020-08-04,192,False
5388,农技人员,西藏自治区,中药材,农技服务站,2025-08-04,61,False
5389,农户,天津市,蔬菜,小农户,2022-03-23,26,False
5390,采购商,安徽省,水稻,中型采购商,2021-09-18,23,False
5391,农技人员,广西壮族自治区,香蕉,农技服务站,2023-03-28,20,False
5392,普通消费者,四川省,猕猴桃,个人,2022-04-03,34,False
5393,普通消费者,广东省,荔枝,个人,2022-09-10,114,False
5394,普通消费者,山东省,花生,个人,2020-05-13,194,False
5395,农技人员,青海省,牦牛,农技服务站,2025-04-14,80,False
5396,农户,山西省,核桃,家庭农场,2025-06-02,38,False
5397,农户,山西省,红枣,小农户,2025-10-28,108,False
5398,农户,山东省,苹果,家庭农场,2025-07-13,32,False
5399,农技人员,江苏省,水稻,农技服务站,2022-04-24,38,False
5400,农户,辽宁省,苹果,家庭农场,2023-10-09,32,False
5401,农户,河南省,蔬菜,合作社,2023-09-22,18,True
5402,普通消费者,广东省,荔枝,个人,2022-08-08,22,False
5403,农户,贵州省,中药材,家庭农场,2025-09-13,49,False
5404,农户,浙江省,水产,小农户,2020-01-15,12,True
5405,采购商,青海省,牦牛,小型采购商,2021-10-12,13,True
5406,农技人员,甘肃省,苹果,农技服务站,2022-02-05,37,False
5407,农户,江西省,油茶,家庭农场,2022-09-13,33,False
5408,普通消费者,广东省,蔬菜,个人,2020-01-13,20,False
5409,农户,浙江省,杨梅,小农户,2024-08-23,89,False
5410,普通消费者,河南省,花生,个人,2024-06-07,6,True
5411,农技人员,河南省,花生,农技服务站,2022-09-21,3,True
5412,采购商,河北省,玉米,小型采购商,2022-07-25,9,True
5413,采购商,四川省,柑橘,大型采购商,2023-06-08,63,False
5414,农户,内蒙古自治区,牛奶,合作社,2023-01-24,46,False
5415,农户,青海省,牦牛,小农户,2025-02-06,25,False
5416,农技人员,安徽省,茶叶,农技服务站,2020-09-20,164,False
5417,农户,湖北省,莲藕,小农户,2025-12-27,54,False
5418,农户,山东省,花生,小农户,2023-10-08,1,True
5419,农技人员,四川省,蔬菜,农技服务站,2024-10-20,122,False
5420,普通消费者,山西省,小米,个人,2024-02-09,7,True
5421,农户,内蒙古自治区,牛奶,合作社,2024-12-04,25,False
5422,普通消费者,江苏省,大闸蟹,个人,2022-11-17,22,False
5423,采购商,黑龙江省,水稻,中型采购商,2020-04-03,14,True
5424,采购商,湖南省,柑橘,大型采购商,2020-03-10,137,False
5425,普通消费者,贵州省,辣椒,个人,2024-02-05,22,False
5426,采购商,浙江省,柑橘,小型采购商,2021-01-15,114,False
5427,采购商,吉林省,大豆,中型采购商,2025-12-11,20,False
5428,普通消费者,浙江省,柑橘,个人,2020-04-08,9,True
5429,采购商,浙江省,杨梅,小型采购商,2020-07-13,41,False
5430,普通消费者,重庆市,柑橘,个人,2021-01-10,159,False
5431,农户,四川省,柑橘,合作社,2024-11-25,20,False
5432,采购商,湖南省,茶叶,小型采购商,2023-03-24,20,False
5433,采购商,江苏省,大闸蟹,中型采购商,2021-01-16,114,False
5434,普通消费者,宁夏回族自治区,小麦,个人,2023-07-09,6,True
5435,农技人员,山西省,核桃,农技服务站,2022-08-09,20,False
5436,农户,河北省,小麦,家庭农场,2024-04-19,31,False
5437,普通消费者,四川省,柑橘,个人,2022-05-21,115,False
5438,普通消费者,江西省,油茶,个人,2024-09-12,30,False
5439,普通消费者,山东省,蔬菜,个人,2020-07-20,28,False
5440,农户,河南省,花生,家庭农场,2024-07-26,20,False
5441,农技人员,陕西省,猕猴桃,农技服务站,2021-07-18,20,False
5442,普通消费者,湖北省,柑橘,个人,2022-02-18,41,False
5443,采购商,陕西省,红枣,大型采购商,2025-08-27,25,False
5444,采购商,上海市,蔬菜,大型采购商,2021-09-01,15,True
5445,农技人员,江西省,水稻,农技服务站,2023-03-19,38,False
5446,普通消费者,四川省,茶叶,个人,2025-10-10,21,False
5447,农户,浙江省,柑橘,小农户,2025-05-23,36,False
5448,农户,广西壮族自治区,柑橘,合作社,2025-12-04,135,False
5449,普通消费者,云南省,水果,个人,2024-11-02,134,False
5450,采购商,天津市,水产,小型采购商,2025-11-05,63,False
5451,采购商,山东省,苹果,小型采购商,2024-04-17,44,False
5452,采购商,内蒙古自治区,羊肉,小型采购商,2020-11-18,26,False
5453,采购商,贵州省,猕猴桃,中型采购商,2021-12-10,37,False
5454,农户,安徽省,小麦,小农户,2021-06-25,29,False
5455,农技人员,河南省,蔬菜,农技服务站,2022-06-15,33,False
5456,农户,西藏自治区,中药材,家庭农场,2024-06-06,10,True
5457,农技人员,湖南省,水稻,农技服务站,2021-12-13,28,False
5458,农户,吉林省,人参,小农户,2024-05-06,82,False
5459,普通消费者,黑龙江省,玉米,个人,2023-06-23,30,False
5460,普通消费者,云南省,花卉,个人,2022-11-17,36,False
5461,农户,云南省,茶叶,家庭农场,2024-12-24,167,False
5462,采购商,河北省,玉米,小型采购商,2025-01-05,199,False
5463,农户,湖南省,生猪,家庭农场,2025-11-16,20,False
5464,农户,云南省,水果,家庭农场,2024-11-26,19,True
5465,农技人员,湖南省,生猪,农技服务站,2025-02-28,20,False
5466,采购商,辽宁省,水稻,中型采购商,2022-10-05,20,False
5467,农户,陕西省,红枣,家庭农场,2021-04-21,20,False
5468,采购商,山东省,小麦,小型采购商,2023-08-19,20,False
5469,农技人员,河南省,蔬菜,农技服务站,2022-05-25,200,False
5470,采购商,河北省,红枣,中型采购商,2025-08-18,35,False
5471,农户,新疆维吾尔自治区,哈密瓜,小农户,2024-12-21,21,False
5472,普通消费者,山东省,小麦,个人,2021-09-27,42,False
5473,农技人员,四川省,柑橘,农技服务站,2022-02-11,33,False
5474,采购商,山东省,苹果,中型采购商,2023-08-04,20,False
5475,普通消费者,西藏自治区,青稞,个人,2025-09-01,9,True
5476,采购商,浙江省,水产,大型采购商,2022-03-22,45,False
5477,普通消费者,山西省,核桃,个人,2025-12-19,134,False
5478,农户,江西省,茶叶,家庭农场,2021-01-12,49,False
5479,农户,湖北省,莲藕,小农户,2025-04-28,106,False
5480,普通消费者,广东省,龙眼,个人,2023-08-12,20,False
5481,采购商,河北省,玉米,小型采购商,2025-03-13,40,False
5482,普通消费者,河北省,红枣,个人,2022-01-07,21,False
5483,农户,陕西省,小麦,小农户,2022-01-16,89,False
5484,采购商,江西省,柑橘,大型采购商,2020-07-03,153,False
5485,采购商,湖北省,莲藕,大型采购商,2023-12-14,34,False
5486,农技人员,江西省,油茶,农技服务站,2021-12-03,20,False
5487,普通消费者,河南省,玉米,个人,2022-07-14,20,False
5488,普通消费者,贵州省,茶叶,个人,2021-03-12,27,False
5489,农户,青海省,油菜,小农户,2021-06-11,31,False
5490,采购商,甘肃省,小麦,小型采购商,2025-01-16,177,False
5491,农户,四川省,茶叶,小农户,2025-04-21,27,False
5492,普通消费者,内蒙古自治区,牛奶,个人,2025-07-24,20,False
5493,普通消费者,河南省,蔬菜,个人,2020-05-20,27,False
5494,普通消费者,河南省,蔬菜,个人,2025-04-04,37,False
5495,农户,新疆维吾尔自治区,红枣,小农户,2025-05-09,32,False
5496,普通消费者,四川省,猕猴桃,个人,2020-11-20,130,False
5497,普通消费者,湖南省,水稻,个人,2020-11-13,36,False
5498,农户,重庆市,柑橘,小农户,2020-07-09,17,True
5499,农技人员,广西壮族自治区,甘蔗,农技服务站,2022-09-04,12,True
5500,普通消费者,甘肃省,中药材,个人,2025-12-16,23,False
5501,普通消费者,辽宁省,水产,个人,2022-03-16,193,False
5502,农户,黑龙江省,玉米,小农户,2024-07-15,59,False
5503,采购商,江苏省,蔬菜,中型采购商,2024-12-25,3,True
5504,普通消费者,陕西省,小麦,个人,2024-10-04,20,False
5505,采购商,河南省,蔬菜,小型采购商,2025-03-19,42,False
5506,普通消费者,吉林省,水稻,个人,2021-07-17,59,False
5507,农技人员,广东省,荔枝,农技服务站,2021-02-08,42,False
5508,农技人员,河北省,小麦,农技服务站,2022-08-16,5,True
5509,采购商,西藏自治区,中药材,小型采购商,2025-11-21,29,False
5510,采购商,浙江省,水产,中型采购商,2023-07-22,126,False
5511,农户,安徽省,小麦,小农户,2022-06-05,25,False
5512,农户,河北省,小麦,家庭农场,2023-04-01,55,False
5513,农户,河南省,玉米,家庭农场,2021-04-12,149,False
5514,普通消费者,河北省,红枣,个人,2020-06-24,124,False
5515,普通消费者,安徽省,蔬菜,个人,2022-08-06,20,False
5516,采购商,内蒙古自治区,小麦,小型采购商,2022-11-12,20,False
5517,农技人员,河南省,玉米,农技服务站,2020-01-04,125,False
5518,采购商,四川省,蔬菜,小型采购商,2024-08-11,27,False
5519,农户,北京市,水果,家庭农场,2025-11-11,61,False
5520,采购商,江苏省,水稻,小型采购商,2024-11-18,185,False
5521,农技人员,安徽省,茶叶,农技服务站,2022-08-14,7,True
5522,农技人员,黑龙江省,小麦,农技服务站,2023-04-27,40,False
5523,采购商,浙江省,杨梅,小型采购商,2021-04-10,136,False
5524,农户,福建省,柑橘,小农户,2023-10-28,20,False
5525,普通消费者,重庆市,生猪,个人,2021-09-04,28,False
5526,农户,四川省,柑橘,小农户,2021-09-21,24,False
5527,农户,江苏省,蔬菜,合作社,2020-10-10,1,True
5528,农户,山东省,花生,小农户,2023-11-19,23,False
5529,采购商,广东省,蔬菜,小型采购商,2023-07-01,54,False
5530,普通消费者,北京市,花卉,个人,2020-10-18,10,True
5531,农技人员,广西壮族自治区,香蕉,农技服务站,2023-06-07,20,False
5532,采购商,河北省,红枣,中型采购商,2024-12-20,74,False
5533,农户,辽宁省,水稻,小农户,2021-02-26,50,False
5534,农技人员,天津市,水产,农技服务站,2025-10-13,14,True
5535,农户,福建省,柑橘,小农户,2022-08-16,57,False
5536,农户,辽宁省,苹果,小农户,2024-05-17,26,False
5537,农户,山西省,小米,家庭农场,2024-02-18,30,False
5538,普通消费者,湖北省,莲藕,个人,2023-10-28,20,False
5539,普通消费者,广东省,龙眼,个人,2024-01-21,25,False
5540,普通消费者,江苏省,水稻,个人,2022-05-12,42,False
5541,农技人员,浙江省,杨梅,农技服务站,2022-01-11,63,False
5542,农户,广东省,香蕉,合作社,2022-07-05,174,False
5543,普通消费者,山东省,蔬菜,个人,2021-10-08,20,False
5544,普通消费者,四川省,茶叶,个人,2022-04-07,27,False
5545,普通消费者,甘肃省,苹果,个人,2024-08-11,185,False
5546,采购商,福建省,水产,大型采购商,2021-09-06,30,False
5547,农户,湖南省,水稻,小农户,2024-08-25,20,False
5548,采购商,河北省,玉米,中型采购商,2023-04-15,134,False
5549,农户,安徽省,蔬菜,小农户,2024-11-27,44,False
5550,农户,湖南省,生猪,小农户,2024-08-22,23,False
5551,农技人员,黑龙江省,玉米,农技服务站,2020-01-22,30,False
5552,农户,浙江省,茶叶,小农户,2021-10-13,26,False
5553,采购商,宁夏回族自治区,小麦,小型采购商,2020-01-15,22,False
5554,采购商,陕西省,猕猴桃,小型采购商,2021-08-17,32,False
5555,农户,广东省,香蕉,家庭农场,2025-02-24,29,False
5556,农技人员,四川省,茶叶,农技服务站,2022-04-19,27,False
5557,普通消费者,广西壮族自治区,香蕉,个人,2021-05-26,23,False
5558,采购商,广西壮族自治区,香蕉,中型采购商,2024-11-17,38,False
5559,农技人员,陕西省,猕猴桃,农技服务站,2025-09-26,7,True
5560,采购商,江苏省,水果,小型采购商,2024-04-28,75,False
5561,农户,云南省,茶叶,小农户,2021-01-14,35,False
5562,农技人员,四川省,柑橘,农技服务站,2024-02-11,54,False
5563,农户,湖北省,水稻,家庭农场,2021-08-28,199,False
5564,农户,湖北省,柑橘,小农户,2025-10-06,20,False
5565,农户,山东省,蔬菜,小农户,2023-12-07,35,False
5566,普通消费者,河北省,玉米,个人,2020-07-18,20,False
5567,普通消费者,河南省,蔬菜,个人,2024-02-14,20,False
5568,农户,湖南省,茶叶,家庭农场,2020-07-16,22,False
5569,普通消费者,浙江省,杨梅,个人,2023-04-24,181,False
5570,农户,山东省,苹果,小农户,2025-11-22,141,False
5571,普通消费者,山东省,苹果,个人,2022-01-06,60,False
5572,普通消费者,云南省,茶叶,个人,2020-11-18,183,False
5573,农户,湖北省,柑橘,小农户,2024-05-25,53,False
5574,农技人员,河南省,小麦,农技服务站,2021-05-04,10,True
5575,农户,四川省,茶叶,家庭农场,2022-10-08,37,False
5576,农户,河北省,小麦,小农户,2025-02-03,20,False
5577,农户,浙江省,水产,小农户,2025-05-01,30,False
5578,农技人员,辽宁省,苹果,农技服务站,2020-01-28,122,False
5579,采购商,四川省,蔬菜,中型采购商,2021-11-16,19,True
5580,采购商,四川省,茶叶,小型采购商,2022-10-08,38,False
5581,采购商,广西壮族自治区,甘蔗,大型采购商,2021-11-13,36,False
5582,农户,江苏省,大闸蟹,家庭农场,2022-06-11,20,False
5583,普通消费者,山东省,苹果,个人,2024-12-08,21,False
5584,农户,云南省,咖啡,家庭农场,2025-03-09,32,False
5585,采购商,贵州省,中药材,小型采购商,2021-11-20,2,True
5586,采购商,广东省,龙眼,中型采购商,2025-09-01,43,False
5587,普通消费者,山西省,小麦,个人,2023-11-06,93,False
5588,农户,陕西省,小麦,小农户,2023-01-19,20,False
5589,普通消费者,河南省,蔬菜,个人,2020-10-17,193,False
5590,农户,湖南省,水稻,小农户,2020-04-28,30,False
5591,农户,安徽省,小麦,小农户,2022-01-04,35,False
5592,农户,重庆市,生猪,合作社,2022-08-08,50,False
5593,普通消费者,广东省,荔枝,个人,2021-08-13,46,False
5594,农技人员,河南省,玉米,农技服务站,2024-06-16,44,False
5595,采购商,上海市,水果,小型采购商,2020-09-02,22,False
5596,采购商,安徽省,蔬菜,小型采购商,2021-11-08,11,True
5597,普通消费者,山东省,花生,个人,2020-05-06,20,False
5598,普通消费者,山东省,小麦,个人,2023-02-14,27,False
5599,普通消费者,广东省,荔枝,个人,2022-03-14,54,False
5600,普通消费者,江西省,柑橘,个人,2024-07-24,66,False
5601,采购商,浙江省,茶叶,中型采购商,2024-02-27,47,False
5602,采购商,湖北省,水稻,小型采购商,2024-08-27,41,False
5603,农户,河南省,玉米,小农户,2024-07-11,40,False
5604,农户,河南省,蔬菜,家庭农场,2020-12-26,25,False
5605,采购商,山东省,花生,小型采购商,2022-01-26,31,False
5606,采购商,河南省,玉米,小型采购商,2022-06-11,76,False
5607,采购商,山东省,花生,中型采购商,2020-04-18,20,False
5608,农户,陕西省,红枣,小农户,2020-10-22,74,False
5609,普通消费者,新疆维吾尔自治区,葡萄,个人,2021-08-11,13,True
5610,普通消费者,河北省,小麦,个人,2024-05-21,198,False
5611,农户,四川省,柑橘,小农户,2021-07-07,28,False
5612,农户,江西省,柑橘,小农户,2020-12-26,64,False
5613,农技人员,河南省,玉米,农技服务站,2021-03-14,20,False
5614,农技人员,广西壮族自治区,香蕉,农技服务站,2022-07-20,44,False
5615,农技人员,河北省,小麦,农技服务站,2024-11-28,22,False
5616,农户,海南省,水产,家庭农场,2022-10-22,20,False
5617,采购商,广东省,龙眼,中型采购商,2021-07-16,36,False
5618,普通消费者,河南省,蔬菜,个人,2023-09-09,54,False
5619,采购商,甘肃省,苹果,小型采购商,2025-07-15,21,False
5620,农户,河南省,玉米,小农户,2020-12-23,20,False
5621,普通消费者,湖北省,水稻,个人,2022-04-10,7,True
5622,采购商,河北省,玉米,小型采购商,2025-06-26,200,False
5623,普通消费者,山东省,苹果,个人,2020-07-13,31,False
5624,普通消费者,河南省,蔬菜,个人,2021-09-02,191,False
5625,采购商,河北省,梨,大型采购商,2020-02-12,31,False
5626,普通消费者,山西省,小麦,个人,2024-02-12,43,False
5627,农户,山东省,小麦,小农户,2020-01-22,53,False
5628,农技人员,河北省,玉米,农技服务站,2021-12-13,32,False
5629,农户,四川省,柑橘,小农户,2025-03-26,80,False
5630,普通消费者,河北省,玉米,个人,2021-06-04,37,False
5631,采购商,陕西省,小麦,大型采购商,2020-04-11,14,True
5632,农户,四川省,猕猴桃,小农户,2022-08-28,27,False
5633,采购商,重庆市,柑橘,小型采购商,2025-10-17,19,True
5634,普通消费者,湖北省,莲藕,个人,2021-07-17,20,False
5635,普通消费者,四川省,蔬菜,个人,2021-07-18,13,True
5636,采购商,黑龙江省,大豆,小型采购商,2020-08-08,29,False
5637,农户,河北省,红枣,小农户,2022-04-19,20,False
5638,农户,山西省,红枣,小农户,2020-06-28,27,False
5639,采购商,河南省,小麦,小型采购商,2025-03-21,143,False
5640,农户,吉林省,人参,家庭农场,2025-09-27,53,False
5641,农户,广东省,蔬菜,小农户,2020-06-06,41,False
5642,普通消费者,河南省,玉米,个人,2024-08-22,20,False
5643,普通消费者,江苏省,水稻,个人,2020-05-19,36,False
5644,采购商,福建省,食用菌,小型采购商,2022-05-08,46,False
5645,农技人员,湖南省,茶叶,农技服务站,2022-10-09,71,False
5646,农户,湖北省,柑橘,家庭农场,2022-07-07,51,False
5647,普通消费者,内蒙古自治区,羊肉,个人,2023-06-12,163,False
5648,农户,四川省,猕猴桃,小农户,2024-08-12,16,True
5649,采购商,海南省,水产,中型采购商,2025-04-04,48,False
5650,农户,辽宁省,苹果,家庭农场,2022-10-23,34,False
5651,农户,河南省,小麦,家庭农场,2022-11-14,40,False
5652,农户,山东省,苹果,小农户,2020-02-20,61,False
5653,普通消费者,重庆市,茶叶,个人,2021-01-28,101,False
5654,普通消费者,黑龙江省,小麦,个人,2020-11-19,20,False
5655,普通消费者,广西壮族自治区,柑橘,个人,2023-07-27,109,False
5656,农户,山东省,苹果,合作社,2021-04-04,16,True
5657,农户,湖北省,莲藕,小农户,2025-05-02,27,False
5658,农户,江西省,茶叶,小农户,2020-10-23,11,True
5659,农技人员,湖南省,柑橘,农技服务站,2025-06-06,108,False
5660,农户,浙江省,水产,家庭农场,2021-06-06,22,False
5661,农户,上海市,蔬菜,家庭农场,2024-07-16,86,False
5662,农户,江苏省,水果,小农户,2022-10-06,126,False
5663,普通消费者,湖南省,茶叶,个人,2020-11-10,40,False
5664,农户,山东省,小麦,小农户,2021-12-16,159,False
5665,普通消费者,内蒙古自治区,小麦,个人,2025-11-25,61,False
5666,农户,山东省,花生,合作社,2024-10-23,198,False
5667,农技人员,黑龙江省,水稻,农技服务站,2023-12-18,92,False
5668,农技人员,山东省,苹果,农技服务站,2020-02-09,24,False
5669,农户,河南省,花生,合作社,2022-07-15,20,False
5670,普通消费者,北京市,水果,个人,2020-12-16,193,False
5671,采购商,山东省,苹果,中型采购商,2023-10-11,26,False
5672,普通消费者,辽宁省,水稻,个人,2023-12-27,9,True
5673,农户,山东省,苹果,合作社,2023-02-15,4,True
5674,农户,甘肃省,马铃薯,小农户,2021-08-07,52,False
5675,普通消费者,江西省,水稻,个人,2023-03-01,120,False
5676,农技人员,浙江省,水产,农技服务站,2022-01-01,3,True
5677,采购商,内蒙古自治区,牛奶,小型采购商,2021-07-24,15,True
5678,采购商,天津市,水产,小型采购商,2023-05-07,43,False
5679,采购商,江苏省,水稻,中型采购商,2022-08-11,164,False
5680,农户,湖南省,茶叶,合作社,2024-03-05,41,False
5681,普通消费者,辽宁省,水稻,个人,2021-12-03,28,False
5682,农技人员,河北省,红枣,农技服务站,2020-04-17,200,False
5683,采购商,浙江省,杨梅,中型采购商,2021-05-23,20,False
5684,农户,四川省,茶叶,小农户,2022-06-07,42,False
5685,农户,上海市,水果,小农户,2022-01-14,11,True
5686,采购商,江苏省,水稻,中型采购商,2021-08-21,21,False
5687,农户,江西省,油茶,家庭农场,2021-11-04,80,False
5688,农户,河北省,小麦,家庭农场,2024-07-19,175,False
5689,农户,云南省,茶叶,小农户,2024-04-01,44,False
5690,采购商,江苏省,蔬菜,中型采购商,2023-05-27,24,False
5691,农户,陕西省,红枣,合作社,2025-10-16,24,False
5692,普通消费者,湖北省,水稻,个人,2025-07-17,31,False
5693,农户,天津市,蔬菜,小农户,2025-08-26,86,False
5694,农户,四川省,蔬菜,小农户,2020-02-24,29,False
5695,农户,湖南省,生猪,小农户,2020-12-20,57,False
5696,采购商,江苏省,蔬菜,小型采购商,2022-08-19,36,False
5697,农户,广东省,龙眼,小农户,2024-01-13,174,False
5698,普通消费者,安徽省,小麦,个人,2022-02-14,92,False
5699,农户,浙江省,杨梅,小农户,2025-12-24,161,False
5700,普通消费者,贵州省,辣椒,个人,2025-08-17,22,False
5701,普通消费者,四川省,蔬菜,个人,2025-12-21,17,True
5702,普通消费者,山东省,苹果,个人,2021-11-27,80,False
5703,普通消费者,江苏省,大闸蟹,个人,2024-03-25,100,False
5704,农户,天津市,蔬菜,小农户,2023-08-05,33,False
5705,普通消费者,陕西省,猕猴桃,个人,2024-06-25,95,False
5706,农技人员,陕西省,苹果,农技服务站,2022-02-07,48,False
5707,农户,辽宁省,水产,小农户,2021-06-21,24,False
5708,采购商,新疆维吾尔自治区,哈密瓜,大型采购商,2020-11-10,39,False
5709,农户,广东省,荔枝,小农户,2021-08-09,38,False
5710,采购商,湖北省,莲藕,小型采购商,2020-11-11,97,False
5711,采购商,内蒙古自治区,牛奶,小型采购商,2025-01-28,20,False
5712,农户,陕西省,小麦,小农户,2025-10-08,80,False
5713,采购商,河南省,玉米,小型采购商,2022-08-05,63,False
5714,采购商,山东省,苹果,小型采购商,2021-02-08,27,False
5715,农户,甘肃省,马铃薯,小农户,2021-01-04,11,True
5716,农户,上海市,水产,小农户,2022-07-19,20,False
5717,农技人员,贵州省,猕猴桃,农技服务站,2025-12-04,39,False
5718,农户,广西壮族自治区,柑橘,小农户,2021-01-18,34,False
5719,农户,云南省,水果,小农户,2025-10-10,39,False
5720,普通消费者,山东省,花生,个人,2020-09-12,36,False
5721,农技人员,河北省,红枣,农技服务站,2024-03-04,42,False
5722,普通消费者,湖南省,柑橘,个人,2021-07-21,1,True
5723,采购商,黑龙江省,大豆,小型采购商,2022-02-20,68,False
5724,普通消费者,内蒙古自治区,牛奶,个人,2022-12-20,43,False
5725,普通消费者,黑龙江省,水稻,个人,2021-08-21,20,False
5726,采购商,甘肃省,中药材,中型采购商,2020-04-26,65,False
5727,农户,广东省,香蕉,小农户,2022-06-11,75,False
5728,农技人员,湖北省,水稻,农技服务站,2020-06-08,121,False
5729,采购商,河北省,玉米,大型采购商,2022-09-24,80,False
5730,农户,河北省,玉米,小农户,2025-04-17,87,False
5731,普通消费者,山东省,小麦,个人,2023-08-19,177,False
5732,农户,江苏省,水果,家庭农场,2021-08-03,134,False
5733,普通消费者,山东省,蔬菜,个人,2021-12-02,20,False
5734,农户,湖南省,生猪,小农户,2025-12-13,37,False
5735,普通消费者,山东省,苹果,个人,2025-07-23,4,True
5736,普通消费者,安徽省,茶叶,个人,2025-04-01,20,False
5737,农技人员,广西壮族自治区,柑橘,农技服务站,2022-11-02,43,False
5738,农技人员,四川省,茶叶,农技服务站,2020-04-16,25,False
5739,采购商,四川省,水稻,中型采购商,2024-03-02,116,False
5740,普通消费者,浙江省,柑橘,个人,2020-08-05,130,False
5741,农户,广东省,香蕉,小农户,2023-09-09,111,False
5742,农户,甘肃省,苹果,小农户,2023-06-27,80,False
5743,采购商,四川省,柑橘,小型采购商,2023-10-21,22,False
5744,农户,湖北省,柑橘,合作社,2025-12-02,20,False
5745,农技人员,黑龙江省,水稻,农技服务站,2021-06-23,121,False
5746,农户,宁夏回族自治区,枸杞,小农户,2023-09-28,199,False
5747,采购商,广东省,蔬菜,小型采购商,2025-08-24,26,False
5748,农技人员,山东省,花生,农技服务站,2022-05-06,11,True
5749,农户,重庆市,茶叶,合作社,2022-12-22,20,False
5750,农技人员,青海省,牦牛,农技服务站,2024-03-02,48,False
5751,农户,河北省,梨,家庭农场,2024-11-08,1,True
5752,农户,甘肃省,马铃薯,小农户,2020-06-24,20,False
5753,农户,辽宁省,苹果,小农户,2022-05-14,33,False
5754,农技人员,四川省,水稻,农技服务站,2020-01-10,10,True
5755,采购商,广东省,香蕉,小型采购商,2023-07-17,20,False
5756,农户,海南省,橡胶,小农户,2022-07-01,28,False
5757,普通消费者,安徽省,小麦,个人,2022-07-14,75,False
5758,农技人员,四川省,柑橘,农技服务站,2024-01-23,39,False
5759,农户,山东省,苹果,小农户,2020-07-12,21,False
5760,采购商,四川省,水稻,小型采购商,2022-10-01,32,False
5761,农户,北京市,水果,家庭农场,2020-08-09,14,True
5762,采购商,湖北省,水产,大型采购商,2025-11-13,184,False
5763,普通消费者,吉林省,玉米,个人,2025-04-25,169,False
5764,农户,安徽省,蔬菜,小农户,2021-06-10,92,False
5765,农技人员,广东省,香蕉,农技服务站,2022-07-19,33,False
5766,农户,上海市,水产,家庭农场,2021-05-22,41,False
5767,普通消费者,福建省,柑橘,个人,2024-02-28,8,True
5768,普通消费者,辽宁省,水稻,个人,2025-11-22,20,False
5769,农技人员,陕西省,猕猴桃,农技服务站,2024-08-24,44,False
5770,普通消费者,山东省,小麦,个人,2022-09-19,82,False
5771,普通消费者,福建省,食用菌,个人,2023-06-28,20,False
5772,农技人员,山西省,红枣,农技服务站,2024-03-21,24,False
5773,采购商,内蒙古自治区,小麦,中型采购商,2025-08-25,25,False
5774,农户,辽宁省,水产,小农户,2022-10-16,137,False
5775,农技人员,江苏省,蔬菜,农技服务站,2021-06-04,45,False
5776,普通消费者,湖北省,水产,个人,2021-09-19,33,False
5777,农技人员,黑龙江省,小麦,农技服务站,2023-12-13,20,False
5778,采购商,山东省,苹果,中型采购商,2022-03-13,96,False
5779,农户,江西省,柑橘,小农户,2023-10-16,188,False
5780,农户,贵州省,中药材,家庭农场,2023-06-19,20,False
5781,采购商,内蒙古自治区,小麦,中型采购商,2021-12-19,36,False
5782,普通消费者,湖南省,水稻,个人,2025-05-28,31,False
5783,农技人员,海南省,热带水果,农技服务站,2022-01-12,188,False
5784,普通消费者,上海市,蔬菜,个人,2021-06-24,3,True
5785,农户,海南省,橡胶,家庭农场,2020-11-27,24,False
5786,采购商,甘肃省,苹果,小型采购商,2022-03-12,26,False
5787,采购商,河北省,梨,大型采购商,2024-05-12,46,False
5788,农户,江西省,油茶,小农户,2025-07-07,25,False
5789,农户,广东省,龙眼,小农户,2022-01-19,107,False
5790,普通消费者,江西省,柑橘,个人,2023-12-16,31,False
5791,采购商,陕西省,猕猴桃,小型采购商,2024-06-22,80,False
5792,采购商,四川省,蔬菜,中型采购商,2022-03-24,134,False
5793,普通消费者,四川省,茶叶,个人,2023-10-18,6,True
5794,普通消费者,湖南省,茶叶,个人,2022-09-06,20,False
5795,普通消费者,海南省,橡胶,个人,2021-12-12,16,True
5796,采购商,湖南省,水稻,小型采购商,2021-08-16,139,False
5797,采购商,广东省,香蕉,小型采购商,2023-05-19,155,False
5798,农户,河南省,蔬菜,小农户,2020-11-16,123,False
5799,采购商,浙江省,茶叶,小型采购商,2020-06-14,20,False
5800,农技人员,湖北省,柑橘,农技服务站,2021-01-16,48,False
5801,农户,四川省,柑橘,家庭农场,2025-05-27,23,False
5802,农户,河南省,蔬菜,小农户,2021-07-19,102,False
5803,普通消费者,广东省,香蕉,个人,2020-09-01,13,True
5804,采购商,辽宁省,苹果,小型采购商,2025-03-19,133,False
5805,普通消费者,四川省,水稻,个人,2020-09-05,28,False
5806,普通消费者,山西省,核桃,个人,2023-06-19,22,False
5807,普通消费者,辽宁省,苹果,个人,2021-04-19,175,False
5808,普通消费者,西藏自治区,中药材,个人,2023-07-22,29,False
5809,采购商,河南省,花生,中型采购商,2024-11-07,73,False
5810,农户,新疆维吾尔自治区,葡萄,家庭农场,2024-09-10,49,False
5811,农技人员,湖北省,莲藕,农技服务站,2025-09-21,50,False
5812,农户,广东省,龙眼,家庭农场,2023-03-22,20,False
5813,普通消费者,福建省,茶叶,个人,2023-03-12,11,True
5814,农户,河南省,蔬菜,家庭农场,2021-05-28,161,False
5815,农户,云南省,花卉,家庭农场,2021-07-18,20,False
5816,普通消费者,湖北省,柑橘,个人,2025-09-22,20,False
5817,普通消费者,新疆维吾尔自治区,棉花,个人,2021-09-14,22,False
5818,农技人员,湖北省,水产,农技服务站,2024-07-20,10,True
5819,农户,浙江省,柑橘,小农户,2024-07-11,53,False
5820,采购商,山东省,小麦,小型采购商,2020-11-17,1,True
5821,农户,广东省,荔枝,小农户,2020-10-03,42,False
5822,普通消费者,广东省,龙眼,个人,2023-01-06,29,False
5823,农技人员,重庆市,茶叶,农技服务站,2024-07-08,120,False
5824,农户,安徽省,茶叶,小农户,2020-11-03,4,True
5825,采购商,河北省,梨,小型采购商,2021-02-27,32,False
5826,农户,四川省,水稻,合作社,2025-08-09,23,False
5827,农户,天津市,水产,小农户,2020-08-08,4,True
5828,采购商,陕西省,小麦,小型采购商,2021-04-27,36,False
5829,普通消费者,江西省,水稻,个人,2020-02-22,117,False
5830,采购商,湖南省,水稻,中型采购商,2024-10-28,48,False
5831,普通消费者,上海市,水产,个人,2022-01-01,20,False
5832,农户,浙江省,杨梅,家庭农场,2024-07-13,11,True
5833,普通消费者,宁夏回族自治区,马铃薯,个人,2021-06-18,38,False
5834,普通消费者,吉林省,玉米,个人,2020-09-23,180,False
5835,农户,江苏省,水稻,小农户,2022-12-08,170,False
5836,农户,上海市,水产,合作社,2025-07-02,99,False
5837,农技人员,安徽省,小麦,农技服务站,2025-05-26,176,False
5838,农技人员,湖北省,水产,农技服务站,2023-01-28,52,False
5839,普通消费者,内蒙古自治区,牛奶,个人,2023-03-11,26,False
5840,农户,广东省,龙眼,小农户,2022-01-13,47,False
5841,农户,云南省,水果,家庭农场,2025-08-11,192,False
5842,农户,河北省,红枣,家庭农场,2020-02-10,80,False
5843,普通消费者,山东省,苹果,个人,2022-09-01,152,False
5844,农技人员,贵州省,猕猴桃,农技服务站,2022-08-02,31,False
5845,农技人员,广西壮族自治区,香蕉,农技服务站,2022-01-09,40,False
5846,农户,山西省,核桃,家庭农场,2024-05-25,22,False
5847,农技人员,贵州省,茶叶,农技服务站,2024-09-02,36,False
5848,普通消费者,四川省,水稻,个人,2021-08-22,41,False
5849,农技人员,云南省,花卉,农技服务站,2023-09-09,136,False
5850,农户,山东省,苹果,小农户,2024-11-17,36,False
5851,农户,山西省,小米,小农户,2023-11-18,1,True
5852,农户,河北省,梨,小农户,2022-10-16,20,False
5853,普通消费者,安徽省,蔬菜,个人,2023-07-24,36,False
5854,农户,广东省,蔬菜,家庭农场,2022-01-01,68,False
5855,农技人员,山东省,花生,农技服务站,2022-02-23,41,False
5856,普通消费者,四川省,茶叶,个人,2023-09-09,53,False
5857,农户,浙江省,水产,小农户,2024-11-14,141,False
5858,普通消费者,湖南省,生猪,个人,2021-12-03,29,False
5859,农户,吉林省,水稻,小农户,2020-05-07,19,True
5860,普通消费者,山东省,蔬菜,个人,2023-03-24,48,False
5861,农技人员,广东省,蔬菜,农技服务站,2023-05-26,38,False
5862,普通消费者,江西省,水稻,个人,2021-11-25,19,True
5863,采购商,广东省,香蕉,中型采购商,2025-07-19,20,False
5864,农技人员,新疆维吾尔自治区,棉花,农技服务站,2020-03-22,38,False
5865,农户,湖南省,柑橘,小农户,2021-07-04,20,False
5866,普通消费者,福建省,柑橘,个人,2022-08-27,24,False
5867,普通消费者,内蒙古自治区,羊肉,个人,2025-01-24,36,False
5868,采购商,湖北省,柑橘,大型采购商,2022-10-12,159,False
5869,农户,山东省,花生,家庭农场,2020-07-23,38,False
5870,普通消费者,湖南省,茶叶,个人,2024-07-28,20,False
5871,农户,青海省,牦牛,家庭农场,2021-07-17,56,False
5872,普通消费者,黑龙江省,大豆,个人,2021-06-28,44,False
5873,农户,福建省,茶叶,小农户,2022-01-20,23,False
5874,普通消费者,湖北省,柑橘,个人,2025-09-16,184,False
5875,普通消费者,重庆市,茶叶,个人,2020-01-02,20,False
5876,农技人员,江苏省,蔬菜,农技服务站,2024-05-08,176,False
5877,普通消费者,福建省,茶叶,个人,2020-05-14,11,True
5878,普通消费者,陕西省,苹果,个人,2025-09-20,30,False
5879,普通消费者,河北省,小麦,个人,2023-05-19,167,False
5880,农户,浙江省,茶叶,小农户,2023-10-02,26,False
5881,普通消费者,云南省,花卉,个人,2020-05-16,16,True
5882,采购商,福建省,柑橘,中型采购商,2023-05-12,35,False
5883,农户,江西省,水稻,小农户,2025-01-28,27,False
5884,采购商,重庆市,茶叶,大型采购商,2022-05-16,20,False
5885,农技人员,贵州省,猕猴桃,农技服务站,2021-08-10,6,True
5886,农技人员,河北省,小麦,农技服务站,2023-03-12,27,False
5887,农户,浙江省,柑橘,合作社,2022-02-11,194,False
5888,农户,河南省,玉米,小农户,2020-02-26,28,False
5889,农技人员,江西省,茶叶,农技服务站,2020-12-12,45,False
5890,普通消费者,辽宁省,苹果,个人,2024-11-09,1,True
5891,农户,山东省,小麦,小农户,2020-12-27,9,True
5892,采购商,四川省,猕猴桃,中型采购商,2022-02-11,23,False
5893,采购商,内蒙古自治区,羊肉,中型采购商,2021-08-14,76,False
5894,农户,云南省,咖啡,小农户,2024-08-27,20,False
5895,农户,北京市,花卉,小农户,2021-10-02,63,False
5896,农户,湖南省,生猪,家庭农场,2023-02-05,29,False
5897,普通消费者,山东省,花生,个人,2021-10-28,50,False
5898,农户,辽宁省,苹果,小农户,2023-07-19,34,False
5899,农户,江苏省,水果,小农户,2025-04-03,58,False
5900,普通消费者,海南省,水产,个人,2024-05-12,150,False
5901,普通消费者,浙江省,杨梅,个人,2020-05-13,27,False
5902,普通消费者,重庆市,柑橘,个人,2024-08-20,20,False
5903,农技人员,湖南省,柑橘,农技服务站,2021-11-25,7,True
5904,农户,河南省,玉米,小农户,2021-12-17,67,False
5905,普通消费者,山东省,花生,个人,2020-03-11,5,True
5906,农技人员,广东省,荔枝,农技服务站,2022-04-25,197,False
5907,农技人员,浙江省,杨梅,农技服务站,2023-01-26,31,False
5908,农户,四川省,柑橘,小农户,2023-12-17,36,False
5909,普通消费者,河南省,小麦,个人,2022-04-16,61,False
5910,农户,福建省,柑橘,小农户,2020-10-15,20,False
5911,普通消费者,安徽省,小麦,个人,2022-08-16,15,True
5912,农户,河北省,红枣,小农户,2020-10-17,20,False
5913,普通消费者,辽宁省,水产,个人,2021-07-15,44,False
5914,普通消费者,河南省,小麦,个人,2023-09-19,24,False
5915,农户,贵州省,中药材,家庭农场,2024-11-17,6,True
5916,农技人员,四川省,柑橘,农技服务站,2022-03-18,30,False
5917,农户,河北省,小麦,小农户,2020-11-15,34,False
5918,农户,江苏省,水果,合作社,2023-01-07,20,False
5919,采购商,河北省,梨,中型采购商,2020-10-18,124,False
5920,普通消费者,广东省,蔬菜,个人,2024-10-02,182,False
5921,普通消费者,山西省,红枣,个人,2021-05-14,120,False
5922,农技人员,重庆市,生猪,农技服务站,2025-11-05,22,False
5923,农户,广东省,荔枝,小农户,2023-12-24,65,False
5924,农户,重庆市,生猪,家庭农场,2022-04-21,16,True
5925,采购商,四川省,柑橘,小型采购商,2021-11-25,51,False
5926,普通消费者,广东省,荔枝,个人,2021-07-24,147,False
5927,农技人员,四川省,水稻,农技服务站,2022-06-16,32,False
5928,采购商,广东省,蔬菜,小型采购商,2020-05-27,37,False
5929,普通消费者,内蒙古自治区,牛奶,个人,2023-03-09,28,False
5930,采购商,海南省,橡胶,小型采购商,2020-08-18,65,False
5931,农户,黑龙江省,玉米,家庭农场,2024-08-14,29,False
5932,农户,江苏省,水稻,合作社,2023-09-09,37,False
5933,农技人员,山西省,小米,农技服务站,2022-08-15,58,False
5934,普通消费者,山东省,花生,个人,2024-11-11,123,False
5935,采购商,江苏省,蔬菜,中型采购商,2022-03-09,22,False
5936,普通消费者,湖南省,柑橘,个人,2024-03-19,72,False
5937,普通消费者,河南省,蔬菜,个人,2023-10-09,1,True
5938,农户,青海省,青稞,小农户,2024-03-15,20,False
5939,普通消费者,福建省,柑橘,个人,2021-10-05,186,False
5940,农技人员,云南省,水果,农技服务站,2021-03-12,74,False
5941,农户,辽宁省,水产,小农户,2023-07-03,12,True
5942,农技人员,河北省,小麦,农技服务站,2024-05-07,27,False
5943,普通消费者,陕西省,猕猴桃,个人,2023-03-16,29,False
5944,农户,辽宁省,苹果,小农户,2020-03-27,20,False
5945,普通消费者,新疆维吾尔自治区,棉花,个人,2024-07-03,26,False
5946,普通消费者,福建省,茶叶,个人,2020-01-20,20,False
5947,农户,内蒙古自治区,牛奶,小农户,2022-12-08,4,True
5948,农技人员,河北省,梨,农技服务站,2023-03-21,24,False
5949,农技人员,江苏省,大闸蟹,农技服务站,2020-11-11,30,False
5950,采购商,江苏省,水果,中型采购商,2021-01-16,53,False
5951,农户,山东省,花生,小农户,2023-10-04,15,True
5952,农户,河北省,红枣,家庭农场,2020-02-27,36,False
5953,农户,重庆市,柑橘,家庭农场,2022-01-01,38,False
5954,农户,宁夏回族自治区,马铃薯,合作社,2022-04-10,162,False
5955,农户,江西省,茶叶,小农户,2023-11-22,87,False
5956,普通消费者,宁夏回族自治区,马铃薯,个人,2023-08-22,90,False
5957,农户,湖南省,柑橘,小农户,2025-10-12,20,False
5958,普通消费者,山西省,小麦,个人,2022-06-20,21,False
5959,采购商,重庆市,蔬菜,小型采购商,2025-02-22,80,False
5960,农户,海南省,水产,家庭农场,2021-04-02,92,False
5961,农户,上海市,水产,小农户,2025-04-21,97,False
5962,采购商,河北省,梨,小型采购商,2022-04-08,22,False
5963,普通消费者,安徽省,茶叶,个人,2022-11-15,75,False
5964,普通消费者,重庆市,茶叶,个人,2025-01-10,194,False
5965,农技人员,湖北省,莲藕,农技服务站,2025-11-25,29,False
5966,农户,辽宁省,樱桃,家庭农场,2025-09-07,33,False
5967,农户,福建省,茶叶,小农户,2025-11-28,2,True
5968,采购商,湖北省,莲藕,小型采购商,2021-10-17,56,False
5969,采购商,四川省,猕猴桃,小型采购商,2021-09-05,62,False
5970,农技人员,天津市,水产,农技服务站,2020-03-10,31,False
5971,农户,江苏省,蔬菜,小农户,2024-10-03,27,False
5972,普通消费者,河北省,梨,个人,2021-05-22,194,False
5973,农户,海南省,水产,小农户,2021-05-07,115,False
5974,农户,新疆维吾尔自治区,棉花,小农户,2020-07-28,32,False
5975,农户,广西壮族自治区,芒果,家庭农场,2022-04-11,149,False
5976,采购商,辽宁省,水稻,大型采购商,2024-01-24,39,False
5977,普通消费者,广西壮族自治区,甘蔗,个人,2021-09-06,4,True
5978,普通消费者,河南省,花生,个人,2025-03-04,145,False
5979,农户,广东省,蔬菜,合作社,2024-10-07,51,False
5980,采购商,湖北省,水产,小型采购商,2020-08-01,33,False
5981,普通消费者,广西壮族自治区,香蕉,个人,2021-07-22,45,False
5982,农技人员,河南省,花生,农技服务站,2025-11-28,75,False
5983,普通消费者,山东省,小麦,个人,2023-03-01,143,False
5984,采购商,四川省,茶叶,小型采购商,2024-10-26,40,False
5985,采购商,湖南省,生猪,小型采购商,2022-03-23,104,False
5986,采购商,辽宁省,樱桃,小型采购商,2020-09-10,38,False
5987,农户,新疆维吾尔自治区,哈密瓜,合作社,2022-08-23,99,False
5988,农技人员,湖南省,柑橘,农技服务站,2025-10-01,20,False
5989,普通消费者,浙江省,杨梅,个人,2024-12-19,20,False
5990,农技人员,广东省,蔬菜,农技服务站,2020-06-21,40,False
5991,农户,海南省,热带水果,合作社,2023-10-25,31,False
5992,普通消费者,河南省,花生,个人,2023-06-13,158,False
5993,普通消费者,云南省,水果,个人,2023-06-21,4,True
5994,普通消费者,黑龙江省,水稻,个人,2021-08-17,25,False
5995,采购商,云南省,咖啡,大型采购商,2024-11-25,139,False
5996,农户,四川省,水稻,家庭农场,2022-04-17,86,False
5997,普通消费者,贵州省,辣椒,个人,2020-10-23,7,True
5998,普通消费者,内蒙古自治区,小麦,个人,2024-04-06,37,False
5999,农技人员,福建省,柑橘,农技服务站,2025-08-10,32,False
6000,普通消费者,贵州省,辣椒,个人,2023-09-22,58,False
6001,农户,山东省,小麦,小农户,2022-04-18,34,False
6002,普通消费者,四川省,猕猴桃,个人,2023-10-07,22,False
6003,农户,辽宁省,水稻,家庭农场,2022-02-19,54,False
6004,农户,广东省,蔬菜,小农户,2022-11-07,29,False
6005,农户,福建省,柑橘,家庭农场,2023-11-03,137,False
6006,普通消费者,广东省,蔬菜,个人,2024-06-01,43,False
6007,农户,江西省,柑橘,小农户,2025-02-26,7,True
6008,农户,河北省,红枣,小农户,2020-08-12,26,False
6009,农户,吉林省,大豆,小农户,2020-10-14,173,False
6010,农技人员,浙江省,茶叶,农技服务站,2020-12-11,9,True
6011,农户,西藏自治区,青稞,小农户,2021-07-21,23,False
6012,农技人员,陕西省,小麦,农技服务站,2022-07-28,34,False
6013,普通消费者,重庆市,茶叶,个人,2025-08-07,33,False
6014,采购商,湖北省,莲藕,小型采购商,2020-06-01,42,False
6015,农户,四川省,柑橘,小农户,2020-10-26,28,False
6016,普通消费者,云南省,花卉,个人,2020-05-23,20,False
6017,农户,湖南省,水稻,家庭农场,2022-04-28,139,False
6018,农户,内蒙古自治区,马铃薯,小农户,2022-03-18,26,False
6019,普通消费者,陕西省,苹果,个人,2025-07-05,49,False
6020,农户,福建省,水产,小农户,2020-08-04,86,False
6021,农技人员,山东省,苹果,农技服务站,2021-07-28,87,False
6022,农户,四川省,水稻,小农户,2025-10-21,140,False
6023,农技人员,湖南省,柑橘,农技服务站,2020-10-19,132,False
6024,农技人员,福建省,水产,农技服务站,2025-01-18,28,False
6025,采购商,吉林省,水稻,小型采购商,2024-04-01,29,False
6026,普通消费者,福建省,食用菌,个人,2025-08-15,149,False
6027,农技人员,河北省,梨,农技服务站,2021-08-12,54,False
6028,普通消费者,广西壮族自治区,香蕉,个人,2021-08-09,103,False
6029,普通消费者,广东省,荔枝,个人,2024-12-15,11,True
6030,农户,吉林省,大豆,小农户,2021-04-13,23,False
6031,农户,江西省,水稻,家庭农场,2023-08-25,20,False
6032,普通消费者,广东省,龙眼,个人,2024-03-10,30,False
6033,农技人员,北京市,花卉,农技服务站,2020-11-08,25,False
6034,农技人员,江苏省,蔬菜,农技服务站,2025-11-06,20,False
6035,普通消费者,江西省,茶叶,个人,2024-07-21,30,False
6036,普通消费者,山东省,蔬菜,个人,2020-11-27,42,False
6037,农户,河北省,小麦,家庭农场,2023-10-26,9,True
6038,普通消费者,安徽省,茶叶,个人,2023-12-10,32,False
6039,农户,云南省,茶叶,小农户,2024-04-20,38,False
6040,农户,福建省,茶叶,合作社,2025-11-03,80,False
6041,采购商,湖南省,水稻,小型采购商,2024-07-22,14,True
6042,普通消费者,河北省,梨,个人,2022-02-14,134,False
6043,普通消费者,浙江省,茶叶,个人,2023-08-22,27,False
6044,采购商,河南省,小麦,小型采购商,2023-01-18,123,False
6045,采购商,广西壮族自治区,芒果,中型采购商,2022-11-01,38,False
6046,采购商,湖北省,莲藕,中型采购商,2021-05-01,2,True
6047,农户,浙江省,水产,小农户,2022-10-18,25,False
6048,农户,河南省,花生,家庭农场,2025-08-14,21,False
6049,普通消费者,安徽省,茶叶,个人,2024-04-06,89,False
6050,采购商,四川省,水稻,小型采购商,2023-04-07,24,False
6051,采购商,山东省,蔬菜,小型采购商,2023-12-25,26,False
6052,农技人员,福建省,柑橘,农技服务站,2023-09-06,39,False
6053,采购商,浙江省,杨梅,小型采购商,2025-05-09,80,False
6054,农户,广东省,荔枝,小农户,2022-11-28,23,False
6055,农技人员,广东省,荔枝,农技服务站,2025-06-28,106,False
6056,采购商,云南省,咖啡,大型采购商,2021-03-07,26,False
6057,农户,云南省,水果,小农户,2023-06-06,99,False
6058,采购商,广西壮族自治区,柑橘,小型采购商,2022-12-05,7,True
6059,采购商,黑龙江省,小麦,中型采购商,2023-06-14,32,False
6060,农户,河南省,玉米,小农户,2020-07-23,40,False
6061,采购商,云南省,茶叶,大型采购商,2022-09-06,37,False
6062,农户,湖北省,柑橘,小农户,2021-06-24,62,False
6063,农技人员,河南省,玉米,农技服务站,2025-12-15,14,True
6064,普通消费者,河南省,花生,个人,2024-08-24,20,False
6065,农户,四川省,猕猴桃,小农户,2025-03-14,20,False
6066,农户,陕西省,苹果,合作社,2023-06-28,3,True
6067,农户,内蒙古自治区,小麦,家庭农场,2021-05-25,10,True
6068,普通消费者,湖北省,莲藕,个人,2023-12-18,25,False
6069,采购商,河南省,蔬菜,小型采购商,2023-10-19,57,False
6070,农户,四川省,猕猴桃,小农户,2021-09-19,20,False
6071,普通消费者,黑龙江省,大豆,个人,2025-04-22,129,False
6072,普通消费者,江苏省,蔬菜,个人,2021-11-16,20,False
6073,农户,黑龙江省,玉米,小农户,2025-06-13,44,False
6074,农户,四川省,柑橘,家庭农场,2023-05-22,37,False
6075,普通消费者,安徽省,蔬菜,个人,2020-04-17,3,True
6076,采购商,甘肃省,小麦,小型采购商,2025-07-19,20,False
6077,采购商,安徽省,茶叶,小型采购商,2020-07-22,105,False
6078,农技人员,河南省,玉米,农技服务站,2020-07-05,146,False
6079,普通消费者,浙江省,杨梅,个人,2025-03-16,20,False
6080,采购商,黑龙江省,水稻,中型采购商,2021-07-21,20,False
6081,农户,浙江省,杨梅,家庭农场,2025-07-06,34,False
6082,农户,安徽省,茶叶,小农户,2021-06-06,24,False
6083,农技人员,安徽省,水稻,农技服务站,2025-09-17,42,False
6084,农技人员,浙江省,茶叶,农技服务站,2024-02-03,80,False
6085,农技人员,广东省,龙眼,农技服务站,2021-12-13,14,True
6086,农技人员,河北省,梨,农技服务站,2024-11-17,20,False
6087,普通消费者,广东省,蔬菜,个人,2021-02-27,21,False
6088,农技人员,贵州省,中药材,农技服务站,2023-07-07,180,False
6089,普通消费者,贵州省,茶叶,个人,2025-10-03,20,False
6090,农技人员,黑龙江省,大豆,农技服务站,2024-05-23,29,False
6091,普通消费者,青海省,油菜,个人,2023-06-25,25,False
6092,采购商,广东省,荔枝,中型采购商,2024-01-03,188,False
6093,采购商,广东省,龙眼,中型采购商,2025-12-08,49,False
6094,农户,浙江省,水产,小农户,2020-04-02,20,False
6095,农户,山东省,花生,小农户,2023-01-10,33,False
6096,农户,山东省,小麦,小农户,2024-02-28,11,True
6097,采购商,河南省,蔬菜,小型采购商,2022-02-13,43,False
6098,普通消费者,河南省,蔬菜,个人,2020-09-19,80,False
6099,采购商,广东省,荔枝,小型采购商,2020-08-20,26,False
6100,农户,江苏省,大闸蟹,小农户,2025-03-05,38,False
6101,采购商,四川省,茶叶,大型采购商,2021-01-28,20,False
6102,普通消费者,甘肃省,马铃薯,个人,2024-05-01,9,True
6103,农户,浙江省,柑橘,家庭农场,2020-08-16,20,False
6104,农技人员,四川省,猕猴桃,农技服务站,2022-01-23,50,False
6105,普通消费者,四川省,柑橘,个人,2025-11-12,33,False
6106,普通消费者,浙江省,茶叶,个人,2023-12-06,59,False
6107,农户,四川省,猕猴桃,家庭农场,2024-05-13,142,False
6108,农户,甘肃省,苹果,家庭农场,2025-06-04,20,False
6109,采购商,四川省,茶叶,小型采购商,2020-10-27,181,False
6110,农户,宁夏回族自治区,马铃薯,小农户,2025-04-11,42,False
6111,采购商,湖南省,柑橘,小型采购商,2020-04-26,80,False
6112,采购商,河北省,梨,小型采购商,2021-04-20,40,False
6113,农户,河北省,小麦,小农户,2024-05-04,38,False
6114,采购商,湖北省,水稻,小型采购商,2022-07-17,33,False
6115,农户,浙江省,茶叶,合作社,2020-04-19,20,False
6116,采购商,青海省,青稞,中型采购商,2025-12-23,129,False
6117,普通消费者,江苏省,大闸蟹,个人,2020-02-17,65,False
6118,采购商,安徽省,小麦,小型采购商,2020-02-13,93,False
6119,采购商,福建省,茶叶,小型采购商,2020-10-04,178,False
6120,农户,湖北省,莲藕,小农户,2025-10-06,24,False
6121,普通消费者,湖北省,莲藕,个人,2020-05-13,13,True
6122,采购商,江西省,茶叶,大型采购商,2025-10-22,42,False
6123,农技人员,甘肃省,小麦,农技服务站,2021-01-05,112,False
6124,普通消费者,上海市,水果,个人,2020-01-27,20,False
6125,普通消费者,江苏省,蔬菜,个人,2023-07-25,20,False
6126,农户,贵州省,中药材,小农户,2024-08-10,67,False
6127,农户,江苏省,蔬菜,小农户,2024-01-02,27,False
6128,采购商,四川省,茶叶,中型采购商,2022-05-16,68,False
6129,农户,山西省,核桃,小农户,2023-12-05,31,False
6130,农户,辽宁省,苹果,合作社,2024-01-19,20,False
6131,农户,江苏省,水稻,小农户,2023-11-10,51,False
6132,农户,河南省,小麦,小农户,2020-08-02,24,False
6133,农户,河南省,玉米,小农户,2021-11-22,9,True
6134,采购商,湖北省,柑橘,大型采购商,2024-01-19,46,False
6135,普通消费者,河北省,梨,个人,2025-01-04,33,False
6136,普通消费者,湖北省,水稻,个人,2022-09-09,20,False
6137,采购商,湖北省,柑橘,小型采购商,2024-12-13,35,False
6138,普通消费者,四川省,蔬菜,个人,2021-10-14,80,False
6139,普通消费者,湖南省,水稻,个人,2021-01-26,128,False
6140,农户,广东省,蔬菜,家庭农场,2023-07-09,42,False
6141,普通消费者,浙江省,杨梅,个人,2020-09-09,87,False
6142,采购商,四川省,猕猴桃,小型采购商,2024-10-19,32,False
6143,农技人员,四川省,蔬菜,农技服务站,2024-03-17,56,False
6144,农户,河北省,梨,家庭农场,2020-05-08,36,False
6145,普通消费者,江苏省,蔬菜,个人,2021-01-08,36,False
6146,普通消费者,新疆维吾尔自治区,红枣,个人,2022-10-04,20,False
6147,普通消费者,新疆维吾尔自治区,棉花,个人,2022-03-17,183,False
6148,采购商,西藏自治区,青稞,大型采购商,2022-04-01,142,False
6149,农户,四川省,蔬菜,小农户,2020-04-18,117,False
6150,农户,广西壮族自治区,香蕉,小农户,2023-10-05,37,False
6151,普通消费者,安徽省,水稻,个人,2025-01-11,16,True
6152,普通消费者,安徽省,水稻,个人,2024-06-16,55,False
6153,普通消费者,江苏省,蔬菜,个人,2020-07-19,94,False
6154,普通消费者,广东省,蔬菜,个人,2023-08-07,21,False
6155,农户,山东省,小麦,家庭农场,2022-07-16,67,False
6156,农户,重庆市,蔬菜,小农户,2021-12-14,31,False
6157,采购商,广东省,香蕉,大型采购商,2023-01-07,21,False
6158,采购商,山东省,苹果,小型采购商,2023-06-22,93,False
6159,普通消费者,广东省,龙眼,个人,2022-04-01,130,False
6160,农技人员,新疆维吾尔自治区,哈密瓜,农技服务站,2024-09-15,54,False
6161,采购商,山东省,花生,小型采购商,2022-12-21,4,True
6162,农技人员,四川省,猕猴桃,农技服务站,2021-04-14,28,False
6163,农技人员,广西壮族自治区,柑橘,农技服务站,2023-04-18,7,True
6164,普通消费者,河北省,梨,个人,2021-05-03,48,False
6165,普通消费者,湖北省,水稻,个人,2023-12-18,28,False
6166,农户,山东省,小麦,小农户,2021-01-15,32,False
6167,农技人员,湖北省,柑橘,农技服务站,2025-06-10,42,False
6168,普通消费者,江苏省,蔬菜,个人,2023-05-15,104,False
6169,农户,山东省,花生,小农户,2022-10-06,38,False
6170,农户,辽宁省,苹果,小农户,2025-09-20,20,False
6171,农技人员,四川省,猕猴桃,农技服务站,2024-11-12,20,False
6172,采购商,甘肃省,小麦,小型采购商,2023-01-17,52,False
6173,农户,江西省,茶叶,家庭农场,2024-11-20,5,True
6174,农户,上海市,水产,小农户,2024-03-14,7,True
6175,农户,浙江省,水产,小农户,2023-04-03,30,False
6176,农户,山东省,苹果,小农户,2021-03-19,25,False
6177,农技人员,西藏自治区,牦牛,农技服务站,2022-01-21,20,False
6178,普通消费者,辽宁省,樱桃,个人,2022-10-04,20,False
6179,农技人员,湖北省,莲藕,农技服务站,2024-03-24,20,False
6180,采购商,宁夏回族自治区,小麦,中型采购商,2021-04-24,31,False
6181,农户,陕西省,小麦,家庭农场,2024-02-18,12,True
6182,普通消费者,江西省,柑橘,个人,2022-12-17,24,False
6183,农户,河南省,玉米,小农户,2020-07-02,20,False
6184,农户,江苏省,水果,家庭农场,2023-07-01,32,False
6185,农技人员,安徽省,水稻,农技服务站,2023-03-14,167,False
6186,农户,河北省,小麦,小农户,2020-04-19,16,True
6187,农技人员,河南省,玉米,农技服务站,2023-10-21,39,False
6188,采购商,江苏省,大闸蟹,大型采购商,2020-09-05,181,False
6189,农户,湖北省,水稻,小农户,2024-06-08,80,False
6190,农户,云南省,花卉,小农户,2021-01-15,20,False
6191,农户,河北省,小麦,家庭农场,2020-06-14,59,False
6192,采购商,贵州省,辣椒,小型采购商,2020-12-13,53,False
6193,农户,江西省,茶叶,小农户,2020-02-09,22,False
6194,农户,河南省,小麦,小农户,2023-02-28,36,False
6195,普通消费者,河南省,蔬菜,个人,2021-05-18,26,False
6196,农技人员,湖南省,柑橘,农技服务站,2023-09-21,134,False
6197,采购商,湖北省,柑橘,中型采购商,2021-08-15,83,False
6198,采购商,宁夏回族自治区,枸杞,中型采购商,2025-11-11,36,False
6199,采购商,湖南省,水稻,小型采购商,2023-05-03,70,False
6200,采购商,广东省,龙眼,大型采购商,2023-07-23,44,False
6201,农户,广西壮族自治区,芒果,小农户,2020-09-09,42,False
6202,农户,湖北省,水产,家庭农场,2022-10-05,26,False
6203,农户,江苏省,大闸蟹,小农户,2024-11-26,20,False
6204,采购商,湖南省,茶叶,中型采购商,2024-03-07,29,False
6205,普通消费者,浙江省,杨梅,个人,2021-05-09,60,False
6206,农户,吉林省,人参,小农户,2020-03-04,183,False
6207,农技人员,辽宁省,苹果,农技服务站,2023-02-24,8,True
6208,农技人员,湖南省,柑橘,农技服务站,2024-05-01,20,False
6209,普通消费者,西藏自治区,中药材,个人,2020-05-07,20,False
6210,农户,河南省,小麦,小农户,2023-06-11,81,False
6211,农技人员,贵州省,茶叶,农技服务站,2024-10-15,80,False
6212,普通消费者,内蒙古自治区,羊肉,个人,2024-04-22,5,True
6213,采购商,四川省,茶叶,中型采购商,2024-05-06,35,False
6214,农户,甘肃省,小麦,小农户,2022-06-11,20,False
6215,农技人员,河南省,玉米,农技服务站,2024-02-01,22,False
6216,采购商,江西省,水稻,中型采购商,2023-01-28,120,False
6217,农技人员,河北省,梨,农技服务站,2020-01-19,26,False
6218,普通消费者,云南省,水果,个人,2020-07-26,20,False
6219,农户,江苏省,水稻,小农户,2023-01-26,20,False
6220,农户,陕西省,小麦,家庭农场,2025-10-03,47,False
6221,农户,广东省,蔬菜,家庭农场,2023-06-15,20,False
6222,普通消费者,广东省,荔枝,个人,2023-09-07,20,False
6223,普通消费者,湖南省,茶叶,个人,2021-04-28,24,False
6224,农户,辽宁省,水产,小农户,2023-12-02,47,False
6225,普通消费者,北京市,花卉,个人,2020-09-15,30,False
6226,农技人员,四川省,水稻,农技服务站,2022-11-01,26,False
6227,普通消费者,北京市,花卉,个人,2023-05-11,33,False
6228,普通消费者,浙江省,柑橘,个人,2023-10-02,100,False
6229,采购商,山西省,红枣,大型采购商,2024-11-23,20,False
6230,农户,北京市,花卉,小农户,2021-05-28,42,False
6231,农户,湖南省,水稻,合作社,2023-03-11,40,False
6232,普通消费者,内蒙古自治区,小麦,个人,2021-04-02,26,False
6233,农户,湖南省,生猪,家庭农场,2021-08-23,12,True
6234,农户,贵州省,猕猴桃,小农户,2023-08-15,54,False
6235,农户,湖北省,莲藕,家庭农场,2025-12-21,20,False
6236,农户,天津市,水产,家庭农场,2023-08-07,58,False
6237,采购商,湖北省,莲藕,中型采购商,2024-02-26,35,False
6238,普通消费者,江苏省,蔬菜,个人,2025-01-06,27,False
6239,采购商,陕西省,红枣,小型采购商,2025-09-05,32,False
6240,采购商,湖南省,茶叶,大型采购商,2021-11-13,31,False
6241,农户,福建省,水产,家庭农场,2024-10-13,60,False
6242,农户,云南省,水果,小农户,2020-05-04,20,False
6243,农户,安徽省,茶叶,家庭农场,2025-05-26,22,False
6244,农技人员,河南省,小麦,农技服务站,2023-03-12,55,False
6245,农户,河南省,蔬菜,小农户,2024-06-09,24,False
6246,采购商,福建省,食用菌,大型采购商,2023-06-03,111,False
6247,采购商,北京市,水果,中型采购商,2021-08-18,51,False
6248,采购商,甘肃省,中药材,小型采购商,2024-10-20,77,False
6249,采购商,四川省,猕猴桃,中型采购商,2023-08-01,140,False
6250,农户,山东省,蔬菜,家庭农场,2024-11-06,130,False
6251,普通消费者,湖北省,水产,个人,2025-05-25,27,False
6252,农户,广东省,蔬菜,家庭农场,2020-09-13,46,False
6253,农技人员,湖南省,生猪,农技服务站,2020-07-08,20,False
6254,普通消费者,湖南省,水稻,个人,2021-01-07,48,False
6255,普通消费者,山东省,花生,个人,2022-01-20,36,False
6256,农户,黑龙江省,玉米,小农户,2023-01-25,41,False
6257,农户,广东省,龙眼,家庭农场,2024-11-11,23,False
6258,农户,辽宁省,水产,小农户,2024-11-02,169,False
6259,农户,河北省,玉米,家庭农场,2024-03-18,1,True
6260,普通消费者,安徽省,水稻,个人,2022-04-28,20,False
6261,农户,辽宁省,水产,小农户,2024-07-20,3,True
6262,采购商,甘肃省,中药材,小型采购商,2022-03-26,42,False
6263,普通消费者,山西省,小米,个人,2022-11-15,20,False
6264,采购商,陕西省,猕猴桃,小型采购商,2024-07-28,6,True
6265,农技人员,吉林省,水稻,农技服务站,2021-04-08,135,False
6266,普通消费者,安徽省,小麦,个人,2020-02-18,28,False
6267,普通消费者,湖北省,水产,个人,2020-07-28,165,False
6268,普通消费者,甘肃省,苹果,个人,2020-12-14,53,False
6269,农户,四川省,猕猴桃,小农户,2025-08-08,36,False
6270,采购商,浙江省,柑橘,小型采购商,2025-07-12,80,False
6271,普通消费者,广东省,荔枝,个人,2021-11-26,18,True
6272,农户,宁夏回族自治区,马铃薯,家庭农场,2023-05-10,55,False
6273,农户,安徽省,小麦,家庭农场,2024-10-04,166,False
6274,农户,江苏省,大闸蟹,小农户,2025-05-27,23,False
6275,采购商,海南省,橡胶,小型采购商,2024-11-28,33,False
6276,采购商,四川省,蔬菜,小型采购商,2021-09-10,138,False
6277,普通消费者,内蒙古自治区,羊肉,个人,2025-05-25,9,True
6278,采购商,河北省,梨,小型采购商,2025-09-05,32,False
6279,农户,浙江省,杨梅,家庭农场,2023-12-12,2,True
6280,农技人员,四川省,茶叶,农技服务站,2020-02-20,172,False
6281,农户,安徽省,小麦,家庭农场,2021-06-08,20,False
6282,农户,江苏省,蔬菜,小农户,2021-10-26,20,False
6283,普通消费者,云南省,茶叶,个人,2025-06-09,25,False
6284,农户,青海省,油菜,家庭农场,2020-10-12,86,False
6285,普通消费者,福建省,柑橘,个人,2020-06-22,20,False
6286,农户,四川省,猕猴桃,家庭农场,2025-04-06,33,False
6287,农户,浙江省,茶叶,家庭农场,2025-06-25,29,False
6288,采购商,北京市,花卉,大型采购商,2021-09-10,20,False
6289,农户,黑龙江省,小麦,小农户,2021-04-20,40,False
6290,采购商,江苏省,水稻,小型采购商,2025-06-03,144,False
6291,农技人员,云南省,水果,农技服务站,2024-03-26,200,False
6292,普通消费者,江西省,茶叶,个人,2023-03-24,145,False
6293,农户,湖北省,柑橘,小农户,2020-09-20,47,False
6294,普通消费者,辽宁省,水稻,个人,2023-11-23,37,False
6295,普通消费者,云南省,咖啡,个人,2023-03-22,28,False
6296,采购商,辽宁省,苹果,大型采购商,2021-08-04,183,False
6297,采购商,湖北省,水产,中型采购商,2020-10-18,165,False
6298,农户,湖北省,柑橘,小农户,2023-10-02,116,False
6299,农户,四川省,茶叶,家庭农场,2024-05-16,104,False
6300,采购商,四川省,猕猴桃,中型采购商,2022-05-01,44,False
6301,农户,山东省,花生,小农户,2024-11-20,46,False
6302,农户,四川省,水稻,家庭农场,2023-08-06,38,False
6303,普通消费者,四川省,茶叶,个人,2024-11-09,194,False
6304,农技人员,宁夏回族自治区,马铃薯,农技服务站,2023-11-14,21,False
6305,农户,四川省,蔬菜,小农户,2021-08-11,38,False
6306,农户,陕西省,苹果,小农户,2020-11-25,60,False
6307,农户,四川省,茶叶,小农户,2024-04-06,6,True
6308,普通消费者,北京市,蔬菜,个人,2023-05-03,129,False
6309,普通消费者,陕西省,红枣,个人,2021-01-18,24,False
6310,普通消费者,河南省,玉米,个人,2020-07-16,80,False
6311,农户,西藏自治区,牦牛,家庭农场,2022-05-16,25,False
6312,农户,贵州省,茶叶,小农户,2025-04-16,147,False
6313,农技人员,辽宁省,苹果,农技服务站,2022-02-18,33,False
6314,农户,河南省,小麦,小农户,2022-08-20,186,False
6315,农技人员,四川省,水稻,农技服务站,2025-02-15,12,True
6316,普通消费者,广东省,蔬菜,个人,2025-06-18,23,False
6317,农技人员,浙江省,茶叶,农技服务站,2021-12-08,37,False
6318,农技人员,广西壮族自治区,芒果,农技服务站,2023-10-03,82,False
6319,普通消费者,云南省,花卉,个人,2025-08-17,20,False
6320,采购商,湖南省,柑橘,小型采购商,2020-09-01,25,False
6321,普通消费者,河南省,玉米,个人,2020-05-20,102,False
6322,农户,湖北省,水稻,小农户,2021-07-25,20,False
6323,农户,湖北省,柑橘,家庭农场,2024-07-26,35,False
6324,采购商,上海市,蔬菜,中型采购商,2022-02-04,54,False
6325,普通消费者,吉林省,水稻,个人,2020-04-27,144,False
6326,农户,湖北省,柑橘,合作社,2021-11-08,149,False
6327,普通消费者,四川省,猕猴桃,个人,2024-11-21,17,True
6328,采购商,甘肃省,马铃薯,小型采购商,2022-09-01,45,False
6329,采购商,广东省,蔬菜,大型采购商,2025-08-16,20,False
6330,农户,湖北省,水产,小农户,2020-10-17,188,False
6331,采购商,湖北省,水产,大型采购商,2021-06-05,5,True
6332,普通消费者,湖北省,水产,个人,2020-02-01,80,False
6333,农户,湖南省,生猪,小农户,2023-05-14,186,False
6334,农户,江苏省,大闸蟹,小农户,2024-05-14,38,False
6335,农户,辽宁省,水稻,合作社,2022-03-11,22,False
6336,普通消费者,河北省,红枣,个人,2025-08-26,35,False
6337,采购商,福建省,茶叶,小型采购商,2023-01-08,36,False
6338,普通消费者,辽宁省,水产,个人,2025-01-04,23,False
6339,采购商,甘肃省,苹果,中型采购商,2020-11-15,36,False
6340,普通消费者,浙江省,茶叶,个人,2024-10-13,24,False
6341,采购商,广东省,龙眼,小型采购商,2022-08-16,27,False
6342,采购商,湖南省,水稻,小型采购商,2025-10-23,23,False
6343,采购商,新疆维吾尔自治区,哈密瓜,中型采购商,2024-05-03,20,False
6344,普通消费者,青海省,油菜,个人,2025-01-14,35,False
6345,采购商,河北省,梨,中型采购商,2025-07-13,7,True
6346,农户,重庆市,柑橘,小农户,2020-11-17,44,False
6347,普通消费者,广东省,龙眼,个人,2023-04-11,42,False
6348,农户,西藏自治区,中药材,小农户,2024-11-25,111,False
6349,农户,山东省,小麦,小农户,2023-08-13,49,False
6350,普通消费者,河北省,梨,个人,2021-01-20,38,False
6351,农技人员,山东省,蔬菜,农技服务站,2021-07-17,25,False
6352,农户,湖北省,柑橘,小农户,2022-02-14,50,False
6353,采购商,安徽省,茶叶,小型采购商,2024-03-13,20,False
6354,农技人员,河南省,小麦,农技服务站,2021-06-17,18,True
6355,普通消费者,湖南省,生猪,个人,2021-05-01,21,False
6356,农户,湖北省,莲藕,小农户,2023-07-11,20,False
6357,普通消费者,山东省,花生,个人,2024-07-17,56,False
6358,普通消费者,山东省,蔬菜,个人,2020-08-12,4,True
6359,农户,陕西省,猕猴桃,家庭农场,2022-06-09,53,False
6360,农户,辽宁省,水稻,小农户,2020-06-26,113,False
6361,采购商,陕西省,苹果,小型采购商,2023-05-18,42,False
6362,农户,广东省,龙眼,小农户,2023-07-02,56,False
6363,普通消费者,河南省,花生,个人,2024-03-21,180,False
6364,农户,广东省,龙眼,小农户,2024-09-04,21,False
6365,农户,河南省,花生,家庭农场,2022-02-16,39,False
6366,普通消费者,江苏省,水稻,个人,2022-02-04,31,False
6367,采购商,山东省,苹果,小型采购商,2023-04-19,50,False
6368,采购商,山东省,蔬菜,中型采购商,2024-11-08,120,False
6369,农技人员,广东省,荔枝,农技服务站,2025-02-05,31,False
6370,农户,甘肃省,小麦,家庭农场,2022-07-21,27,False
6371,农户,吉林省,玉米,家庭农场,2020-11-15,43,False
6372,农技人员,山西省,核桃,农技服务站,2020-09-01,51,False
6373,农户,黑龙江省,大豆,小农户,2025-01-28,23,False
6374,普通消费者,安徽省,蔬菜,个人,2022-09-24,32,False
6375,农户,福建省,水产,小农户,2022-03-27,20,False
6376,农户,湖北省,柑橘,小农户,2021-04-18,120,False
6377,农技人员,西藏自治区,青稞,农技服务站,2020-09-01,20,False
6378,农技人员,江西省,水稻,农技服务站,2024-09-17,8,True
6379,农户,江苏省,大闸蟹,小农户,2021-09-13,174,False
6380,农技人员,河南省,玉米,农技服务站,2020-04-01,36,False
6381,农户,新疆维吾尔自治区,棉花,家庭农场,2023-10-24,44,False
6382,农户,甘肃省,小麦,小农户,2025-07-06,37,False
6383,农户,浙江省,茶叶,合作社,2024-01-15,5,True
6384,农技人员,山东省,蔬菜,农技服务站,2025-10-10,199,False
6385,农户,福建省,柑橘,小农户,2021-05-19,20,False
6386,普通消费者,河南省,蔬菜,个人,2025-11-09,27,False
6387,农户,山东省,蔬菜,家庭农场,2025-04-08,20,False
6388,普通消费者,河北省,红枣,个人,2021-09-21,65,False
6389,农技人员,河南省,小麦,农技服务站,2023-02-22,20,False
6390,农户,天津市,水果,小农户,2021-01-23,62,False
6391,采购商,山东省,苹果,大型采购商,2025-10-10,15,True
6392,采购商,辽宁省,樱桃,中型采购商,2021-08-20,53,False
6393,农技人员,江西省,水稻,农技服务站,2022-06-28,21,False
6394,农技人员,黑龙江省,水稻,农技服务站,2023-11-06,20,False
6395,农户,河北省,红枣,小农户,2022-01-27,6,True
6396,农技人员,福建省,水产,农技服务站,2022-12-18,193,False
6397,农技人员,河南省,小麦,农技服务站,2020-09-21,39,False
6398,农户,黑龙江省,水稻,小农户,2023-05-28,21,False
6399,普通消费者,江西省,茶叶,个人,2023-06-22,34,False
6400,普通消费者,山东省,小麦,个人,2025-06-28,26,False
6401,农技人员,陕西省,红枣,农技服务站,2023-10-24,4,True
6402,农户,辽宁省,苹果,小农户,2021-07-28,20,False
6403,采购商,江苏省,蔬菜,中型采购商,2025-01-01,20,False
6404,普通消费者,山东省,苹果,个人,2023-11-15,119,False
6405,采购商,贵州省,茶叶,中型采购商,2022-08-23,37,False
6406,农户,江苏省,水果,小农户,2023-07-08,86,False
6407,普通消费者,河北省,梨,个人,2023-03-22,25,False
6408,农户,辽宁省,苹果,小农户,2025-07-08,25,False
6409,农技人员,辽宁省,苹果,农技服务站,2024-01-27,46,False
6410,普通消费者,四川省,柑橘,个人,2021-04-01,59,False
6411,普通消费者,湖北省,莲藕,个人,2023-04-07,185,False
6412,农技人员,福建省,柑橘,农技服务站,2024-08-13,28,False
6413,农技人员,广西壮族自治区,芒果,农技服务站,2021-06-17,27,False
6414,农户,浙江省,杨梅,小农户,2023-07-09,144,False
6415,农技人员,河南省,蔬菜,农技服务站,2022-09-16,42,False
6416,农户,四川省,猕猴桃,小农户,2023-11-09,20,False
6417,农户,江苏省,蔬菜,小农户,2022-11-21,116,False
6418,农户,四川省,水稻,家庭农场,2022-06-02,37,False
6419,采购商,河南省,玉米,小型采购商,2023-10-11,43,False
6420,普通消费者,河北省,红枣,个人,2025-02-07,46,False
6421,农技人员,甘肃省,苹果,农技服务站,2022-10-09,20,False
6422,采购商,北京市,花卉,小型采购商,2025-03-10,20,False
6423,农技人员,海南省,橡胶,农技服务站,2025-02-03,22,False
6424,普通消费者,陕西省,小麦,个人,2023-12-26,21,False
6425,普通消费者,河南省,小麦,个人,2022-09-20,190,False
6426,采购商,江苏省,大闸蟹,小型采购商,2022-04-22,34,False
6427,普通消费者,湖北省,柑橘,个人,2025-05-25,42,False
6428,采购商,河北省,玉米,中型采购商,2023-02-13,69,False
6429,农户,重庆市,生猪,家庭农场,2023-05-24,25,False
6430,采购商,福建省,柑橘,小型采购商,2024-07-21,25,False
6431,采购商,山西省,小麦,中型采购商,2025-01-21,58,False
6432,普通消费者,河南省,小麦,个人,2021-07-01,38,False
6433,采购商,湖北省,水稻,小型采购商,2025-09-25,198,False
6434,农户,浙江省,水产,小农户,2022-06-19,92,False
6435,采购商,湖南省,水稻,小型采购商,2023-09-08,62,False
6436,农户,贵州省,辣椒,小农户,2022-02-06,38,False
6437,普通消费者,青海省,青稞,个人,2024-12-06,20,False
6438,普通消费者,陕西省,苹果,个人,2025-03-10,20,False
6439,普通消费者,四川省,水稻,个人,2023-03-26,20,False
6440,农户,河南省,小麦,合作社,2022-10-05,46,False
6441,农技人员,山东省,苹果,农技服务站,2021-04-04,59,False
6442,采购商,天津市,蔬菜,中型采购商,2020-01-13,16,True
6443,农户,吉林省,大豆,小农户,2022-11-14,13,True
6444,普通消费者,河南省,花生,个人,2023-05-03,80,False
6445,采购商,安徽省,蔬菜,小型采购商,2021-06-05,3,True
6446,农户,辽宁省,樱桃,合作社,2020-08-05,50,False
6447,采购商,重庆市,茶叶,小型采购商,2025-12-26,59,False
6448,农技人员,河南省,小麦,农技服务站,2025-03-27,24,False
6449,农户,江苏省,水果,小农户,2021-05-02,198,False
6450,采购商,浙江省,柑橘,小型采购商,2023-02-04,158,False
6451,农户,广东省,龙眼,小农户,2025-03-07,20,False
6452,农技人员,四川省,猕猴桃,农技服务站,2023-09-26,165,False
6453,农户,江苏省,蔬菜,小农户,2024-06-19,50,False
6454,农技人员,河南省,花生,农技服务站,2021-10-19,40,False
6455,农户,贵州省,茶叶,小农户,2022-12-12,34,False
6456,普通消费者,吉林省,水稻,个人,2024-01-15,40,False
6457,采购商,山东省,花生,小型采购商,2025-05-01,38,False
6458,农技人员,山西省,小米,农技服务站,2020-08-26,62,False
6459,农户,江西省,油茶,小农户,2022-09-20,63,False
6460,采购商,云南省,水果,小型采购商,2023-10-16,175,False
6461,采购商,山东省,蔬菜,小型采购商,2021-01-09,43,False
6462,农户,广东省,荔枝,小农户,2020-07-28,50,False
6463,普通消费者,山东省,蔬菜,个人,2023-04-11,42,False
6464,普通消费者,黑龙江省,水稻,个人,2022-12-05,187,False
6465,农户,湖南省,柑橘,家庭农场,2021-03-18,26,False
6466,普通消费者,宁夏回族自治区,枸杞,个人,2022-01-23,48,False
6467,采购商,重庆市,茶叶,小型采购商,2022-12-20,20,False
6468,农户,四川省,柑橘,家庭农场,2025-01-01,7,True
6469,农户,河北省,玉米,小农户,2025-03-09,56,False
6470,农户,辽宁省,水产,小农户,2025-04-11,20,False
6471,农户,江苏省,水果,小农户,2023-07-06,38,False
6472,普通消费者,陕西省,红枣,个人,2023-12-16,21,False
6473,农户,山西省,小麦,小农户,2022-04-13,9,True
6474,农户,河南省,蔬菜,小农户,2020-07-08,110,False
6475,农户,山东省,蔬菜,合作社,2025-06-14,43,False
6476,采购商,湖南省,生猪,中型采购商,2021-07-06,32,False
6477,农户,黑龙江省,小麦,家庭农场,2023-04-18,20,False
6478,农户,江苏省,大闸蟹,小农户,2023-03-20,40,False
6479,农户,河南省,玉米,小农户,2025-02-07,24,False
6480,普通消费者,河南省,玉米,个人,2021-06-20,129,False
6481,农户,江西省,茶叶,合作社,2020-12-22,9,True
6482,农户,河南省,花生,合作社,2021-10-05,51,False
6483,农户,湖北省,水稻,小农户,2025-10-08,33,False
6484,农户,甘肃省,苹果,小农户,2023-03-23,168,False
6485,农户,辽宁省,水产,小农户,2022-04-28,40,False
6486,普通消费者,广西壮族自治区,柑橘,个人,2021-12-17,20,False
6487,采购商,安徽省,水稻,中型采购商,2024-01-11,24,False
6488,农户,辽宁省,水稻,小农户,2023-06-19,26,False
6489,农技人员,西藏自治区,牦牛,农技服务站,2023-03-08,50,False
6490,采购商,河南省,小麦,小型采购商,2024-07-28,151,False
6491,农技人员,黑龙江省,玉米,农技服务站,2023-11-15,76,False
6492,采购商,云南省,花卉,中型采购商,2020-05-18,22,False
6493,农户,辽宁省,水稻,小农户,2025-07-19,56,False
6494,普通消费者,湖北省,水稻,个人,2025-03-11,166,False
6495,采购商,黑龙江省,玉米,大型采购商,2020-02-24,20,False
6496,普通消费者,甘肃省,苹果,个人,2025-07-06,20,False
6497,普通消费者,山东省,花生,个人,2023-07-21,20,False
6498,普通消费者,北京市,水果,个人,2020-12-11,20,False
6499,农户,四川省,柑橘,小农户,2022-03-27,20,False
6500,普通消费者,云南省,花卉,个人,2020-07-11,40,False
6501,采购商,广东省,蔬菜,中型采购商,2022-04-10,169,False
6502,采购商,山西省,红枣,小型采购商,2022-03-27,29,False
6503,农户,山东省,苹果,小农户,2023-09-08,40,False
6504,农户,重庆市,茶叶,小农户,2020-12-06,46,False
6505,农户,广西壮族自治区,香蕉,小农户,2023-05-15,37,False
6506,农户,湖南省,生猪,小农户,2021-09-14,46,False
6507,普通消费者,四川省,水稻,个人,2023-09-03,31,False
6508,采购商,广西壮族自治区,甘蔗,小型采购商,2022-09-25,13,True
6509,采购商,江苏省,大闸蟹,小型采购商,2025-09-16,20,False
6510,采购商,四川省,猕猴桃,小型采购商,2020-01-22,172,False
6511,农户,河南省,玉米,家庭农场,2025-05-19,56,False
6512,农户,福建省,柑橘,小农户,2023-05-02,90,False
6513,农户,四川省,水稻,家庭农场,2022-11-07,12,True
6514,农户,四川省,水稻,小农户,2024-09-15,24,False
6515,农户,湖南省,生猪,小农户,2022-11-04,20,False
6516,农户,广东省,荔枝,小农户,2020-10-12,30,False
6517,采购商,重庆市,生猪,小型采购商,2021-02-11,20,False
6518,农技人员,山东省,小麦,农技服务站,2020-02-03,135,False
6519,农户,广西壮族自治区,甘蔗,小农户,2022-10-07,26,False
6520,农户,山东省,花生,合作社,2020-11-09,191,False
6521,农技人员,上海市,水果,农技服务站,2021-02-28,39,False
6522,农技人员,河北省,小麦,农技服务站,2021-03-01,39,False
6523,农户,四川省,猕猴桃,小农户,2025-12-06,21,False
6524,农户,河北省,小麦,家庭农场,2023-11-19,25,False
6525,普通消费者,广东省,龙眼,个人,2023-01-04,56,False
6526,普通消费者,安徽省,小麦,个人,2020-10-04,170,False
6527,普通消费者,云南省,茶叶,个人,2024-10-22,42,False
6528,农户,广西壮族自治区,香蕉,合作社,2020-10-05,80,False
6529,普通消费者,辽宁省,水产,个人,2022-12-03,59,False
6530,采购商,山西省,红枣,中型采购商,2022-11-07,58,False
6531,农户,四川省,茶叶,小农户,2025-03-16,20,False
6532,普通消费者,湖南省,生猪,个人,2023-05-18,3,True
6533,农户,四川省,柑橘,小农户,2025-03-23,98,False
6534,普通消费者,河南省,蔬菜,个人,2023-08-16,48,False
6535,农户,浙江省,水产,小农户,2020-08-01,32,False
6536,普通消费者,广东省,荔枝,个人,2024-10-26,25,False
6537,农户,广西壮族自治区,柑橘,小农户,2020-06-15,36,False
6538,农户,河南省,玉米,家庭农场,2023-02-27,53,False
6539,采购商,四川省,茶叶,中型采购商,2021-10-26,173,False
6540,农户,山东省,花生,小农户,2025-09-28,42,False
6541,采购商,贵州省,茶叶,大型采购商,2020-09-09,8,True
6542,采购商,广西壮族自治区,柑橘,中型采购商,2025-08-13,107,False
6543,普通消费者,四川省,蔬菜,个人,2023-04-26,21,False
6544,普通消费者,安徽省,茶叶,个人,2020-07-13,48,False
6545,采购商,河北省,小麦,中型采购商,2022-06-01,24,False
6546,农户,四川省,水稻,家庭农场,2020-09-07,20,False
6547,农户,四川省,蔬菜,家庭农场,2020-06-12,198,False
6548,农户,黑龙江省,玉米,家庭农场,2021-05-07,36,False
6549,农户,浙江省,柑橘,小农户,2024-10-02,28,False
6550,农户,山东省,苹果,家庭农场,2022-10-18,29,False
6551,农技人员,广东省,荔枝,农技服务站,2021-03-27,137,False
6552,农技人员,福建省,茶叶,农技服务站,2020-08-14,48,False
6553,农户,海南省,水产,家庭农场,2022-04-27,20,False
6554,采购商,河南省,小麦,小型采购商,2023-06-21,190,False
6555,农户,河南省,花生,小农户,2024-04-27,80,False
6556,农户,河南省,小麦,小农户,2023-05-18,20,False
6557,普通消费者,甘肃省,小麦,个人,2022-04-25,24,False
6558,普通消费者,甘肃省,中药材,个人,2022-11-23,143,False
6559,农户,安徽省,小麦,小农户,2024-02-06,18,True
6560,农户,吉林省,玉米,小农户,2024-02-28,1,True
6561,农户,山东省,苹果,小农户,2021-05-04,131,False
6562,农户,江西省,水稻,小农户,2022-08-23,39,False
6563,普通消费者,浙江省,水产,个人,2023-02-19,13,True
6564,农户,广东省,荔枝,小农户,2024-05-24,44,False
6565,普通消费者,湖南省,水稻,个人,2023-11-05,31,False
6566,农户,湖北省,水产,小农户,2020-01-11,32,False
6567,采购商,新疆维吾尔自治区,棉花,小型采购商,2023-01-24,146,False
6568,采购商,内蒙古自治区,小麦,小型采购商,2022-10-05,170,False
6569,农技人员,江苏省,水果,农技服务站,2022-10-19,188,False
6570,农户,安徽省,茶叶,小农户,2024-02-18,8,True
6571,农技人员,福建省,水产,农技服务站,2020-11-10,40,False
6572,农户,广西壮族自治区,柑橘,家庭农场,2023-04-13,29,False
6573,采购商,辽宁省,苹果,中型采购商,2023-06-08,66,False
6574,农技人员,江苏省,水果,农技服务站,2021-02-17,50,False
6575,采购商,河南省,小麦,小型采购商,2022-10-06,51,False
6576,农技人员,黑龙江省,大豆,农技服务站,2021-05-13,20,False
6577,采购商,江苏省,大闸蟹,小型采购商,2023-08-13,31,False
6578,普通消费者,北京市,水果,个人,2020-02-01,28,False
6579,普通消费者,甘肃省,小麦,个人,2024-11-06,20,False
6580,农户,浙江省,水产,小农户,2021-10-07,39,False
6581,农户,陕西省,苹果,家庭农场,2022-12-10,25,False
6582,农户,广东省,蔬菜,小农户,2021-12-09,45,False
6583,普通消费者,浙江省,茶叶,个人,2024-02-09,20,False
6584,农技人员,西藏自治区,青稞,农技服务站,2024-12-13,78,False
6585,普通消费者,河南省,玉米,个人,2020-06-22,82,False
6586,农技人员,湖北省,水稻,农技服务站,2024-01-26,21,False
6587,农技人员,河北省,红枣,农技服务站,2020-02-12,8,True
6588,普通消费者,广东省,香蕉,个人,2022-02-06,36,False
6589,农户,西藏自治区,中药材,小农户,2022-02-17,49,False
6590,普通消费者,福建省,茶叶,个人,2022-11-16,24,False
6591,采购商,山东省,小麦,小型采购商,2022-04-17,85,False
6592,普通消费者,安徽省,水稻,个人,2025-12-26,17,True
6593,农技人员,湖北省,莲藕,农技服务站,2022-01-02,50,False
6594,农户,云南省,水果,家庭农场,2025-11-27,20,False
6595,农户,广东省,蔬菜,小农户,2023-02-09,68,False
6596,农户,广东省,香蕉,家庭农场,2020-07-24,33,False
6597,采购商,湖南省,水稻,中型采购商,2024-12-06,113,False
6598,采购商,湖南省,茶叶,小型采购商,2024-03-23,24,False
6599,农户,河北省,玉米,小农户,2023-02-09,130,False
6600,农户,河北省,梨,家庭农场,2024-07-10,2,True
6601,农户,广西壮族自治区,柑橘,小农户,2025-09-26,28,False
6602,普通消费者,江苏省,水果,个人,2021-08-17,49,False
6603,普通消费者,福建省,水产,个人,2023-07-11,24,False
6604,农户,江苏省,水果,家庭农场,2022-06-04,137,False
6605,农户,甘肃省,中药材,小农户,2021-07-27,22,False
6606,普通消费者,云南省,咖啡,个人,2021-10-08,128,False
6607,农技人员,浙江省,水产,农技服务站,2022-05-11,29,False
6608,农户,广东省,香蕉,小农户,2024-10-08,20,False
6609,农户,浙江省,柑橘,小农户,2022-11-06,80,False
6610,农户,福建省,水产,小农户,2022-05-16,125,False
6611,农技人员,陕西省,猕猴桃,农技服务站,2024-11-25,24,False
6612,普通消费者,四川省,蔬菜,个人,2025-11-15,50,False
6613,采购商,安徽省,蔬菜,小型采购商,2021-09-18,36,False
6614,采购商,新疆维吾尔自治区,红枣,小型采购商,2022-12-17,20,False
6615,采购商,辽宁省,水稻,小型采购商,2021-10-20,33,False
6616,农技人员,广西壮族自治区,芒果,农技服务站,2022-05-28,182,False
6617,农户,河南省,花生,家庭农场,2024-01-10,49,False
6618,农技人员,浙江省,茶叶,农技服务站,2024-12-15,30,False
6619,普通消费者,内蒙古自治区,羊肉,个人,2023-03-10,60,False
6620,农技人员,山东省,花生,农技服务站,2024-08-07,55,False
6621,普通消费者,山东省,花生,个人,2020-07-06,16,True
6622,农户,北京市,蔬菜,小农户,2024-12-16,52,False
6623,农户,陕西省,猕猴桃,合作社,2024-12-27,26,False
6624,农技人员,新疆维吾尔自治区,棉花,农技服务站,2023-03-10,20,False
6625,采购商,安徽省,蔬菜,小型采购商,2023-03-24,5,True
6626,农户,湖北省,柑橘,小农户,2023-07-21,198,False
6627,采购商,湖南省,生猪,小型采购商,2023-02-21,24,False
6628,采购商,浙江省,柑橘,小型采购商,2024-06-23,36,False
6629,普通消费者,西藏自治区,中药材,个人,2024-01-01,43,False
6630,农户,云南省,花卉,家庭农场,2021-05-11,20,False
6631,普通消费者,湖北省,水稻,个人,2020-06-11,32,False
6632,农户,河南省,小麦,小农户,2024-06-03,35,False
6633,普通消费者,海南省,橡胶,个人,2020-07-15,28,False
6634,农技人员,江西省,柑橘,农技服务站,2020-04-04,63,False
6635,农户,新疆维吾尔自治区,葡萄,小农户,2021-04-13,100,False
6636,农户,青海省,牦牛,合作社,2021-04-23,175,False
6637,采购商,河南省,小麦,小型采购商,2021-06-10,40,False
6638,农技人员,云南省,茶叶,农技服务站,2022-10-19,63,False
6639,农户,福建省,水产,小农户,2021-02-23,80,False
6640,农户,河北省,玉米,小农户,2021-03-02,9,True
6641,普通消费者,广东省,香蕉,个人,2022-07-26,104,False
6642,普通消费者,甘肃省,中药材,个人,2023-09-14,29,False
6643,采购商,吉林省,大豆,中型采购商,2024-09-04,13,True
6644,普通消费者,河南省,玉米,个人,2023-08-25,52,False
6645,农户,四川省,水稻,小农户,2024-05-05,75,False
6646,普通消费者,云南省,茶叶,个人,2024-03-09,63,False
6647,普通消费者,辽宁省,水稻,个人,2020-07-20,20,False
6648,农技人员,河南省,玉米,农技服务站,2024-08-05,92,False
6649,农户,四川省,蔬菜,小农户,2024-10-17,29,False
6650,普通消费者,宁夏回族自治区,枸杞,个人,2020-06-01,27,False
6651,普通消费者,江西省,茶叶,个人,2024-06-10,42,False
6652,农技人员,湖南省,水稻,农技服务站,2025-11-13,46,False
6653,普通消费者,四川省,水稻,个人,2020-06-22,114,False
6654,普通消费者,河北省,小麦,个人,2025-04-04,195,False
6655,农户,重庆市,生猪,小农户,2022-08-09,21,False
6656,农户,甘肃省,马铃薯,合作社,2022-05-19,34,False
6657,采购商,辽宁省,樱桃,中型采购商,2025-08-20,20,False
6658,农户,浙江省,茶叶,家庭农场,2020-04-13,68,False
6659,农技人员,湖南省,柑橘,农技服务站,2020-06-19,25,False
6660,采购商,贵州省,茶叶,大型采购商,2020-02-14,81,False
6661,农户,山东省,蔬菜,合作社,2023-01-20,34,False
6662,农户,江苏省,大闸蟹,家庭农场,2024-08-07,28,False
6663,农户,安徽省,水稻,合作社,2022-04-11,58,False
6664,采购商,宁夏回族自治区,枸杞,小型采购商,2021-06-14,20,False
6665,普通消费者,江西省,水稻,个人,2022-10-16,14,True
6666,农户,甘肃省,苹果,小农户,2020-11-13,32,False
6667,农户,广西壮族自治区,甘蔗,家庭农场,2025-08-25,31,False
6668,普通消费者,江苏省,水稻,个人,2025-10-07,26,False
6669,采购商,辽宁省,樱桃,中型采购商,2024-02-23,78,False
6670,普通消费者,河北省,小麦,个人,2024-11-12,21,False
6671,普通消费者,重庆市,茶叶,个人,2025-09-28,147,False
6672,普通消费者,四川省,柑橘,个人,2024-05-05,48,False
6673,农户,贵州省,辣椒,小农户,2024-11-11,39,False
6674,普通消费者,安徽省,水稻,个人,2021-08-01,62,False
6675,农技人员,云南省,花卉,农技服务站,2020-06-18,23,False
6676,农技人员,辽宁省,水稻,农技服务站,2024-06-07,22,False
6677,农技人员,河北省,小麦,农技服务站,2021-05-01,57,False
6678,农户,辽宁省,水稻,小农户,2020-12-03,40,False
6679,农户,内蒙古自治区,小麦,小农户,2020-01-02,145,False
6680,普通消费者,江苏省,水稻,个人,2025-12-05,20,False
6681,采购商,河北省,小麦,小型采购商,2025-10-10,25,False
6682,农户,江苏省,大闸蟹,家庭农场,2023-03-11,135,False
6683,农户,广东省,龙眼,家庭农场,2025-12-25,40,False
6684,采购商,湖北省,水稻,大型采购商,2020-10-07,50,False
6685,农户,山东省,小麦,小农户,2023-02-04,10,True
6686,农技人员,广东省,香蕉,农技服务站,2025-01-20,23,False
6687,农户,云南省,水果,家庭农场,2021-02-13,132,False
6688,普通消费者,福建省,茶叶,个人,2025-11-02,3,True
6689,农户,河南省,小麦,小农户,2023-10-27,20,False
6690,普通消费者,辽宁省,水产,个人,2025-08-08,43,False
6691,农技人员,辽宁省,樱桃,农技服务站,2023-09-10,8,True
6692,农户,湖南省,柑橘,小农户,2024-01-24,20,False
6693,采购商,辽宁省,水稻,大型采购商,2024-11-28,20,False
6694,普通消费者,四川省,蔬菜,个人,2022-01-20,20,False
6695,普通消费者,海南省,热带水果,个人,2024-11-03,49,False
6696,农户,河南省,蔬菜,小农户,2020-01-23,35,False
6697,农户,江苏省,水稻,合作社,2022-10-03,196,False
6698,农户,湖北省,水稻,小农户,2022-02-18,29,False
6699,农户,宁夏回族自治区,马铃薯,小农户,2023-05-08,66,False
6700,农户,山东省,蔬菜,小农户,2022-03-09,45,False
6701,农技人员,辽宁省,樱桃,农技服务站,2024-09-02,74,False
6702,农户,河南省,小麦,家庭农场,2023-03-13,20,False
6703,农户,辽宁省,水稻,小农户,2022-11-11,146,False
6704,普通消费者,青海省,牦牛,个人,2020-05-12,190,False
6705,农户,广西壮族自治区,柑橘,小农户,2020-03-09,108,False
6706,农户,山东省,蔬菜,小农户,2023-05-27,32,False
6707,农户,广东省,蔬菜,小农户,2025-01-28,20,False
6708,采购商,安徽省,小麦,大型采购商,2023-01-22,29,False
6709,农户,江苏省,水果,小农户,2025-08-20,29,False
6710,普通消费者,北京市,花卉,个人,2021-06-13,45,False
6711,农技人员,贵州省,茶叶,农技服务站,2020-04-12,15,True
6712,采购商,贵州省,中药材,小型采购商,2025-08-23,33,False
6713,农户,湖南省,水稻,合作社,2023-02-04,45,False
6714,农户,江苏省,蔬菜,家庭农场,2021-01-04,16,True
6715,普通消费者,宁夏回族自治区,小麦,个人,2022-03-05,127,False
6716,普通消费者,广西壮族自治区,柑橘,个人,2025-12-05,47,False
6717,采购商,黑龙江省,大豆,小型采购商,2023-02-14,174,False
6718,普通消费者,甘肃省,小麦,个人,2022-11-10,132,False
6719,采购商,四川省,水稻,小型采购商,2024-12-19,80,False
6720,农户,山东省,小麦,小农户,2023-03-08,28,False
6721,普通消费者,河北省,梨,个人,2025-06-17,20,False
6722,农户,江苏省,大闸蟹,小农户,2021-12-27,37,False
6723,普通消费者,河北省,梨,个人,2025-07-24,22,False
6724,农户,四川省,猕猴桃,小农户,2024-08-12,146,False
6725,采购商,浙江省,水产,中型采购商,2020-08-17,69,False
6726,农户,四川省,柑橘,家庭农场,2022-09-20,28,False
6727,农户,北京市,水果,家庭农场,2021-07-13,24,False
6728,农户,江苏省,水果,家庭农场,2025-08-04,26,False
6729,农技人员,湖南省,柑橘,农技服务站,2025-08-23,47,False
6730,农户,吉林省,人参,小农户,2023-08-17,30,False
6731,农户,山东省,蔬菜,家庭农场,2021-11-21,24,False
6732,采购商,吉林省,玉米,小型采购商,2023-06-28,76,False
6733,普通消费者,贵州省,猕猴桃,个人,2025-11-12,21,False
6734,农技人员,湖北省,水稻,农技服务站,2025-08-20,33,False
6735,农户,山西省,小米,家庭农场,2025-11-12,45,False
6736,农户,西藏自治区,青稞,小农户,2020-05-04,20,False
6737,农户,浙江省,柑橘,小农户,2021-10-21,42,False
6738,农户,陕西省,红枣,小农户,2022-06-26,20,False
6739,采购商,江苏省,水稻,小型采购商,2022-11-18,49,False
6740,农户,重庆市,生猪,小农户,2021-12-09,20,False
6741,农户,河北省,玉米,家庭农场,2020-03-05,3,True
6742,农户,江苏省,水果,小农户,2021-07-11,46,False
6743,农户,吉林省,玉米,家庭农场,2024-08-14,14,True
6744,农技人员,广东省,龙眼,农技服务站,2022-01-02,57,False
6745,普通消费者,宁夏回族自治区,小麦,个人,2024-06-13,50,False
6746,普通消费者,河南省,玉米,个人,2020-06-24,12,True
6747,农户,山西省,小麦,合作社,2020-11-24,37,False
6748,农户,福建省,食用菌,小农户,2022-03-07,29,False
6749,采购商,广东省,荔枝,大型采购商,2020-01-26,101,False
6750,农户,福建省,水产,小农户,2020-05-02,132,False
6751,农户,上海市,蔬菜,家庭农场,2020-12-27,24,False
6752,农户,浙江省,柑橘,家庭农场,2023-01-11,69,False
6753,农户,山东省,小麦,家庭农场,2021-05-06,23,False
6754,农技人员,四川省,猕猴桃,农技服务站,2021-02-26,20,False
6755,普通消费者,湖北省,柑橘,个人,2021-09-15,46,False
6756,普通消费者,安徽省,茶叶,个人,2024-10-07,22,False
6757,农技人员,江苏省,水果,农技服务站,2020-02-16,20,False
6758,普通消费者,陕西省,小麦,个人,2025-09-15,195,False
6759,农技人员,甘肃省,马铃薯,农技服务站,2020-02-03,84,False
6760,采购商,河南省,玉米,大型采购商,2024-04-12,101,False
6761,农户,湖北省,莲藕,小农户,2022-09-26,8,True
6762,采购商,广东省,蔬菜,中型采购商,2023-01-09,198,False
6763,普通消费者,河南省,小麦,个人,2023-12-24,20,False
6764,采购商,山东省,蔬菜,小型采购商,2024-10-16,4,True
6765,普通消费者,江苏省,水果,个人,2020-12-13,26,False
6766,采购商,四川省,茶叶,中型采购商,2020-01-05,189,False
6767,农技人员,云南省,咖啡,农技服务站,2022-05-03,31,False
6768,农户,黑龙江省,大豆,小农户,2020-03-20,37,False
6769,农技人员,甘肃省,苹果,农技服务站,2020-04-11,53,False
6770,普通消费者,河南省,蔬菜,个人,2021-05-13,43,False
6771,普通消费者,青海省,青稞,个人,2020-05-18,30,False
6772,普通消费者,新疆维吾尔自治区,棉花,个人,2024-10-02,120,False
6773,普通消费者,广西壮族自治区,柑橘,个人,2021-11-13,29,False
6774,农户,山东省,花生,小农户,2020-03-12,42,False
6775,农户,湖北省,水稻,小农户,2022-03-25,62,False
6776,普通消费者,安徽省,茶叶,个人,2021-09-09,15,True
6777,农户,新疆维吾尔自治区,红枣,小农户,2023-06-22,35,False
6778,农户,广东省,香蕉,家庭农场,2024-04-14,26,False
6779,农技人员,福建省,柑橘,农技服务站,2025-05-02,20,False
6780,采购商,黑龙江省,小麦,中型采购商,2023-11-04,20,False
6781,采购商,河南省,蔬菜,小型采购商,2023-07-21,46,False
6782,农技人员,四川省,蔬菜,农技服务站,2022-07-11,44,False
6783,农户,河南省,玉米,小农户,2022-01-20,44,False
6784,农技人员,吉林省,大豆,农技服务站,2023-01-20,31,False
6785,农户,山西省,小麦,家庭农场,2022-03-22,66,False
6786,普通消费者,江苏省,大闸蟹,个人,2023-10-08,25,False
6787,采购商,江西省,茶叶,大型采购商,2022-05-06,53,False
6788,农技人员,甘肃省,中药材,农技服务站,2025-12-25,32,False
6789,农户,福建省,柑橘,小农户,2022-01-22,24,False
6790,普通消费者,河北省,梨,个人,2024-09-04,44,False
6791,采购商,重庆市,柑橘,中型采购商,2024-01-20,40,False
6792,采购商,广东省,龙眼,小型采购商,2025-03-15,39,False
6793,农户,江苏省,大闸蟹,小农户,2022-10-09,34,False
6794,农技人员,黑龙江省,小麦,农技服务站,2021-03-05,32,False
6795,农户,浙江省,柑橘,小农户,2020-07-20,104,False
6796,普通消费者,河南省,蔬菜,个人,2022-06-04,13,True
6797,农户,陕西省,苹果,小农户,2024-07-06,80,False
6798,农户,安徽省,茶叶,家庭农场,2021-04-19,59,False
6799,普通消费者,四川省,猕猴桃,个人,2023-06-28,47,False
6800,采购商,湖南省,茶叶,大型采购商,2023-02-22,3,True
6801,农户,山西省,小米,小农户,2021-12-19,35,False
6802,采购商,河北省,红枣,小型采购商,2022-01-25,54,False
6803,农户,安徽省,茶叶,合作社,2020-07-15,191,False
6804,农技人员,甘肃省,苹果,农技服务站,2024-10-25,42,False
6805,普通消费者,安徽省,蔬菜,个人,2024-08-13,6,True
6806,农户,浙江省,杨梅,小农户,2024-06-22,33,False
6807,农户,湖北省,水稻,家庭农场,2021-11-09,117,False
6808,采购商,内蒙古自治区,羊肉,小型采购商,2020-08-15,28,False
6809,农户,山西省,红枣,小农户,2020-03-22,31,False
6810,普通消费者,山东省,花生,个人,2021-09-03,20,False
6811,普通消费者,江西省,水稻,个人,2021-05-15,36,False
6812,农技人员,山东省,蔬菜,农技服务站,2024-06-18,25,False
6813,采购商,四川省,柑橘,小型采购商,2023-02-01,73,False
6814,农户,天津市,蔬菜,合作社,2022-11-14,33,False
6815,普通消费者,陕西省,猕猴桃,个人,2020-12-15,157,False
6816,采购商,辽宁省,苹果,大型采购商,2023-04-26,20,False
6817,农户,湖北省,水稻,家庭农场,2022-04-08,161,False
6818,农技人员,山西省,核桃,农技服务站,2022-02-16,149,False
6819,采购商,山东省,蔬菜,小型采购商,2024-03-19,155,False
6820,普通消费者,广东省,荔枝,个人,2021-09-10,32,False
6821,农户,福建省,茶叶,家庭农场,2025-11-17,134,False
6822,采购商,浙江省,杨梅,中型采购商,2021-02-10,20,False
6823,采购商,江苏省,大闸蟹,小型采购商,2024-07-04,41,False
6824,农技人员,陕西省,小麦,农技服务站,2020-07-04,38,False
6825,农户,广东省,龙眼,小农户,2020-08-25,53,False
6826,采购商,广东省,蔬菜,小型采购商,2023-12-09,22,False
6827,农技人员,云南省,咖啡,农技服务站,2021-02-06,33,False
6828,普通消费者,吉林省,大豆,个人,2020-11-22,20,False
6829,普通消费者,山东省,花生,个人,2023-03-28,3,True
6830,采购商,河南省,玉米,小型采购商,2020-11-13,150,False
6831,普通消费者,辽宁省,水稻,个人,2025-12-18,47,False
6832,农户,海南省,热带水果,家庭农场,2020-10-27,42,False
6833,农户,广东省,荔枝,小农户,2022-06-26,13,True
6834,普通消费者,湖南省,茶叶,个人,2025-04-18,195,False
6835,普通消费者,四川省,蔬菜,个人,2023-03-28,42,False
6836,农户,浙江省,水产,家庭农场,2025-01-19,33,False
6837,农户,浙江省,茶叶,家庭农场,2023-04-14,40,False
6838,农户,河北省,梨,小农户,2024-03-07,73,False
6839,农户,辽宁省,水产,小农户,2021-05-07,148,False
6840,采购商,江西省,水稻,大型采购商,2023-08-14,28,False
6841,农户,重庆市,蔬菜,小农户,2025-11-23,109,False
6842,农技人员,湖南省,生猪,农技服务站,2023-03-17,35,False
6843,农户,黑龙江省,小麦,小农户,2021-11-11,20,False
6844,农户,宁夏回族自治区,小麦,小农户,2022-01-14,21,False
6845,农技人员,江苏省,大闸蟹,农技服务站,2024-05-18,34,False
6846,普通消费者,四川省,蔬菜,个人,2025-08-23,57,False
6847,农户,陕西省,红枣,小农户,2024-04-23,158,False
6848,农户,广东省,香蕉,家庭农场,2025-02-09,29,False
6849,农户,广东省,荔枝,小农户,2023-07-05,29,False
6850,农户,天津市,水产,小农户,2020-05-01,127,False
6851,农户,江西省,油茶,家庭农场,2023-01-07,27,False
6852,普通消费者,湖南省,柑橘,个人,2020-08-26,192,False
6853,农技人员,黑龙江省,小麦,农技服务站,2022-02-22,25,False
6854,采购商,湖南省,茶叶,中型采购商,2020-10-28,38,False
6855,农技人员,吉林省,水稻,农技服务站,2022-07-04,20,False
6856,农户,山东省,苹果,小农户,2024-03-19,62,False
6857,农户,山东省,小麦,小农户,2025-04-20,6,True
6858,采购商,浙江省,茶叶,中型采购商,2020-05-15,23,False
6859,采购商,内蒙古自治区,羊肉,中型采购商,2020-12-12,121,False
6860,农户,湖北省,柑橘,家庭农场,2020-05-20,143,False
6861,农户,陕西省,红枣,小农户,2024-05-10,47,False
6862,农户,河南省,玉米,家庭农场,2025-09-18,193,False
6863,采购商,湖南省,水稻,中型采购商,2020-04-23,20,False
6864,农户,四川省,柑橘,小农户,2021-01-04,46,False
6865,农户,江西省,茶叶,家庭农场,2025-05-26,46,False
6866,农户,辽宁省,樱桃,家庭农场,2022-02-16,40,False
6867,采购商,辽宁省,樱桃,小型采购商,2025-11-21,20,False
6868,普通消费者,辽宁省,水产,个人,2020-09-24,186,False
6869,普通消费者,辽宁省,樱桃,个人,2020-07-22,14,True
6870,采购商,福建省,柑橘,小型采购商,2023-08-21,37,False
6871,农户,山东省,苹果,小农户,2020-03-28,20,False
6872,农技人员,广东省,蔬菜,农技服务站,2024-11-16,178,False
6873,采购商,黑龙江省,玉米,小型采购商,2022-04-26,29,False
6874,农户,江西省,水稻,家庭农场,2025-04-12,55,False
6875,普通消费者,陕西省,小麦,个人,2021-10-19,49,False
6876,农户,黑龙江省,大豆,小农户,2025-05-20,33,False
6877,农户,湖北省,莲藕,家庭农场,2022-06-01,20,False
6878,采购商,四川省,柑橘,中型采购商,2022-08-05,45,False
6879,农户,广东省,香蕉,小农户,2025-02-01,33,False
6880,采购商,广东省,龙眼,大型采购商,2021-08-13,120,False
6881,普通消费者,上海市,水果,个人,2024-11-02,168,False
6882,农户,浙江省,柑橘,小农户,2024-06-18,20,False
6883,农户,河南省,小麦,小农户,2020-11-23,168,False
6884,普通消费者,江西省,茶叶,个人,2022-05-18,142,False
6885,采购商,四川省,猕猴桃,小型采购商,2020-12-27,48,False
6886,普通消费者,湖北省,柑橘,个人,2025-03-06,32,False
6887,采购商,湖北省,水稻,小型采购商,2022-12-21,60,False
6888,普通消费者,广东省,荔枝,个人,2020-04-06,9,True
6889,农户,四川省,茶叶,小农户,2020-01-05,192,False
6890,采购商,河南省,花生,中型采购商,2023-06-12,94,False
6891,农户,河南省,小麦,家庭农场,2023-10-14,20,False
6892,普通消费者,广西壮族自治区,柑橘,个人,2025-01-26,20,False
6893,农户,湖北省,水产,小农户,2024-10-20,38,False
6894,普通消费者,湖北省,水产,个人,2021-02-28,38,False
6895,农户,福建省,食用菌,小农户,2025-10-12,199,False
6896,农户,河南省,玉米,小农户,2025-06-28,20,False
6897,采购商,广西壮族自治区,芒果,大型采购商,2020-05-16,20,False
6898,农户,湖南省,柑橘,家庭农场,2024-12-27,80,False
6899,普通消费者,北京市,花卉,个人,2022-09-14,143,False
6900,农技人员,安徽省,茶叶,农技服务站,2025-08-16,28,False
6901,农户,福建省,食用菌,合作社,2020-07-15,47,False
6902,普通消费者,湖南省,茶叶,个人,2022-02-04,23,False
6903,采购商,江苏省,大闸蟹,大型采购商,2022-07-17,20,False
6904,农户,河南省,花生,小农户,2024-08-20,30,False
6905,普通消费者,福建省,食用菌,个人,2025-07-14,168,False
6906,普通消费者,浙江省,柑橘,个人,2024-06-02,28,False
6907,农户,山东省,花生,小农户,2025-11-06,20,False
6908,农户,江苏省,水稻,小农户,2021-09-01,27,False
6909,普通消费者,广西壮族自治区,芒果,个人,2025-07-27,31,False
6910,农技人员,广东省,荔枝,农技服务站,2022-09-15,37,False
6911,普通消费者,辽宁省,水稻,个人,2025-02-05,30,False
6912,普通消费者,广东省,龙眼,个人,2025-09-11,20,False
6913,采购商,新疆维吾尔自治区,葡萄,中型采购商,2025-05-19,42,False
6914,普通消费者,江西省,水稻,个人,2023-10-12,20,False
6915,农户,云南省,咖啡,小农户,2024-12-16,20,False
6916,农户,山东省,苹果,小农户,2020-02-18,10,True
6917,普通消费者,湖北省,水稻,个人,2020-02-10,134,False
6918,农户,湖南省,水稻,小农户,2024-12-04,86,False
6919,农户,四川省,猕猴桃,家庭农场,2023-11-28,47,False
6920,采购商,山西省,核桃,小型采购商,2025-06-20,42,False
6921,普通消费者,河南省,花生,个人,2022-10-24,32,False
6922,农户,广西壮族自治区,柑橘,小农户,2024-05-27,17,True
6923,农户,辽宁省,水产,小农户,2024-01-27,20,False
6924,农技人员,江苏省,水稻,农技服务站,2025-06-10,23,False
6925,普通消费者,山东省,苹果,个人,2024-04-15,29,False
6926,农技人员,湖北省,水稻,农技服务站,2023-10-13,20,False
6927,农户,新疆维吾尔自治区,红枣,小农户,2025-07-19,22,False
6928,农户,浙江省,茶叶,小农户,2024-05-26,106,False
6929,农户,安徽省,茶叶,小农户,2022-09-06,45,False
6930,采购商,陕西省,猕猴桃,大型采购商,2023-10-27,67,False
6931,普通消费者,浙江省,杨梅,个人,2024-01-14,188,False
6932,农技人员,河南省,蔬菜,农技服务站,2020-01-01,26,False
6933,农户,吉林省,水稻,小农户,2024-05-12,170,False
6934,普通消费者,安徽省,茶叶,个人,2023-04-23,48,False
6935,农户,河南省,花生,合作社,2025-07-07,20,False
6936,农户,新疆维吾尔自治区,葡萄,小农户,2020-04-24,46,False
6937,农技人员,陕西省,小麦,农技服务站,2020-02-18,22,False
6938,采购商,江西省,水稻,小型采购商,2021-04-26,38,False
6939,农户,江西省,柑橘,小农户,2020-05-08,29,False
6940,农户,山西省,小米,家庭农场,2020-03-16,64,False
6941,普通消费者,湖南省,柑橘,个人,2025-09-16,21,False
6942,采购商,四川省,蔬菜,中型采购商,2021-11-06,45,False
6943,农户,河北省,玉米,小农户,2020-05-10,28,False
6944,采购商,广西壮族自治区,芒果,小型采购商,2023-09-25,151,False
6945,农户,甘肃省,苹果,小农户,2020-05-05,30,False
6946,农户,辽宁省,苹果,小农户,2025-03-17,30,False
6947,农户,云南省,水果,小农户,2020-09-26,21,False
6948,普通消费者,青海省,油菜,个人,2020-04-16,32,False
6949,农户,广东省,龙眼,合作社,2020-06-24,32,False
6950,采购商,江苏省,水稻,小型采购商,2021-04-12,37,False
6951,农户,河北省,玉米,小农户,2025-06-28,34,False
6952,普通消费者,陕西省,小麦,个人,2024-06-10,49,False
6953,农户,浙江省,水产,小农户,2020-07-06,5,True
6954,普通消费者,吉林省,大豆,个人,2020-08-27,52,False
6955,农户,江苏省,蔬菜,家庭农场,2021-07-05,96,False
6956,农户,陕西省,红枣,小农户,2020-02-08,20,False
6957,普通消费者,浙江省,杨梅,个人,2020-10-05,90,False
6958,普通消费者,河北省,梨,个人,2022-05-22,154,False
6959,农户,安徽省,小麦,小农户,2023-03-22,87,False
6960,农户,广东省,香蕉,合作社,2025-02-15,132,False
6961,农户,广东省,荔枝,合作社,2023-06-04,118,False
6962,农户,湖南省,茶叶,小农户,2024-02-26,51,False
6963,农户,江苏省,水果,小农户,2022-01-18,20,False
6964,普通消费者,广东省,荔枝,个人,2023-09-10,44,False
6965,农户,安徽省,小麦,家庭农场,2025-10-20,123,False
6966,农户,广东省,龙眼,小农户,2023-03-24,45,False
6967,农技人员,山东省,小麦,农技服务站,2022-03-06,20,False
6968,农户,江苏省,水稻,家庭农场,2024-11-07,34,False
6969,农户,江苏省,大闸蟹,小农户,2023-03-02,26,False
6970,普通消费者,安徽省,茶叶,个人,2021-08-02,86,False
6971,普通消费者,广东省,龙眼,个人,2024-10-18,22,False
6972,采购商,湖北省,水产,小型采购商,2022-03-04,147,False
6973,农户,河北省,红枣,小农户,2025-09-26,65,False
6974,普通消费者,上海市,蔬菜,个人,2020-09-20,23,False
6975,普通消费者,云南省,茶叶,个人,2025-01-18,22,False
6976,普通消费者,福建省,茶叶,个人,2024-02-04,34,False
6977,采购商,广东省,荔枝,小型采购商,2025-09-08,46,False
6978,普通消费者,四川省,猕猴桃,个人,2021-04-22,175,False
6979,采购商,青海省,青稞,小型采购商,2022-04-07,30,False
6980,采购商,陕西省,小麦,小型采购商,2020-05-02,191,False
6981,采购商,上海市,蔬菜,小型采购商,2022-04-27,59,False
6982,普通消费者,内蒙古自治区,马铃薯,个人,2024-11-03,43,False
6983,普通消费者,湖北省,水稻,个人,2023-04-08,20,False
6984,采购商,四川省,蔬菜,中型采购商,2025-08-25,119,False
6985,农户,河北省,小麦,合作社,2020-03-03,101,False
6986,农户,辽宁省,水产,合作社,2020-01-05,25,False
6987,农户,青海省,油菜,小农户,2021-05-10,25,False
6988,农户,西藏自治区,牦牛,小农户,2024-11-27,5,True
6989,普通消费者,福建省,茶叶,个人,2020-10-15,42,False
6990,采购商,山东省,花生,小型采购商,2020-02-18,12,True
6991,农户,宁夏回族自治区,枸杞,小农户,2023-01-04,20,False
6992,农户,山东省,蔬菜,小农户,2023-06-03,2,True
6993,农户,浙江省,水产,家庭农场,2022-08-28,80,False
6994,采购商,重庆市,生猪,大型采购商,2021-09-09,137,False
6995,普通消费者,吉林省,玉米,个人,2025-12-18,43,False
6996,普通消费者,河北省,红枣,个人,2021-01-06,35,False
6997,采购商,四川省,柑橘,小型采购商,2021-08-05,59,False
6998,农户,山东省,苹果,家庭农场,2021-12-03,13,True
6999,农户,湖南省,茶叶,小农户,2023-11-10,80,False
7000,普通消费者,江西省,柑橘,个人,2021-10-06,51,False
7001,普通消费者,黑龙江省,玉米,个人,2025-11-09,53,False
7002,农户,四川省,蔬菜,小农户,2022-06-20,86,False
7003,农户,江苏省,蔬菜,合作社,2022-03-27,136,False
7004,农户,宁夏回族自治区,马铃薯,小农户,2023-12-28,35,False
7005,农技人员,陕西省,小麦,农技服务站,2020-08-10,30,False
7006,采购商,广东省,香蕉,大型采购商,2022-03-25,26,False
7007,采购商,河南省,小麦,小型采购商,2023-05-05,21,False
7008,采购商,河北省,红枣,小型采购商,2023-02-20,163,False
7009,普通消费者,四川省,柑橘,个人,2022-09-20,23,False
7010,普通消费者,四川省,茶叶,个人,2020-02-12,20,False
7011,农户,甘肃省,苹果,小农户,2020-02-25,31,False
7012,采购商,江西省,茶叶,中型采购商,2022-01-03,20,False
7013,采购商,广东省,蔬菜,中型采购商,2020-12-17,36,False
7014,农技人员,河北省,玉米,农技服务站,2022-09-23,32,False
7015,普通消费者,青海省,油菜,个人,2021-07-09,35,False
7016,采购商,湖北省,水产,中型采购商,2025-08-09,25,False
7017,采购商,重庆市,柑橘,中型采购商,2022-04-13,80,False
7018,普通消费者,江苏省,蔬菜,个人,2024-08-22,65,False
7019,农户,陕西省,小麦,小农户,2025-07-26,20,False
7020,农户,江苏省,水稻,家庭农场,2020-06-17,13,True
7021,普通消费者,河北省,梨,个人,2022-02-04,194,False
7022,采购商,广东省,龙眼,中型采购商,2023-08-03,37,False
7023,采购商,安徽省,小麦,小型采购商,2021-04-15,82,False
7024,普通消费者,广西壮族自治区,芒果,个人,2024-11-13,24,False
7025,农户,云南省,水果,小农户,2020-06-07,85,False
7026,采购商,广东省,荔枝,小型采购商,2025-01-03,20,False
7027,普通消费者,广东省,荔枝,个人,2024-08-06,20,False
7028,普通消费者,辽宁省,苹果,个人,2025-01-07,41,False
7029,农户,天津市,水产,小农户,2025-04-05,23,False
7030,普通消费者,广西壮族自治区,芒果,个人,2020-02-03,53,False
7031,普通消费者,甘肃省,中药材,个人,2025-08-01,54,False
7032,农户,广东省,蔬菜,小农户,2024-08-16,65,False
7033,农户,广东省,荔枝,合作社,2024-03-15,21,False
7034,农户,江苏省,水稻,小农户,2020-07-21,42,False
7035,采购商,湖北省,莲藕,小型采购商,2024-12-15,17,True
7036,农户,浙江省,水产,小农户,2020-09-01,45,False
7037,农户,山西省,红枣,家庭农场,2020-01-16,1,True
7038,农户,重庆市,蔬菜,小农户,2020-03-23,26,False
7039,普通消费者,甘肃省,马铃薯,个人,2022-02-28,22,False
7040,农户,海南省,热带水果,家庭农场,2024-02-24,74,False
7041,农户,广东省,荔枝,小农户,2023-08-14,37,False
7042,普通消费者,内蒙古自治区,马铃薯,个人,2020-05-20,45,False
7043,农户,黑龙江省,小麦,小农户,2021-09-05,21,False
7044,农户,福建省,食用菌,家庭农场,2024-06-17,20,False
7045,农户,湖北省,水稻,小农户,2023-01-28,24,False
7046,普通消费者,广东省,香蕉,个人,2024-07-11,31,False
7047,普通消费者,陕西省,猕猴桃,个人,2025-02-28,20,False
7048,普通消费者,山东省,小麦,个人,2022-11-17,15,True
7049,普通消费者,辽宁省,水稻,个人,2020-03-10,32,False
7050,农户,云南省,水果,小农户,2022-03-08,20,False
7051,农技人员,江苏省,水果,农技服务站,2023-02-28,20,False
7052,农户,四川省,水稻,小农户,2025-04-20,96,False
7053,农户,山东省,花生,小农户,2025-08-09,46,False
7054,普通消费者,河南省,蔬菜,个人,2024-01-16,158,False
7055,农户,重庆市,茶叶,家庭农场,2021-01-23,44,False
7056,农户,浙江省,水产,家庭农场,2023-03-19,27,False
7057,采购商,上海市,水产,中型采购商,2023-11-10,156,False
7058,农户,青海省,牦牛,小农户,2025-08-04,118,False
7059,普通消费者,安徽省,茶叶,个人,2022-11-17,173,False
7060,农户,湖南省,生猪,小农户,2020-04-23,161,False
7061,农技人员,浙江省,杨梅,农技服务站,2021-08-17,20,False
7062,农户,内蒙古自治区,小麦,家庭农场,2021-03-26,20,False
7063,农户,海南省,橡胶,家庭农场,2024-11-10,27,False
7064,普通消费者,云南省,咖啡,个人,2023-12-10,45,False
7065,农户,四川省,水稻,家庭农场,2021-11-04,109,False
7066,农户,江苏省,蔬菜,小农户,2021-09-18,52,False
7067,普通消费者,山东省,蔬菜,个人,2022-06-24,25,False
7068,农户,湖南省,柑橘,合作社,2024-10-24,20,False
7069,普通消费者,云南省,咖啡,个人,2022-10-21,37,False
7070,农户,贵州省,辣椒,家庭农场,2024-09-01,21,False
7071,农户,辽宁省,水产,小农户,2024-02-12,25,False
7072,农技人员,四川省,猕猴桃,农技服务站,2020-02-03,64,False
7073,普通消费者,山东省,花生,个人,2021-04-03,50,False
7074,采购商,河南省,小麦,小型采购商,2024-08-24,123,False
7075,农户,贵州省,中药材,小农户,2024-08-21,35,False
7076,农户,湖南省,柑橘,小农户,2022-02-02,20,False
7077,采购商,吉林省,玉米,小型采购商,2024-05-10,36,False
7078,农户,湖北省,柑橘,小农户,2020-11-13,56,False
7079,采购商,山东省,花生,中型采购商,2024-01-27,27,False
7080,农户,新疆维吾尔自治区,哈密瓜,家庭农场,2023-07-24,65,False
7081,采购商,山东省,蔬菜,小型采购商,2020-08-11,63,False
7082,采购商,新疆维吾尔自治区,红枣,大型采购商,2022-02-09,103,False
7083,农技人员,山西省,红枣,农技服务站,2024-04-01,76,False
7084,采购商,黑龙江省,小麦,大型采购商,2022-04-17,38,False
7085,普通消费者,广西壮族自治区,甘蔗,个人,2023-08-10,44,False
7086,农户,福建省,食用菌,合作社,2020-06-18,67,False
7087,农技人员,广东省,香蕉,农技服务站,2023-06-05,41,False
7088,普通消费者,湖北省,柑橘,个人,2025-05-11,138,False
7089,普通消费者,福建省,柑橘,个人,2021-05-11,25,False
7090,农户,广西壮族自治区,芒果,小农户,2020-01-04,26,False
7091,采购商,湖南省,水稻,中型采购商,2023-08-17,37,False
7092,农户,河南省,小麦,家庭农场,2023-12-20,20,False
7093,农户,山东省,花生,小农户,2021-04-19,30,False
7094,农户,重庆市,柑橘,小农户,2025-11-05,57,False
7095,采购商,上海市,水产,小型采购商,2025-03-28,20,False
7096,农技人员,河南省,蔬菜,农技服务站,2025-12-07,71,False
7097,普通消费者,河南省,花生,个人,2024-12-27,58,False
7098,农户,广东省,荔枝,家庭农场,2020-02-15,26,False
7099,农技人员,江西省,茶叶,农技服务站,2024-04-14,43,False
7100,农户,福建省,柑橘,小农户,2020-06-14,33,False
7101,农户,福建省,水产,小农户,2020-04-11,193,False
7102,采购商,浙江省,茶叶,大型采购商,2022-05-18,179,False
7103,普通消费者,江苏省,大闸蟹,个人,2025-08-07,61,False
7104,普通消费者,河南省,玉米,个人,2020-07-03,54,False
7105,农户,安徽省,小麦,合作社,2023-11-18,20,False
7106,采购商,福建省,柑橘,中型采购商,2023-08-11,44,False
7107,农户,江西省,柑橘,小农户,2024-08-28,200,False
7108,农户,吉林省,人参,家庭农场,2020-11-21,29,False
7109,采购商,江苏省,水果,中型采购商,2024-05-10,10,True
7110,普通消费者,广东省,荔枝,个人,2020-02-11,34,False
7111,采购商,福建省,食用菌,大型采购商,2021-07-24,92,False
7112,农技人员,湖南省,水稻,农技服务站,2025-04-25,111,False
7113,农户,江西省,水稻,小农户,2021-03-20,23,False
7114,农技人员,浙江省,茶叶,农技服务站,2021-12-02,174,False
7115,普通消费者,黑龙江省,小麦,个人,2020-11-22,79,False
7116,农户,江苏省,蔬菜,小农户,2021-01-01,55,False
7117,农户,江苏省,水果,家庭农场,2023-05-04,22,False
7118,农户,湖南省,茶叶,家庭农场,2024-04-04,20,False
7119,农户,河南省,花生,小农户,2021-12-14,27,False
7120,农户,广西壮族自治区,香蕉,家庭农场,2023-07-28,2,True
7121,农户,山西省,核桃,小农户,2025-07-14,41,False
7122,普通消费者,福建省,食用菌,个人,2020-09-12,37,False
7123,农技人员,上海市,水果,农技服务站,2024-10-14,61,False
7124,普通消费者,广西壮族自治区,柑橘,个人,2023-05-16,49,False
7125,农户,陕西省,苹果,小农户,2022-01-22,53,False
7126,农户,福建省,食用菌,小农户,2021-06-19,38,False
7127,农户,四川省,水稻,小农户,2025-03-01,142,False
7128,农户,辽宁省,苹果,小农户,2025-11-19,20,False
7129,农户,山东省,苹果,小农户,2024-04-18,93,False
7130,普通消费者,河北省,玉米,个人,2020-07-11,17,True
7131,普通消费者,湖北省,莲藕,个人,2023-07-24,17,True
7132,农户,河北省,红枣,家庭农场,2022-12-05,30,False
7133,农户,安徽省,水稻,小农户,2025-09-20,56,False
7134,农技人员,山西省,小麦,农技服务站,2023-06-26,32,False
7135,农技人员,湖北省,水稻,农技服务站,2021-02-28,42,False
7136,普通消费者,山西省,红枣,个人,2020-04-11,28,False
7137,普通消费者,广西壮族自治区,香蕉,个人,2021-06-11,20,False
7138,普通消费者,湖南省,茶叶,个人,2020-02-28,31,False
7139,农户,湖南省,生猪,家庭农场,2022-02-13,38,False
7140,农户,河南省,小麦,家庭农场,2022-09-23,23,False
7141,农户,山东省,蔬菜,小农户,2021-06-01,29,False
7142,农户,四川省,茶叶,小农户,2024-07-28,20,False
7143,农技人员,江苏省,蔬菜,农技服务站,2025-12-10,57,False
7144,农户,陕西省,猕猴桃,小农户,2023-04-20,164,False
7145,农户,云南省,咖啡,合作社,2024-09-16,115,False
7146,普通消费者,山西省,核桃,个人,2020-04-25,3,True
7147,农户,云南省,水果,小农户,2024-12-22,28,False
7148,采购商,辽宁省,水产,中型采购商,2021-09-16,68,False
7149,农户,甘肃省,马铃薯,小农户,2020-03-11,71,False
7150,采购商,河北省,玉米,小型采购商,2020-01-14,31,False
7151,农技人员,山西省,小麦,农技服务站,2023-07-12,20,False
7152,农户,陕西省,苹果,家庭农场,2023-11-02,194,False
7153,采购商,河南省,蔬菜,小型采购商,2025-08-15,20,False
7154,普通消费者,四川省,蔬菜,个人,2022-04-19,20,False
7155,农户,云南省,茶叶,小农户,2025-01-01,20,False
7156,普通消费者,广东省,龙眼,个人,2022-12-25,65,False
7157,农技人员,江西省,油茶,农技服务站,2021-11-24,184,False
7158,普通消费者,四川省,水稻,个人,2025-01-14,35,False
7159,农户,湖南省,茶叶,小农户,2024-05-16,40,False
7160,农技人员,广西壮族自治区,香蕉,农技服务站,2024-09-17,124,False
7161,普通消费者,辽宁省,水产,个人,2024-12-12,20,False
7162,采购商,山东省,小麦,大型采购商,2020-08-20,133,False
7163,农户,新疆维吾尔自治区,棉花,合作社,2024-12-06,20,False
7164,采购商,福建省,食用菌,小型采购商,2024-11-28,51,False
7165,采购商,河南省,玉米,中型采购商,2025-09-13,38,False
7166,普通消费者,福建省,食用菌,个人,2021-01-01,30,False
7167,普通消费者,北京市,水果,个人,2020-11-08,192,False
7168,农户,山东省,苹果,小农户,2021-01-24,43,False
7169,农技人员,内蒙古自治区,羊肉,农技服务站,2021-06-06,116,False
7170,采购商,湖北省,水稻,小型采购商,2025-10-14,89,False
7171,普通消费者,福建省,柑橘,个人,2025-10-16,11,True
7172,农户,天津市,水果,小农户,2020-03-23,75,False
7173,农技人员,河北省,玉米,农技服务站,2020-11-28,29,False
7174,农户,江苏省,水稻,合作社,2025-04-28,34,False
7175,采购商,北京市,花卉,中型采购商,2025-05-18,162,False
7176,采购商,安徽省,茶叶,小型采购商,2020-03-28,86,False
7177,农户,云南省,茶叶,小农户,2020-03-09,36,False
7178,采购商,四川省,茶叶,中型采购商,2021-04-26,80,False
7179,农户,四川省,猕猴桃,家庭农场,2021-05-03,20,False
7180,采购商,山东省,花生,大型采购商,2023-03-28,16,True
7181,普通消费者,湖北省,莲藕,个人,2025-03-21,46,False
7182,农户,吉林省,人参,小农户,2022-09-25,31,False
7183,采购商,山西省,小麦,中型采购商,2020-12-16,43,False
7184,农技人员,山东省,蔬菜,农技服务站,2022-11-02,23,False
7185,采购商,广东省,蔬菜,中型采购商,2024-07-23,32,False
7186,采购商,山东省,花生,小型采购商,2023-02-09,47,False
7187,农户,湖南省,生猪,家庭农场,2023-03-27,80,False
7188,普通消费者,湖北省,莲藕,个人,2025-08-15,15,True
7189,农户,四川省,蔬菜,小农户,2021-12-21,180,False
7190,农户,浙江省,水产,小农户,2023-11-01,6,True
7191,采购商,福建省,水产,中型采购商,2025-05-10,49,False
7192,农技人员,西藏自治区,牦牛,农技服务站,2021-01-23,108,False
7193,采购商,河北省,小麦,小型采购商,2022-07-11,119,False
7194,采购商,山东省,花生,中型采购商,2025-05-20,21,False
7195,农技人员,广东省,龙眼,农技服务站,2025-03-01,26,False
7196,采购商,河南省,蔬菜,中型采购商,2020-11-22,26,False
7197,农户,海南省,水产,家庭农场,2024-06-26,121,False
7198,农技人员,陕西省,小麦,农技服务站,2022-04-01,20,False
7199,农户,天津市,水产,小农户,2024-02-08,28,False
7200,农户,宁夏回族自治区,马铃薯,小农户,2020-03-06,47,False
7201,农户,广东省,香蕉,家庭农场,2020-10-09,120,False
7202,农户,广西壮族自治区,香蕉,小农户,2022-10-05,20,False
7203,农技人员,河南省,花生,农技服务站,2023-08-14,18,True
7204,农户,江西省,水稻,小农户,2020-01-02,55,False
7205,农户,云南省,水果,小农户,2025-08-21,42,False
7206,采购商,内蒙古自治区,小麦,中型采购商,2025-11-08,22,False
7207,采购商,河南省,玉米,中型采购商,2024-08-27,30,False
7208,农技人员,福建省,水产,农技服务站,2024-10-26,73,False
7209,农户,山东省,花生,小农户,2025-07-18,47,False
7210,普通消费者,浙江省,柑橘,个人,2021-06-02,33,False
7211,普通消费者,安徽省,小麦,个人,2023-09-16,29,False
7212,采购商,山东省,苹果,小型采购商,2024-05-20,34,False
7213,采购商,重庆市,茶叶,小型采购商,2024-12-12,13,True
7214,农技人员,西藏自治区,青稞,农技服务站,2023-11-21,25,False
7215,农技人员,山西省,小麦,农技服务站,2023-08-15,20,False
7216,农技人员,云南省,水果,农技服务站,2023-11-23,80,False
7217,采购商,四川省,水稻,大型采购商,2020-06-21,35,False
7218,农户,湖南省,柑橘,小农户,2022-04-23,40,False
7219,农户,湖南省,茶叶,小农户,2020-01-23,32,False
7220,农户,青海省,油菜,小农户,2021-07-12,22,False
7221,农技人员,贵州省,茶叶,农技服务站,2024-09-27,30,False
7222,农户,河南省,花生,小农户,2021-06-16,20,False
7223,农技人员,内蒙古自治区,牛奶,农技服务站,2023-03-26,80,False
7224,采购商,江苏省,水稻,小型采购商,2024-11-23,20,False
7225,农户,辽宁省,水稻,小农户,2020-01-19,20,False
7226,采购商,河北省,红枣,大型采购商,2025-10-06,26,False
7227,普通消费者,辽宁省,水稻,个人,2025-01-11,9,True
7228,采购商,江苏省,水果,中型采购商,2022-12-20,63,False
7229,农户,内蒙古自治区,牛奶,小农户,2023-05-20,33,False
7230,农户,四川省,茶叶,家庭农场,2024-10-21,20,False
7231,农户,河南省,蔬菜,小农户,2023-12-22,11,True
7232,普通消费者,广东省,荔枝,个人,2020-03-16,15,True
7233,普通消费者,广西壮族自治区,香蕉,个人,2023-10-16,62,False
7234,采购商,陕西省,猕猴桃,大型采购商,2025-01-11,47,False
7235,农户,新疆维吾尔自治区,红枣,家庭农场,2025-01-04,146,False
7236,普通消费者,四川省,水稻,个人,2023-06-28,1,True
7237,农技人员,新疆维吾尔自治区,棉花,农技服务站,2022-06-17,124,False
7238,普通消费者,广东省,龙眼,个人,2021-05-09,43,False
7239,普通消费者,江苏省,大闸蟹,个人,2021-03-04,47,False
7240,普通消费者,青海省,青稞,个人,2022-02-07,80,False
7241,普通消费者,福建省,茶叶,个人,2023-07-19,80,False
7242,农户,四川省,蔬菜,小农户,2023-10-11,23,False
7243,农户,四川省,茶叶,小农户,2025-02-01,185,False
7244,普通消费者,湖南省,水稻,个人,2025-02-26,74,False
7245,普通消费者,江苏省,水稻,个人,2020-08-27,40,False
7246,农户,浙江省,柑橘,家庭农场,2021-02-09,42,False
7247,农技人员,甘肃省,小麦,农技服务站,2021-09-19,110,False
7248,农户,辽宁省,水稻,小农户,2021-02-17,20,False
7249,农户,新疆维吾尔自治区,哈密瓜,家庭农场,2024-02-05,30,False
7250,农户,陕西省,红枣,家庭农场,2024-10-14,22,False
7251,采购商,福建省,食用菌,小型采购商,2020-10-28,50,False
7252,普通消费者,吉林省,大豆,个人,2022-08-03,56,False
7253,农户,河北省,小麦,家庭农场,2022-05-17,20,False
7254,农技人员,四川省,茶叶,农技服务站,2023-03-08,2,True
7255,普通消费者,湖南省,水稻,个人,2024-11-10,32,False
7256,农户,山东省,苹果,家庭农场,2021-11-25,58,False
7257,普通消费者,四川省,茶叶,个人,2025-06-28,30,False
7258,普通消费者,内蒙古自治区,牛奶,个人,2020-06-20,17,True
7259,普通消费者,辽宁省,水产,个人,2023-06-16,47,False
7260,采购商,吉林省,人参,中型采购商,2021-10-04,119,False
7261,农技人员,广东省,龙眼,农技服务站,2024-10-02,39,False
7262,农户,河南省,蔬菜,家庭农场,2020-10-04,15,True
7263,农技人员,贵州省,中药材,农技服务站,2020-05-06,39,False
7264,采购商,河南省,小麦,小型采购商,2025-10-02,28,False
7265,采购商,云南省,花卉,小型采购商,2023-04-21,93,False
7266,普通消费者,上海市,蔬菜,个人,2020-10-18,20,False
7267,普通消费者,浙江省,柑橘,个人,2021-08-18,181,False
7268,农户,江苏省,大闸蟹,家庭农场,2025-03-17,20,False
7269,采购商,黑龙江省,小麦,小型采购商,2024-07-14,47,False
7270,农户,江西省,茶叶,合作社,2020-01-02,33,False
7271,普通消费者,福建省,食用菌,个人,2025-04-18,30,False
7272,农技人员,浙江省,茶叶,农技服务站,2020-06-09,26,False
7273,农技人员,陕西省,红枣,农技服务站,2023-09-04,28,False
7274,农户,湖北省,莲藕,家庭农场,2025-02-26,55,False
7275,农技人员,河北省,小麦,农技服务站,2022-11-25,180,False
7276,普通消费者,天津市,水产,个人,2023-07-03,164,False
7277,采购商,广东省,蔬菜,小型采购商,2020-07-12,28,False
7278,农户,湖南省,生猪,小农户,2022-05-28,20,False
7279,采购商,广东省,蔬菜,小型采购商,2023-07-14,48,False
7280,采购商,浙江省,茶叶,小型采购商,2021-05-10,182,False
7281,农户,山西省,小米,家庭农场,2021-03-13,29,False
7282,农户,内蒙古自治区,马铃薯,小农户,2023-02-10,33,False
7283,农户,河北省,红枣,小农户,2022-09-02,73,False
7284,普通消费者,河南省,花生,个人,2020-11-07,7,True
7285,农户,山东省,苹果,合作社,2020-03-16,32,False
7286,农技人员,江苏省,水果,农技服务站,2024-04-15,38,False
7287,农户,云南省,茶叶,小农户,2023-02-20,20,False
7288,普通消费者,福建省,柑橘,个人,2022-09-18,29,False
7289,普通消费者,青海省,青稞,个人,2025-04-04,44,False
7290,采购商,江苏省,水果,小型采购商,2024-08-10,20,False
7291,农户,湖北省,水产,小农户,2025-07-04,36,False
7292,农户,江苏省,水果,小农户,2020-07-04,34,False
7293,农户,江苏省,大闸蟹,小农户,2020-09-02,33,False
7294,农户,江苏省,大闸蟹,小农户,2022-03-17,110,False
7295,农户,广东省,荔枝,合作社,2020-11-15,13,True
7296,农户,山西省,核桃,小农户,2021-04-16,55,False
7297,农户,河南省,小麦,家庭农场,2023-10-04,39,False
7298,普通消费者,山东省,小麦,个人,2020-06-16,69,False
7299,农技人员,山西省,核桃,农技服务站,2020-12-20,9,True
7300,农户,河北省,小麦,小农户,2020-08-04,20,False
7301,农技人员,山东省,小麦,农技服务站,2022-02-10,35,False
7302,农户,安徽省,茶叶,小农户,2021-09-16,129,False
7303,农技人员,天津市,水产,农技服务站,2021-10-13,34,False
7304,农户,新疆维吾尔自治区,棉花,小农户,2021-09-17,128,False
7305,普通消费者,江苏省,大闸蟹,个人,2023-12-06,163,False
7306,普通消费者,吉林省,玉米,个人,2023-01-26,20,False
7307,普通消费者,广东省,香蕉,个人,2020-04-01,53,False
7308,农户,四川省,猕猴桃,家庭农场,2020-11-20,80,False
7309,农技人员,内蒙古自治区,小麦,农技服务站,2021-04-02,16,True
7310,采购商,浙江省,柑橘,中型采购商,2023-03-06,32,False
7311,农技人员,吉林省,大豆,农技服务站,2020-05-27,42,False
7312,普通消费者,浙江省,茶叶,个人,2022-10-02,34,False
7313,农户,河南省,玉米,小农户,2025-06-09,23,False
7314,农户,贵州省,猕猴桃,家庭农场,2024-08-07,20,False
7315,普通消费者,山东省,小麦,个人,2024-10-14,23,False
7316,农技人员,辽宁省,苹果,农技服务站,2025-01-20,20,False
7317,采购商,河南省,花生,大型采购商,2025-06-03,77,False
7318,采购商,山东省,花生,小型采购商,2020-10-20,169,False
7319,农户,浙江省,杨梅,家庭农场,2025-03-23,31,False
7320,农户,吉林省,人参,小农户,2023-03-18,27,False
7321,采购商,河南省,玉米,中型采购商,2021-06-28,51,False
7322,普通消费者,河南省,花生,个人,2024-05-12,151,False
7323,采购商,河南省,小麦,中型采购商,2022-08-11,20,False
7324,农户,湖北省,莲藕,小农户,2022-02-06,22,False
7325,普通消费者,河北省,梨,个人,2023-04-18,34,False
7326,农技人员,湖南省,生猪,农技服务站,2020-04-03,55,False
7327,农户,山东省,苹果,小农户,2025-12-17,42,False
7328,普通消费者,辽宁省,水稻,个人,2021-02-10,37,False
7329,农技人员,吉林省,大豆,农技服务站,2022-11-25,34,False
7330,普通消费者,湖北省,柑橘,个人,2024-07-17,151,False
7331,采购商,浙江省,杨梅,大型采购商,2021-01-20,200,False
7332,农户,广东省,香蕉,小农户,2020-06-03,40,False
7333,采购商,江苏省,水果,小型采购商,2020-07-18,36,False
7334,采购商,黑龙江省,大豆,大型采购商,2022-08-04,140,False
7335,普通消费者,湖南省,水稻,个人,2020-09-02,20,False
7336,农户,黑龙江省,水稻,小农户,2020-12-05,33,False
7337,农户,浙江省,柑橘,小农户,2023-10-17,20,False
7338,农户,福建省,食用菌,小农户,2021-03-14,160,False
7339,农户,广西壮族自治区,柑橘,小农户,2022-06-07,93,False
7340,农户,四川省,猕猴桃,小农户,2024-07-16,34,False
7341,农技人员,福建省,茶叶,农技服务站,2020-11-04,26,False
7342,普通消费者,山东省,蔬菜,个人,2023-09-10,80,False
7343,普通消费者,陕西省,小麦,个人,2021-06-12,32,False
7344,农技人员,江西省,柑橘,农技服务站,2021-12-13,152,False
7345,采购商,山东省,小麦,小型采购商,2024-08-08,20,False
7346,采购商,山东省,小麦,小型采购商,2021-08-18,30,False
7347,农技人员,贵州省,中药材,农技服务站,2020-03-07,42,False
7348,农户,青海省,油菜,小农户,2024-10-25,76,False
7349,农技人员,安徽省,水稻,农技服务站,2024-12-12,18,True
7350,农技人员,北京市,水果,农技服务站,2024-10-20,24,False
7351,采购商,上海市,水产,大型采购商,2020-11-19,20,False
7352,普通消费者,山西省,小麦,个人,2022-07-04,49,False
7353,普通消费者,山东省,苹果,个人,2020-03-10,11,True
7354,农户,内蒙古自治区,牛奶,小农户,2023-04-15,20,False
7355,农户,河南省,蔬菜,小农户,2024-10-20,26,False
7356,普通消费者,河北省,梨,个人,2024-12-09,29,False
7357,农户,河南省,小麦,小农户,2025-12-13,31,False
7358,普通消费者,山东省,小麦,个人,2023-04-26,46,False
7359,农技人员,浙江省,杨梅,农技服务站,2025-04-03,12,True
7360,农技人员,四川省,水稻,农技服务站,2021-11-02,178,False
7361,农户,江苏省,水果,小农户,2025-09-19,23,False
7362,农技人员,安徽省,小麦,农技服务站,2022-09-10,28,False
7363,普通消费者,河南省,花生,个人,2024-05-25,32,False
7364,采购商,河南省,蔬菜,小型采购商,2021-11-25,20,False
7365,普通消费者,山东省,苹果,个人,2025-05-02,35,False
7366,普通消费者,广西壮族自治区,甘蔗,个人,2022-02-26,175,False
7367,农户,四川省,水稻,小农户,2020-11-03,34,False
7368,采购商,湖北省,莲藕,中型采购商,2024-12-13,180,False
7369,农技人员,四川省,柑橘,农技服务站,2021-07-10,41,False
7370,农户,广东省,龙眼,家庭农场,2025-03-10,50,False
7371,采购商,广西壮族自治区,甘蔗,中型采购商,2021-05-01,40,False
7372,农户,广东省,香蕉,小农户,2025-04-19,41,False
7373,普通消费者,黑龙江省,小麦,个人,2024-11-11,20,False
7374,农户,贵州省,中药材,小农户,2021-01-19,18,True
7375,农户,河南省,蔬菜,小农户,2022-03-25,33,False
7376,农户,黑龙江省,水稻,小农户,2024-08-19,42,False
7377,采购商,江西省,茶叶,大型采购商,2020-11-11,47,False
7378,农户,江苏省,大闸蟹,小农户,2023-01-05,23,False
7379,农户,河南省,蔬菜,小农户,2020-09-13,8,True
7380,农技人员,湖北省,莲藕,农技服务站,2024-08-06,23,False
7381,农户,山东省,蔬菜,小农户,2020-06-08,24,False
7382,农户,河南省,玉米,小农户,2023-10-26,43,False
7383,农技人员,广东省,荔枝,农技服务站,2021-04-03,125,False
7384,农户,湖南省,柑橘,家庭农场,2024-12-10,55,False
7385,农技人员,湖南省,水稻,农技服务站,2022-05-07,20,False
7386,农户,河南省,花生,家庭农场,2020-04-03,27,False
7387,农户,江苏省,水果,小农户,2020-04-13,52,False
7388,普通消费者,陕西省,红枣,个人,2020-12-10,35,False
7389,农户,云南省,花卉,小农户,2022-11-07,145,False
7390,采购商,广西壮族自治区,香蕉,中型采购商,2024-04-23,31,False
7391,普通消费者,浙江省,水产,个人,2023-06-18,29,False
7392,采购商,浙江省,茶叶,中型采购商,2023-01-22,48,False
7393,农户,湖南省,水稻,小农户,2025-12-21,9,True
7394,农户,江苏省,水果,小农户,2020-08-11,13,True
7395,农户,河北省,小麦,合作社,2025-05-19,38,False
7396,农户,四川省,猕猴桃,小农户,2024-11-13,80,False
7397,普通消费者,北京市,蔬菜,个人,2023-03-24,13,True
7398,普通消费者,广东省,香蕉,个人,2022-04-13,21,False
7399,农技人员,上海市,水果,农技服务站,2024-07-16,42,False
7400,农户,辽宁省,樱桃,小农户,2024-07-23,25,False
7401,普通消费者,山东省,蔬菜,个人,2021-04-05,21,False
7402,普通消费者,广西壮族自治区,柑橘,个人,2020-08-01,32,False
7403,普通消费者,江西省,油茶,个人,2020-10-19,35,False
7404,农户,安徽省,水稻,家庭农场,2022-02-10,80,False
7405,农户,上海市,水果,家庭农场,2021-09-10,30,False
7406,农户,陕西省,小麦,小农户,2023-09-06,144,False
7407,农技人员,江苏省,水果,农技服务站,2020-05-25,1,True
7408,采购商,浙江省,茶叶,中型采购商,2022-10-06,20,False
7409,农户,广西壮族自治区,香蕉,小农户,2020-09-17,37,False
7410,普通消费者,湖南省,水稻,个人,2021-01-27,20,False
7411,普通消费者,江苏省,水果,个人,2025-12-25,31,False
7412,农户,四川省,茶叶,小农户,2025-03-08,160,False
7413,普通消费者,浙江省,杨梅,个人,2025-02-23,33,False
7414,采购商,河南省,小麦,小型采购商,2021-04-02,49,False
7415,农户,广西壮族自治区,柑橘,小农户,2024-09-20,53,False
7416,农户,陕西省,猕猴桃,家庭农场,2024-10-16,25,False
7417,农技人员,黑龙江省,小麦,农技服务站,2024-03-15,30,False
7418,农技人员,宁夏回族自治区,小麦,农技服务站,2021-04-13,18,True
7419,采购商,河南省,蔬菜,中型采购商,2023-06-04,22,False
7420,采购商,黑龙江省,小麦,小型采购商,2022-04-01,99,False
7421,普通消费者,浙江省,茶叶,个人,2022-11-22,151,False
7422,采购商,黑龙江省,水稻,中型采购商,2025-08-05,19,True
7423,农技人员,四川省,水稻,农技服务站,2020-09-09,20,False
7424,采购商,安徽省,茶叶,大型采购商,2024-12-18,38,False
7425,普通消费者,陕西省,小麦,个人,2024-07-08,82,False
7426,采购商,西藏自治区,牦牛,中型采购商,2022-10-11,10,True
7427,农户,内蒙古自治区,羊肉,小农户,2024-03-19,20,False
7428,采购商,四川省,蔬菜,小型采购商,2025-05-25,181,False
7429,普通消费者,山东省,花生,个人,2024-04-22,183,False
7430,农户,吉林省,大豆,合作社,2020-11-21,26,False
7431,农户,河北省,玉米,小农户,2025-06-16,20,False
7432,农户,四川省,茶叶,小农户,2021-03-14,122,False
7433,采购商,山东省,小麦,小型采购商,2024-04-17,43,False
7434,普通消费者,广东省,蔬菜,个人,2024-02-26,80,False
7435,农户,贵州省,中药材,小农户,2024-05-26,20,False
7436,普通消费者,河南省,小麦,个人,2020-01-06,163,False
7437,农户,江苏省,蔬菜,家庭农场,2020-09-12,20,False
7438,普通消费者,吉林省,玉米,个人,2020-05-13,7,True
7439,普通消费者,浙江省,杨梅,个人,2025-10-13,31,False
7440,农技人员,四川省,猕猴桃,农技服务站,2020-09-04,168,False
7441,农户,湖南省,水稻,小农户,2023-07-02,33,False
7442,农户,福建省,柑橘,小农户,2025-09-18,36,False
7443,农技人员,云南省,水果,农技服务站,2020-09-03,105,False
7444,普通消费者,河北省,梨,个人,2023-11-15,26,False
7445,农户,山东省,小麦,小农户,2020-11-18,17,True
7446,农户,山东省,苹果,家庭农场,2025-05-27,29,False
7447,农户,甘肃省,马铃薯,家庭农场,2022-12-08,10,True
7448,农户,福建省,食用菌,小农户,2022-10-14,39,False
7449,采购商,内蒙古自治区,马铃薯,中型采购商,2020-10-15,55,False
7450,采购商,安徽省,小麦,小型采购商,2020-01-09,20,False
7451,农户,江西省,柑橘,家庭农场,2021-01-15,27,False
7452,普通消费者,四川省,水稻,个人,2023-12-04,36,False
7453,采购商,福建省,食用菌,大型采购商,2022-12-18,20,False
7454,农户,辽宁省,苹果,合作社,2024-08-05,78,False
7455,普通消费者,重庆市,柑橘,个人,2024-02-18,24,False
7456,农户,山东省,小麦,小农户,2022-01-11,32,False
7457,农户,重庆市,生猪,家庭农场,2021-02-26,43,False
7458,采购商,新疆维吾尔自治区,红枣,小型采购商,2025-10-03,24,False
7459,普通消费者,海南省,水产,个人,2025-05-04,20,False
7460,采购商,新疆维吾尔自治区,棉花,大型采购商,2020-02-15,13,True
7461,农技人员,吉林省,人参,农技服务站,2021-08-05,18,True
7462,普通消费者,贵州省,辣椒,个人,2022-09-09,26,False
7463,普通消费者,辽宁省,水稻,个人,2023-01-25,126,False
7464,采购商,山东省,蔬菜,中型采购商,2022-07-12,55,False
7465,普通消费者,广东省,蔬菜,个人,2022-07-13,27,False
7466,农户,湖北省,水稻,合作社,2020-03-02,82,False
7467,农户,陕西省,苹果,家庭农场,2025-09-25,21,False
7468,普通消费者,福建省,水产,个人,2025-10-26,52,False
7469,普通消费者,湖南省,茶叶,个人,2025-06-05,28,False
7470,农技人员,浙江省,柑橘,农技服务站,2021-06-28,182,False
7471,采购商,辽宁省,苹果,中型采购商,2023-02-17,25,False
7472,普通消费者,陕西省,猕猴桃,个人,2020-05-07,35,False
7473,农户,安徽省,蔬菜,小农户,2021-03-27,168,False
7474,采购商,四川省,柑橘,小型采购商,2024-09-19,81,False
7475,采购商,广东省,荔枝,小型采购商,2023-06-18,48,False
7476,采购商,山西省,小米,小型采购商,2022-01-11,80,False
7477,采购商,河南省,花生,小型采购商,2023-01-22,50,False
7478,普通消费者,四川省,猕猴桃,个人,2024-01-05,59,False
7479,农技人员,安徽省,水稻,农技服务站,2022-07-07,25,False
7480,普通消费者,贵州省,茶叶,个人,2024-04-25,20,False
7481,普通消费者,河北省,玉米,个人,2023-03-14,34,False
7482,普通消费者,山东省,蔬菜,个人,2023-08-22,193,False
7483,农户,重庆市,生猪,小农户,2024-07-23,153,False
7484,采购商,北京市,蔬菜,中型采购商,2024-02-12,170,False
7485,农技人员,安徽省,水稻,农技服务站,2025-11-09,5,True
7486,农户,吉林省,人参,家庭农场,2023-01-12,18,True
7487,普通消费者,湖北省,莲藕,个人,2020-06-14,34,False
7488,农户,吉林省,玉米,小农户,2025-12-18,20,False
7489,普通消费者,浙江省,杨梅,个人,2020-02-08,94,False
7490,普通消费者,河南省,蔬菜,个人,2020-08-09,90,False
7491,农户,河南省,小麦,小农户,2024-11-26,30,False
7492,农户,福建省,柑橘,小农户,2020-05-01,40,False
7493,农户,湖北省,水产,家庭农场,2021-06-27,39,False
7494,普通消费者,河南省,玉米,个人,2023-04-08,19,True
7495,农户,江苏省,蔬菜,小农户,2025-09-10,111,False
7496,普通消费者,河南省,小麦,个人,2025-01-28,121,False
7497,农户,安徽省,蔬菜,小农户,2023-12-22,42,False
7498,普通消费者,湖北省,水稻,个人,2024-10-03,38,False
7499,采购商,安徽省,茶叶,小型采购商,2023-02-15,19,True
7500,农户,山东省,苹果,小农户,2022-07-24,120,False
7501,农技人员,湖南省,水稻,农技服务站,2020-12-21,25,False
7502,农户,四川省,茶叶,家庭农场,2024-12-11,25,False
7503,农户,四川省,猕猴桃,小农户,2020-06-14,186,False
7504,普通消费者,江西省,水稻,个人,2022-12-15,143,False
7505,农户,河南省,玉米,小农户,2020-08-11,20,False
7506,农户,重庆市,蔬菜,小农户,2020-06-07,80,False
7507,农户,广东省,蔬菜,家庭农场,2025-12-01,165,False
7508,农技人员,四川省,柑橘,农技服务站,2021-12-09,33,False
7509,采购商,吉林省,水稻,小型采购商,2023-08-12,29,False
7510,农技人员,重庆市,生猪,农技服务站,2023-09-11,20,False
7511,农户,山东省,小麦,小农户,2021-07-21,157,False
7512,农技人员,福建省,茶叶,农技服务站,2023-08-12,80,False
7513,采购商,江苏省,蔬菜,中型采购商,2025-12-15,20,False
7514,农户,江苏省,水稻,家庭农场,2024-03-09,26,False
7515,采购商,广东省,龙眼,中型采购商,2024-11-18,91,False
7516,农户,山东省,花生,合作社,2021-06-04,15,True
7517,农技人员,湖南省,茶叶,农技服务站,2025-02-09,40,False
7518,普通消费者,江西省,油茶,个人,2022-08-14,44,False
7519,采购商,江西省,水稻,大型采购商,2020-04-03,53,False
7520,农技人员,贵州省,辣椒,农技服务站,2023-08-28,80,False
7521,农技人员,四川省,茶叶,农技服务站,2025-09-17,42,False
7522,采购商,湖南省,茶叶,中型采购商,2021-01-11,20,False
7523,农户,吉林省,大豆,小农户,2022-07-06,29,False
7524,农户,河南省,蔬菜,小农户,2024-12-13,178,False
7525,农户,广东省,龙眼,小农户,2020-11-28,38,False
7526,农技人员,辽宁省,水产,农技服务站,2024-01-18,80,False
7527,采购商,江西省,油茶,小型采购商,2020-11-09,20,False
7528,农技人员,四川省,水稻,农技服务站,2023-01-26,60,False
7529,农户,广东省,蔬菜,小农户,2020-12-11,36,False
7530,普通消费者,河南省,花生,个人,2020-12-05,50,False
7531,农户,山西省,核桃,小农户,2025-12-20,31,False
7532,农技人员,湖北省,柑橘,农技服务站,2022-02-13,21,False
7533,农户,北京市,蔬菜,小农户,2023-12-04,3,True
7534,农技人员,四川省,水稻,农技服务站,2025-05-20,48,False
7535,农户,云南省,咖啡,小农户,2025-06-27,126,False
7536,农技人员,湖北省,莲藕,农技服务站,2025-11-07,45,False
7537,农户,甘肃省,马铃薯,小农户,2025-12-03,53,False
7538,普通消费者,广东省,蔬菜,个人,2024-12-09,32,False
7539,农户,安徽省,水稻,小农户,2023-10-17,143,False
7540,农户,福建省,水产,家庭农场,2024-05-25,24,False
7541,农户,山东省,蔬菜,小农户,2025-03-09,130,False
7542,普通消费者,河北省,梨,个人,2024-09-20,20,False
7543,采购商,浙江省,茶叶,中型采购商,2023-09-07,184,False
7544,农技人员,重庆市,生猪,农技服务站,2022-07-24,144,False
7545,普通消费者,重庆市,生猪,个人,2021-05-09,49,False
7546,农户,天津市,蔬菜,小农户,2025-09-22,40,False
7547,农户,重庆市,蔬菜,小农户,2024-04-22,20,False
7548,农户,河北省,小麦,小农户,2020-03-25,4,True
7549,普通消费者,辽宁省,水稻,个人,2020-04-13,25,False
7550,农户,江苏省,水稻,家庭农场,2025-06-06,142,False
7551,农户,云南省,水果,小农户,2022-02-20,2,True
7552,农户,河南省,蔬菜,小农户,2021-05-25,145,False
7553,采购商,广东省,蔬菜,小型采购商,2022-09-10,26,False
7554,普通消费者,广东省,荔枝,个人,2021-03-07,149,False
7555,普通消费者,黑龙江省,玉米,个人,2021-08-23,20,False
7556,普通消费者,广东省,香蕉,个人,2024-06-18,22,False
7557,采购商,甘肃省,苹果,中型采购商,2024-10-14,20,False
7558,农户,河南省,玉米,家庭农场,2020-03-12,126,False
7559,普通消费者,河北省,玉米,个人,2025-10-06,26,False
7560,农户,福建省,食用菌,小农户,2022-08-01,22,False
7561,农技人员,四川省,茶叶,农技服务站,2024-12-22,20,False
7562,采购商,吉林省,水稻,中型采购商,2022-05-23,118,False
7563,采购商,上海市,水果,中型采购商,2023-02-04,80,False
7564,农户,黑龙江省,小麦,家庭农场,2023-04-04,61,False
7565,农户,河南省,花生,小农户,2025-07-08,22,False
7566,农户,湖南省,茶叶,小农户,2021-12-04,182,False
7567,采购商,河南省,花生,中型采购商,2022-09-23,37,False
7568,农户,江西省,油茶,小农户,2021-08-21,5,True
7569,农户,河南省,小麦,小农户,2024-08-27,40,False
7570,普通消费者,天津市,水果,个人,2020-08-08,60,False
7571,农技人员,广西壮族自治区,芒果,农技服务站,2024-08-02,21,False
7572,采购商,江苏省,水稻,中型采购商,2025-11-04,57,False
7573,农技人员,辽宁省,水稻,农技服务站,2021-12-22,110,False
7574,农户,山东省,小麦,家庭农场,2021-02-03,192,False
7575,普通消费者,河北省,小麦,个人,2025-01-01,5,True
7576,农户,青海省,青稞,小农户,2025-03-02,25,False
7577,农户,广西壮族自治区,香蕉,合作社,2020-09-19,20,False
7578,农户,浙江省,水产,小农户,2020-02-10,47,False
7579,农技人员,广东省,蔬菜,农技服务站,2022-10-20,63,False
7580,普通消费者,山西省,红枣,个人,2024-01-26,80,False
7581,农户,广西壮族自治区,芒果,小农户,2023-01-06,20,False
7582,普通消费者,山东省,苹果,个人,2021-06-02,46,False
7583,农户,新疆维吾尔自治区,棉花,小农户,2021-03-24,26,False
7584,普通消费者,四川省,猕猴桃,个人,2021-05-03,48,False
7585,普通消费者,安徽省,茶叶,个人,2025-12-11,20,False
7586,农户,河北省,红枣,小农户,2025-11-24,20,False
7587,农技人员,新疆维吾尔自治区,棉花,农技服务站,2022-03-23,22,False
7588,农户,四川省,水稻,家庭农场,2020-04-25,136,False
7589,农户,湖北省,莲藕,小农户,2020-01-25,34,False
7590,农技人员,河南省,玉米,农技服务站,2021-06-28,24,False
7591,采购商,福建省,柑橘,小型采购商,2023-03-21,46,False
7592,普通消费者,河南省,玉米,个人,2022-06-02,55,False
7593,农户,湖北省,水产,小农户,2024-07-27,44,False
7594,农户,辽宁省,苹果,小农户,2022-10-03,95,False
7595,农技人员,浙江省,杨梅,农技服务站,2023-10-25,74,False
7596,农户,天津市,水产,小农户,2024-02-10,13,True
7597,普通消费者,辽宁省,水产,个人,2021-02-11,124,False
7598,采购商,江西省,水稻,中型采购商,2024-08-12,40,False
7599,农户,江苏省,大闸蟹,小农户,2021-12-24,20,False
7600,普通消费者,河北省,梨,个人,2022-05-13,65,False
7601,采购商,四川省,柑橘,中型采购商,2020-04-17,24,False
7602,普通消费者,江西省,水稻,个人,2024-05-06,52,False
7603,农户,湖南省,茶叶,合作社,2023-01-03,72,False
7604,普通消费者,海南省,橡胶,个人,2021-04-27,164,False
7605,农户,四川省,猕猴桃,小农户,2020-06-10,41,False
7606,普通消费者,湖北省,柑橘,个人,2023-10-08,2,True
7607,农技人员,甘肃省,中药材,农技服务站,2025-11-16,20,False
7608,农技人员,贵州省,茶叶,农技服务站,2023-12-01,20,False
7609,农技人员,安徽省,蔬菜,农技服务站,2020-10-12,64,False
7610,普通消费者,山东省,蔬菜,个人,2024-10-05,170,False
7611,农户,湖北省,水产,小农户,2022-09-26,30,False
7612,采购商,江苏省,大闸蟹,中型采购商,2021-02-09,34,False
7613,普通消费者,山东省,花生,个人,2024-02-17,48,False
7614,农户,湖北省,水产,小农户,2021-05-11,46,False
7615,普通消费者,天津市,水产,个人,2025-11-06,38,False
7616,农技人员,吉林省,水稻,农技服务站,2022-06-17,29,False
7617,农户,河南省,花生,小农户,2025-12-23,28,False
7618,农技人员,湖南省,柑橘,农技服务站,2022-12-10,50,False
7619,采购商,新疆维吾尔自治区,葡萄,中型采购商,2022-09-18,43,False
7620,农户,安徽省,小麦,小农户,2021-08-28,196,False
7621,农技人员,贵州省,猕猴桃,农技服务站,2020-08-19,160,False
7622,普通消费者,山东省,苹果,个人,2024-02-13,29,False
7623,农户,宁夏回族自治区,马铃薯,家庭农场,2020-01-08,56,False
7624,农户,海南省,橡胶,家庭农场,2023-02-16,31,False
7625,农技人员,西藏自治区,青稞,农技服务站,2023-11-20,9,True
7626,采购商,四川省,水稻,小型采购商,2020-02-08,21,False
7627,普通消费者,陕西省,猕猴桃,个人,2025-02-09,155,False
7628,农户,重庆市,柑橘,小农户,2021-11-19,22,False
7629,农户,辽宁省,苹果,小农户,2023-08-05,20,False
7630,农户,湖北省,水产,合作社,2022-07-03,28,False
7631,普通消费者,甘肃省,苹果,个人,2023-09-19,127,False
7632,普通消费者,辽宁省,樱桃,个人,2021-07-11,61,False
7633,农技人员,湖北省,水稻,农技服务站,2025-10-04,22,False
7634,农技人员,西藏自治区,青稞,农技服务站,2024-03-23,36,False
7635,普通消费者,新疆维吾尔自治区,哈密瓜,个人,2021-09-05,128,False
7636,农户,山东省,花生,小农户,2024-07-18,97,False
7637,农户,湖南省,水稻,小农户,2024-10-28,23,False
7638,采购商,湖北省,水产,中型采购商,2025-09-26,29,False
7639,采购商,浙江省,水产,大型采购商,2022-09-24,20,False
7640,普通消费者,湖北省,莲藕,个人,2024-08-16,29,False
7641,农户,江西省,水稻,小农户,2023-06-02,30,False
7642,农技人员,山东省,蔬菜,农技服务站,2023-04-27,152,False
7643,农户,湖北省,莲藕,家庭农场,2025-12-06,43,False
7644,采购商,湖南省,茶叶,小型采购商,2023-04-21,195,False
7645,普通消费者,广东省,蔬菜,个人,2020-12-24,37,False
7646,农户,宁夏回族自治区,枸杞,小农户,2021-04-01,20,False
7647,农技人员,湖南省,柑橘,农技服务站,2025-09-17,101,False
7648,普通消费者,贵州省,辣椒,个人,2024-11-27,56,False
7649,普通消费者,新疆维吾尔自治区,红枣,个人,2023-10-25,36,False
7650,农技人员,河北省,红枣,农技服务站,2025-01-15,36,False
7651,采购商,四川省,蔬菜,中型采购商,2020-07-05,32,False
7652,采购商,山东省,小麦,小型采购商,2022-05-20,16,True
7653,农户,内蒙古自治区,马铃薯,家庭农场,2022-09-24,25,False
7654,农户,陕西省,猕猴桃,小农户,2024-11-11,128,False
7655,农户,河南省,花生,家庭农场,2025-01-20,36,False
7656,农技人员,山东省,花生,农技服务站,2023-03-09,20,False
7657,农户,福建省,水产,小农户,2025-04-05,127,False
7658,普通消费者,湖南省,生猪,个人,2020-02-22,89,False
7659,农技人员,山东省,苹果,农技服务站,2020-05-26,42,False
7660,采购商,黑龙江省,大豆,中型采购商,2020-08-26,17,True
7661,普通消费者,福建省,茶叶,个人,2021-03-03,20,False
7662,普通消费者,安徽省,蔬菜,个人,2020-06-02,25,False
7663,农户,山东省,苹果,小农户,2022-02-16,112,False
7664,普通消费者,广东省,香蕉,个人,2022-05-11,6,True
7665,普通消费者,新疆维吾尔自治区,葡萄,个人,2022-10-03,29,False
7666,普通消费者,江苏省,水稻,个人,2022-11-14,37,False
7667,农户,河南省,玉米,小农户,2023-12-10,60,False
7668,农户,四川省,猕猴桃,小农户,2022-03-26,22,False
7669,采购商,四川省,蔬菜,小型采购商,2022-04-13,25,False
7670,农户,湖南省,生猪,家庭农场,2025-11-16,25,False
7671,采购商,吉林省,水稻,小型采购商,2022-06-05,22,False
7672,普通消费者,福建省,水产,个人,2022-10-03,27,False
7673,农户,浙江省,茶叶,小农户,2025-05-07,174,False
7674,普通消费者,内蒙古自治区,牛奶,个人,2020-07-07,48,False
7675,采购商,广东省,蔬菜,小型采购商,2021-03-15,2,True
7676,农户,辽宁省,苹果,家庭农场,2023-05-25,20,False
7677,农技人员,云南省,茶叶,农技服务站,2025-10-18,6,True
7678,采购商,浙江省,茶叶,大型采购商,2021-04-19,41,False
7679,普通消费者,江西省,油茶,个人,2021-06-19,97,False
7680,普通消费者,湖南省,生猪,个人,2025-02-04,190,False
7681,普通消费者,河南省,花生,个人,2024-12-04,20,False
7682,普通消费者,山西省,红枣,个人,2020-01-14,25,False
7683,农户,河北省,玉米,合作社,2025-10-06,28,False
7684,农户,河北省,小麦,小农户,2023-02-22,76,False
7685,农技人员,河北省,小麦,农技服务站,2020-08-05,28,False
7686,普通消费者,河南省,玉米,个人,2025-06-19,20,False
7687,采购商,浙江省,茶叶,大型采购商,2021-06-14,20,False
7688,普通消费者,新疆维吾尔自治区,哈密瓜,个人,2025-05-12,33,False
7689,采购商,云南省,茶叶,中型采购商,2020-05-26,45,False
7690,农技人员,云南省,水果,农技服务站,2024-03-18,39,False
7691,农技人员,四川省,柑橘,农技服务站,2022-05-13,36,False
7692,普通消费者,山东省,蔬菜,个人,2023-03-20,59,False
7693,农户,湖南省,茶叶,家庭农场,2025-11-21,25,False
7694,普通消费者,山东省,蔬菜,个人,2021-03-05,51,False
7695,普通消费者,河南省,玉米,个人,2023-09-24,11,True
7696,农户,江苏省,大闸蟹,合作社,2023-09-09,20,False
7697,采购商,广东省,蔬菜,小型采购商,2020-08-14,21,False
7698,农户,四川省,猕猴桃,小农户,2022-11-24,11,True
7699,农户,浙江省,柑橘,小农户,2025-03-09,20,False
7700,农户,河北省,玉米,小农户,2022-02-19,127,False
7701,农户,四川省,蔬菜,家庭农场,2024-08-16,28,False
7702,普通消费者,河北省,小麦,个人,2025-06-22,32,False
7703,普通消费者,湖南省,茶叶,个人,2025-01-04,35,False
7704,普通消费者,河南省,花生,个人,2021-11-27,34,False
7705,普通消费者,广东省,香蕉,个人,2024-08-06,20,False
7706,农户,海南省,橡胶,小农户,2021-09-28,30,False
7707,普通消费者,广东省,香蕉,个人,2023-09-05,20,False
7708,普通消费者,福建省,茶叶,个人,2024-03-01,65,False
7709,采购商,新疆维吾尔自治区,哈密瓜,小型采购商,2020-10-27,28,False
7710,农户,山东省,小麦,家庭农场,2021-11-12,25,False
7711,农技人员,山东省,苹果,农技服务站,2025-03-16,154,False
7712,农户,内蒙古自治区,马铃薯,小农户,2020-01-01,73,False
7713,普通消费者,河南省,玉米,个人,2022-08-19,153,False
7714,普通消费者,山西省,红枣,个人,2022-10-23,165,False
7715,农户,河南省,蔬菜,家庭农场,2021-03-27,20,False
7716,农户,四川省,茶叶,小农户,2020-01-08,20,False
7717,农技人员,河北省,梨,农技服务站,2020-07-18,20,False
7718,农户,四川省,蔬菜,家庭农场,2024-10-12,100,False
7719,普通消费者,四川省,猕猴桃,个人,2020-06-03,32,False
7720,农户,新疆维吾尔自治区,红枣,合作社,2020-01-19,41,False
7721,采购商,海南省,橡胶,中型采购商,2020-02-25,47,False
7722,农户,安徽省,水稻,小农户,2022-09-24,80,False
7723,农技人员,陕西省,苹果,农技服务站,2020-03-11,20,False
7724,农技人员,广东省,龙眼,农技服务站,2022-04-23,44,False
7725,采购商,江西省,油茶,中型采购商,2025-07-21,25,False
7726,农户,宁夏回族自治区,小麦,家庭农场,2025-10-23,24,False
7727,农户,辽宁省,水稻,家庭农场,2020-10-10,24,False
7728,普通消费者,河北省,小麦,个人,2023-02-20,174,False
7729,采购商,广西壮族自治区,甘蔗,小型采购商,2021-04-13,195,False
7730,农户,河南省,蔬菜,小农户,2022-01-11,21,False
7731,农户,江苏省,水果,小农户,2020-11-21,76,False
7732,农户,湖北省,水产,小农户,2022-05-05,94,False
7733,农户,山西省,核桃,家庭农场,2024-12-04,50,False
7734,采购商,浙江省,杨梅,小型采购商,2021-04-13,33,False
7735,农技人员,福建省,食用菌,农技服务站,2021-02-07,65,False
7736,普通消费者,四川省,水稻,个人,2025-02-19,20,False
7737,普通消费者,吉林省,玉米,个人,2023-04-18,20,False
7738,农户,广东省,龙眼,小农户,2022-10-27,20,False
7739,农户,河北省,小麦,家庭农场,2023-09-21,23,False
7740,普通消费者,四川省,茶叶,个人,2024-02-12,35,False
7741,农户,安徽省,水稻,家庭农场,2021-05-12,34,False
7742,农户,天津市,蔬菜,小农户,2022-10-09,2,True
7743,采购商,四川省,水稻,小型采购商,2022-07-20,35,False
7744,采购商,陕西省,猕猴桃,大型采购商,2021-02-13,20,False
7745,普通消费者,河南省,蔬菜,个人,2022-01-25,169,False
7746,农户,四川省,猕猴桃,小农户,2024-10-19,14,True
7747,农户,河北省,小麦,小农户,2020-01-19,49,False
7748,采购商,浙江省,茶叶,中型采购商,2022-10-06,83,False
7749,农技人员,江苏省,水果,农技服务站,2022-10-09,37,False
7750,农户,河北省,玉米,小农户,2022-12-14,47,False
7751,采购商,广东省,龙眼,小型采购商,2023-09-04,20,False
7752,普通消费者,湖南省,水稻,个人,2020-08-21,160,False
7753,采购商,甘肃省,中药材,小型采购商,2020-10-15,7,True
7754,农户,辽宁省,苹果,小农户,2023-03-08,102,False
7755,农户,重庆市,柑橘,小农户,2025-12-27,38,False
7756,农户,广西壮族自治区,香蕉,小农户,2022-02-18,17,True
7757,普通消费者,江苏省,蔬菜,个人,2023-08-14,20,False
7758,普通消费者,四川省,猕猴桃,个人,2025-03-26,157,False
7759,农技人员,湖南省,生猪,农技服务站,2020-03-11,27,False
7760,普通消费者,福建省,水产,个人,2024-11-26,43,False
7761,采购商,四川省,蔬菜,大型采购商,2024-01-28,9,True
7762,农户,甘肃省,马铃薯,小农户,2025-05-10,134,False
7763,农户,广西壮族自治区,芒果,小农户,2020-07-12,34,False
7764,普通消费者,安徽省,小麦,个人,2024-11-02,21,False
7765,农技人员,广西壮族自治区,香蕉,农技服务站,2022-12-05,162,False
7766,农户,四川省,柑橘,小农户,2022-08-19,33,False
7767,农户,重庆市,茶叶,家庭农场,2020-02-05,20,False
7768,普通消费者,黑龙江省,小麦,个人,2024-04-14,58,False
7769,农户,黑龙江省,小麦,家庭农场,2020-02-19,29,False
7770,农户,山东省,花生,小农户,2021-10-21,57,False
7771,农户,湖南省,水稻,小农户,2025-08-06,123,False
7772,农户,四川省,柑橘,小农户,2023-02-07,25,False
7773,普通消费者,北京市,水果,个人,2020-02-22,187,False
7774,采购商,河南省,玉米,中型采购商,2020-01-06,25,False
7775,普通消费者,广东省,香蕉,个人,2025-07-16,22,False
7776,农户,湖北省,莲藕,小农户,2020-02-11,51,False
7777,采购商,广东省,蔬菜,小型采购商,2025-09-15,23,False
7778,采购商,贵州省,猕猴桃,中型采购商,2021-04-13,45,False
7779,农户,浙江省,水产,小农户,2024-08-25,13,True
7780,农户,安徽省,水稻,小农户,2021-03-04,27,False
7781,普通消费者,陕西省,苹果,个人,2023-01-04,20,False
7782,普通消费者,山东省,小麦,个人,2022-08-09,185,False
7783,采购商,山西省,核桃,小型采购商,2020-09-18,24,False
7784,普通消费者,河南省,小麦,个人,2025-02-16,20,False
7785,农户,山西省,核桃,合作社,2025-06-21,33,False
7786,农技人员,湖南省,生猪,农技服务站,2024-12-13,20,False
7787,农户,湖北省,水稻,小农户,2020-12-05,10,True
7788,普通消费者,陕西省,小麦,个人,2025-05-04,52,False
7789,普通消费者,江苏省,蔬菜,个人,2024-12-06,31,False
7790,农户,北京市,蔬菜,小农户,2021-03-08,137,False
7791,农户,西藏自治区,牦牛,小农户,2021-11-24,30,False
7792,普通消费者,天津市,水产,个人,2020-10-20,45,False
7793,采购商,河南省,小麦,小型采购商,2022-03-20,53,False
7794,普通消费者,四川省,蔬菜,个人,2025-10-07,32,False
7795,农技人员,湖北省,莲藕,农技服务站,2021-01-21,169,False
7796,普通消费者,广西壮族自治区,甘蔗,个人,2023-12-28,89,False
7797,农户,四川省,水稻,小农户,2025-05-13,11,True
7798,农户,重庆市,茶叶,小农户,2023-07-18,170,False
7799,农户,四川省,蔬菜,家庭农场,2022-04-16,22,False
7800,农户,湖北省,柑橘,家庭农场,2021-12-20,11,True
7801,普通消费者,河南省,花生,个人,2024-09-18,82,False
7802,农技人员,西藏自治区,中药材,农技服务站,2025-12-14,20,False
7803,农技人员,湖南省,茶叶,农技服务站,2021-10-12,101,False
7804,采购商,山东省,花生,小型采购商,2020-03-28,23,False
7805,农户,江西省,茶叶,小农户,2024-12-22,190,False
7806,农户,四川省,水稻,家庭农场,2022-11-26,24,False
7807,采购商,山东省,蔬菜,小型采购商,2021-11-23,34,False
7808,农户,福建省,食用菌,小农户,2025-05-18,27,False
7809,农户,江西省,茶叶,小农户,2022-02-23,46,False
7810,农户,浙江省,柑橘,家庭农场,2024-02-09,24,False
7811,采购商,湖北省,柑橘,小型采购商,2024-02-09,32,False
7812,农技人员,湖南省,茶叶,农技服务站,2025-07-04,96,False
7813,农户,安徽省,茶叶,小农户,2025-11-05,172,False
7814,采购商,山东省,蔬菜,小型采购商,2020-07-26,59,False
7815,采购商,江西省,水稻,大型采购商,2025-08-18,20,False
7816,采购商,河南省,蔬菜,中型采购商,2021-01-23,39,False
7817,普通消费者,上海市,水产,个人,2020-10-03,32,False
7818,普通消费者,安徽省,小麦,个人,2024-03-17,152,False
7819,普通消费者,河北省,玉米,个人,2025-06-01,24,False
7820,采购商,江苏省,蔬菜,小型采购商,2022-01-13,24,False
7821,农户,江西省,茶叶,小农户,2023-09-11,21,False
7822,普通消费者,湖南省,水稻,个人,2023-12-25,25,False
7823,农户,湖北省,柑橘,小农户,2024-02-10,48,False
7824,农户,新疆维吾尔自治区,葡萄,小农户,2022-10-20,29,False
7825,农户,四川省,猕猴桃,小农户,2025-04-08,20,False
7826,农户,广东省,荔枝,小农户,2025-03-05,20,False
7827,普通消费者,黑龙江省,玉米,个人,2024-02-07,2,True
7828,普通消费者,甘肃省,中药材,个人,2020-09-19,80,False
7829,采购商,四川省,蔬菜,中型采购商,2025-03-05,38,False
7830,农户,天津市,水产,家庭农场,2023-07-14,155,False
7831,农技人员,吉林省,人参,农技服务站,2024-04-23,20,False
7832,采购商,浙江省,水产,小型采购商,2020-11-01,26,False
7833,采购商,青海省,青稞,小型采购商,2022-12-28,35,False
7834,采购商,河南省,花生,中型采购商,2025-02-05,12,True
7835,农户,河南省,小麦,小农户,2021-05-22,135,False
7836,采购商,浙江省,柑橘,小型采购商,2023-08-21,77,False
7837,农技人员,江苏省,大闸蟹,农技服务站,2025-02-09,20,False
7838,农户,四川省,猕猴桃,合作社,2022-12-16,53,False
7839,普通消费者,浙江省,杨梅,个人,2021-03-04,66,False
7840,普通消费者,广西壮族自治区,芒果,个人,2022-06-01,24,False
7841,普通消费者,安徽省,茶叶,个人,2020-06-17,173,False
7842,农户,湖北省,柑橘,合作社,2024-05-26,28,False
7843,农户,天津市,蔬菜,家庭农场,2024-11-18,20,False
7844,采购商,甘肃省,马铃薯,小型采购商,2023-11-22,29,False
7845,普通消费者,甘肃省,中药材,个人,2024-06-10,173,False
7846,农户,江苏省,大闸蟹,家庭农场,2023-02-09,177,False
7847,农户,吉林省,水稻,家庭农场,2020-08-21,32,False
7848,普通消费者,陕西省,苹果,个人,2020-11-27,46,False
7849,农户,河南省,花生,家庭农场,2020-08-19,57,False
7850,农户,山西省,小麦,家庭农场,2024-02-02,145,False
7851,农户,山东省,小麦,家庭农场,2020-12-12,101,False
7852,普通消费者,江苏省,水果,个人,2024-05-21,4,True
7853,普通消费者,河北省,小麦,个人,2022-01-22,22,False
7854,普通消费者,贵州省,中药材,个人,2023-10-25,20,False
7855,普通消费者,江苏省,水果,个人,2024-10-27,32,False
7856,采购商,北京市,蔬菜,小型采购商,2024-01-21,18,True
7857,农技人员,江西省,茶叶,农技服务站,2025-08-28,38,False
7858,农户,四川省,蔬菜,家庭农场,2024-05-16,37,False
7859,采购商,江苏省,蔬菜,中型采购商,2024-03-25,144,False
7860,农户,湖北省,水产,小农户,2023-05-04,28,False
7861,农户,湖北省,水产,家庭农场,2023-09-11,106,False
7862,采购商,山东省,小麦,小型采购商,2020-11-23,35,False
7863,普通消费者,黑龙江省,玉米,个人,2024-06-05,70,False
7864,普通消费者,山东省,花生,个人,2022-08-18,40,False
7865,农技人员,广东省,龙眼,农技服务站,2021-06-03,3,True
7866,农户,江西省,柑橘,家庭农场,2022-10-22,27,False
7867,农户,四川省,水稻,家庭农场,2020-02-21,25,False
7868,农户,广东省,荔枝,合作社,2025-08-19,30,False
7869,普通消费者,新疆维吾尔自治区,葡萄,个人,2021-04-25,75,False
7870,农户,四川省,猕猴桃,小农户,2025-09-05,30,False
7871,普通消费者,云南省,茶叶,个人,2025-08-02,32,False
7872,农技人员,辽宁省,水稻,农技服务站,2023-05-24,26,False
7873,采购商,河南省,花生,小型采购商,2022-11-15,6,True
7874,农户,甘肃省,苹果,家庭农场,2025-05-13,57,False
7875,采购商,山东省,苹果,小型采购商,2025-03-19,80,False
7876,农户,云南省,花卉,家庭农场,2025-09-21,41,False
7877,农户,甘肃省,中药材,小农户,2022-12-09,34,False
7878,采购商,上海市,蔬菜,中型采购商,2024-11-01,33,False
7879,普通消费者,广西壮族自治区,芒果,个人,2023-12-28,20,False
7880,农户,山东省,小麦,小农户,2021-08-17,48,False
7881,采购商,江西省,茶叶,中型采购商,2022-02-22,192,False
7882,农户,宁夏回族自治区,小麦,小农户,2022-08-11,8,True
7883,普通消费者,辽宁省,樱桃,个人,2023-11-01,135,False
7884,农户,福建省,柑橘,小农户,2024-03-01,82,False
7885,农户,辽宁省,水产,小农户,2023-11-16,35,False
7886,采购商,辽宁省,水产,小型采购商,2022-04-01,41,False
7887,农户,天津市,蔬菜,小农户,2024-02-13,23,False
7888,农户,天津市,水果,家庭农场,2021-12-05,27,False
7889,农技人员,广东省,香蕉,农技服务站,2021-05-03,192,False
7890,农户,四川省,柑橘,小农户,2025-11-03,26,False
7891,农技人员,辽宁省,水稻,农技服务站,2024-11-06,101,False
7892,农户,天津市,蔬菜,小农户,2025-05-14,55,False
7893,普通消费者,山东省,花生,个人,2020-01-17,27,False
7894,普通消费者,湖南省,柑橘,个人,2020-04-21,80,False
7895,普通消费者,陕西省,猕猴桃,个人,2020-05-12,41,False
7896,普通消费者,广东省,龙眼,个人,2021-08-01,20,False
7897,普通消费者,西藏自治区,中药材,个人,2025-11-20,182,False
7898,农户,广东省,龙眼,家庭农场,2024-11-28,31,False
7899,农户,河北省,梨,家庭农场,2024-04-26,187,False
7900,农户,广东省,荔枝,家庭农场,2020-07-22,18,True
7901,农户,辽宁省,水产,小农户,2023-12-22,23,False
7902,普通消费者,天津市,水产,个人,2024-09-15,91,False
7903,采购商,山西省,核桃,小型采购商,2021-04-08,20,False
7904,农户,河南省,小麦,小农户,2024-12-24,73,False
7905,普通消费者,贵州省,茶叶,个人,2022-07-20,47,False
7906,采购商,湖北省,水稻,大型采购商,2021-08-24,95,False
7907,农户,江西省,水稻,小农户,2025-07-05,43,False
7908,农户,福建省,食用菌,小农户,2022-11-05,35,False
7909,农户,山东省,花生,家庭农场,2023-03-02,1,True
7910,农户,湖北省,莲藕,小农户,2023-08-15,141,False
7911,农户,山东省,花生,小农户,2022-05-09,20,False
7912,普通消费者,贵州省,茶叶,个人,2025-08-04,26,False
7913,农技人员,河北省,小麦,农技服务站,2021-01-26,50,False
7914,农户,云南省,花卉,小农户,2025-12-01,81,False
7915,采购商,广东省,荔枝,大型采购商,2023-02-25,20,False
7916,农户,江西省,柑橘,家庭农场,2021-01-25,145,False
7917,普通消费者,北京市,蔬菜,个人,2022-05-07,20,False
7918,普通消费者,湖南省,柑橘,个人,2020-03-23,29,False
7919,普通消费者,四川省,猕猴桃,个人,2024-09-21,196,False
7920,采购商,山东省,花生,中型采购商,2024-10-15,30,False
7921,采购商,辽宁省,樱桃,大型采购商,2023-09-02,35,False
7922,农户,河北省,红枣,小农户,2024-02-21,6,True
7923,农户,天津市,水产,小农户,2021-01-25,47,False
7924,农户,浙江省,茶叶,合作社,2022-09-13,45,False
7925,农技人员,浙江省,水产,农技服务站,2022-05-27,37,False
7926,农户,福建省,茶叶,小农户,2022-05-22,60,False
7927,普通消费者,河南省,花生,个人,2023-04-01,20,False
7928,普通消费者,云南省,水果,个人,2021-06-17,42,False
7929,普通消费者,四川省,柑橘,个人,2025-12-16,198,False
7930,普通消费者,湖北省,莲藕,个人,2021-02-22,45,False
7931,普通消费者,湖北省,柑橘,个人,2021-02-28,20,False
7932,农户,江苏省,水果,小农户,2021-09-06,20,False
7933,农技人员,浙江省,水产,农技服务站,2021-08-15,22,False
7934,采购商,河北省,梨,小型采购商,2022-04-23,130,False
7935,普通消费者,江苏省,水果,个人,2022-01-20,23,False
7936,农技人员,广东省,蔬菜,农技服务站,2025-10-17,48,False
7937,农技人员,江苏省,水果,农技服务站,2021-10-05,24,False
7938,普通消费者,湖北省,柑橘,个人,2023-01-11,21,False
7939,普通消费者,四川省,蔬菜,个人,2020-02-26,2,True
7940,农技人员,陕西省,猕猴桃,农技服务站,2020-09-27,173,False
7941,农技人员,湖北省,莲藕,农技服务站,2020-10-18,24,False
7942,采购商,河南省,玉米,小型采购商,2020-12-17,7,True
7943,农户,江西省,柑橘,小农户,2022-11-10,113,False
7944,采购商,浙江省,杨梅,中型采购商,2023-03-15,57,False
7945,农技人员,安徽省,小麦,农技服务站,2022-05-26,33,False
7946,采购商,江西省,水稻,小型采购商,2020-07-13,30,False
7947,农技人员,云南省,咖啡,农技服务站,2021-01-22,31,False
7948,农户,湖北省,柑橘,小农户,2023-02-27,63,False
7949,农户,广西壮族自治区,柑橘,合作社,2024-08-17,143,False
7950,采购商,安徽省,小麦,中型采购商,2020-03-03,194,False
7951,农技人员,江苏省,水稻,农技服务站,2022-07-16,6,True
7952,普通消费者,浙江省,柑橘,个人,2025-06-25,93,False
7953,采购商,河南省,蔬菜,小型采购商,2024-05-10,22,False
7954,采购商,黑龙江省,大豆,大型采购商,2024-05-01,63,False
7955,农户,河南省,玉米,小农户,2022-04-06,3,True
7956,农技人员,河北省,小麦,农技服务站,2021-05-16,130,False
7957,采购商,湖南省,生猪,中型采购商,2020-04-04,36,False
7958,采购商,广东省,龙眼,大型采购商,2023-06-03,30,False
7959,农技人员,甘肃省,苹果,农技服务站,2024-02-10,80,False
7960,农户,安徽省,蔬菜,小农户,2024-02-18,20,False
7961,农户,辽宁省,苹果,小农户,2022-10-24,27,False
7962,农户,河北省,小麦,合作社,2022-01-12,149,False
7963,农户,江西省,柑橘,家庭农场,2020-02-02,126,False
7964,普通消费者,福建省,水产,个人,2021-03-28,123,False
7965,农技人员,广西壮族自治区,芒果,农技服务站,2020-03-06,20,False
7966,农户,广西壮族自治区,甘蔗,家庭农场,2021-08-06,53,False
7967,普通消费者,江西省,茶叶,个人,2022-11-01,77,False
7968,农户,福建省,柑橘,小农户,2023-08-15,76,False
7969,采购商,湖北省,水产,中型采购商,2024-01-15,61,False
7970,农户,河南省,小麦,小农户,2021-07-25,29,False
7971,普通消费者,四川省,蔬菜,个人,2020-08-07,27,False
7972,农户,安徽省,水稻,小农户,2022-09-01,20,False
7973,农户,辽宁省,水稻,小农户,2020-11-23,80,False
7974,农户,上海市,水果,小农户,2020-11-27,41,False
7975,农技人员,福建省,茶叶,农技服务站,2025-05-19,25,False
7976,农户,广东省,香蕉,家庭农场,2020-12-05,64,False
7977,采购商,宁夏回族自治区,枸杞,小型采购商,2023-05-17,20,False
7978,农户,辽宁省,苹果,小农户,2022-07-02,40,False
7979,采购商,贵州省,猕猴桃,小型采购商,2025-12-04,30,False
7980,采购商,山东省,蔬菜,小型采购商,2020-01-18,45,False
7981,农户,湖南省,水稻,家庭农场,2022-08-22,32,False
7982,农户,云南省,水果,小农户,2024-09-23,20,False
7983,农技人员,西藏自治区,中药材,农技服务站,2022-04-16,34,False
7984,采购商,西藏自治区,中药材,中型采购商,2023-12-14,55,False
7985,农户,湖南省,水稻,小农户,2024-09-18,32,False
7986,采购商,陕西省,猕猴桃,中型采购商,2020-08-21,48,False
7987,农技人员,江苏省,蔬菜,农技服务站,2023-05-16,139,False
7988,农户,四川省,猕猴桃,家庭农场,2024-12-17,20,False
7989,农户,贵州省,中药材,小农户,2025-04-06,170,False
7990,农户,山东省,苹果,家庭农场,2022-07-12,32,False
7991,农技人员,重庆市,茶叶,农技服务站,2023-03-13,24,False
7992,普通消费者,福建省,茶叶,个人,2024-01-27,48,False
7993,农技人员,黑龙江省,大豆,农技服务站,2020-01-18,33,False
7994,农户,吉林省,人参,家庭农场,2022-12-14,13,True
7995,采购商,福建省,柑橘,大型采购商,2021-08-11,46,False
7996,普通消费者,河南省,玉米,个人,2025-04-08,57,False
7997,农户,广东省,龙眼,小农户,2022-09-11,167,False
7998,农户,黑龙江省,大豆,家庭农场,2023-07-14,46,False
7999,农户,安徽省,水稻,小农户,2020-01-05,199,False
8000,农户,四川省,柑橘,家庭农场,2025-07-13,37,False
8001,农户,福建省,水产,家庭农场,2022-12-20,154,False
8002,普通消费者,浙江省,柑橘,个人,2023-12-16,20,False
8003,农户,河南省,花生,合作社,2021-06-02,33,False
8004,农户,黑龙江省,水稻,小农户,2021-06-07,25,False
8005,普通消费者,宁夏回族自治区,枸杞,个人,2023-02-19,27,False
8006,农户,湖南省,水稻,小农户,2022-03-20,27,False
8007,农户,河北省,小麦,家庭农场,2020-08-22,15,True
8008,农技人员,重庆市,茶叶,农技服务站,2022-07-01,20,False
8009,农户,福建省,水产,小农户,2020-08-24,20,False
8010,农技人员,云南省,花卉,农技服务站,2020-03-07,23,False
8011,普通消费者,新疆维吾尔自治区,哈密瓜,个人,2022-10-16,36,False
8012,农户,湖北省,水稻,家庭农场,2025-04-15,20,False
8013,农户,浙江省,水产,家庭农场,2024-11-19,33,False
8014,普通消费者,河南省,蔬菜,个人,2025-04-21,80,False
8015,农技人员,四川省,蔬菜,农技服务站,2022-12-20,179,False
8016,普通消费者,河南省,花生,个人,2022-06-21,55,False
8017,农户,山东省,苹果,小农户,2025-10-23,75,False
8018,农户,河南省,花生,小农户,2021-01-03,40,False
8019,农户,广东省,蔬菜,小农户,2024-05-09,59,False
8020,采购商,福建省,食用菌,小型采购商,2020-01-05,7,True
8021,农技人员,江西省,水稻,农技服务站,2025-08-03,23,False
8022,采购商,湖南省,茶叶,大型采购商,2020-03-04,80,False
8023,农户,湖南省,生猪,家庭农场,2022-03-03,2,True
8024,农技人员,福建省,食用菌,农技服务站,2022-03-12,23,False
8025,农户,湖南省,生猪,家庭农场,2021-03-20,11,True
8026,普通消费者,广东省,荔枝,个人,2023-02-01,20,False
8027,普通消费者,河北省,玉米,个人,2024-04-23,162,False
8028,农技人员,福建省,茶叶,农技服务站,2023-01-27,59,False
8029,采购商,辽宁省,樱桃,中型采购商,2022-09-25,177,False
8030,采购商,上海市,水产,大型采购商,2025-11-11,12,True
8031,采购商,四川省,茶叶,小型采购商,2020-05-17,71,False
8032,农户,上海市,水果,小农户,2021-03-12,25,False
8033,农技人员,湖北省,莲藕,农技服务站,2021-09-08,29,False
8034,普通消费者,云南省,花卉,个人,2021-06-02,22,False
8035,普通消费者,江苏省,大闸蟹,个人,2023-04-24,40,False
8036,农户,上海市,蔬菜,小农户,2023-05-14,58,False
8037,普通消费者,上海市,蔬菜,个人,2024-01-26,20,False
8038,农户,江苏省,水稻,小农户,2025-03-02,40,False
8039,农技人员,内蒙古自治区,马铃薯,农技服务站,2025-01-09,28,False
8040,农户,四川省,水稻,小农户,2020-10-19,110,False
8041,普通消费者,四川省,蔬菜,个人,2023-12-01,17,True
8042,普通消费者,甘肃省,小麦,个人,2024-05-22,35,False
8043,农户,河北省,梨,小农户,2022-03-28,41,False
8044,农户,浙江省,杨梅,小农户,2023-05-10,154,False
8045,农户,河北省,小麦,小农户,2021-03-26,30,False
8046,采购商,吉林省,大豆,中型采购商,2021-03-25,91,False
8047,农技人员,四川省,猕猴桃,农技服务站,2021-04-17,31,False
8048,普通消费者,安徽省,蔬菜,个人,2020-12-10,29,False
8049,农户,重庆市,蔬菜,家庭农场,2023-08-15,53,False
8050,农户,广东省,香蕉,小农户,2024-07-23,128,False
8051,农户,广东省,荔枝,合作社,2022-11-12,40,False
8052,采购商,河南省,花生,大型采购商,2023-11-14,36,False
8053,普通消费者,广西壮族自治区,香蕉,个人,2022-09-12,20,False
8054,农技人员,黑龙江省,玉米,农技服务站,2022-11-26,27,False
8055,普通消费者,辽宁省,苹果,个人,2022-11-21,152,False
8056,农技人员,辽宁省,樱桃,农技服务站,2025-08-25,51,False
8057,农户,河北省,小麦,合作社,2025-11-23,119,False
8058,采购商,山东省,蔬菜,小型采购商,2023-07-04,33,False
8059,农技人员,四川省,茶叶,农技服务站,2020-02-23,46,False
8060,普通消费者,浙江省,茶叶,个人,2020-08-10,160,False
8061,农技人员,福建省,水产,农技服务站,2024-07-04,18,True
8062,农技人员,四川省,茶叶,农技服务站,2020-12-17,80,False
8063,农户,湖北省,水稻,家庭农场,2025-03-14,55,False
8064,采购商,浙江省,水产,小型采购商,2022-03-02,34,False
8065,农户,甘肃省,马铃薯,家庭农场,2023-10-25,133,False
8066,采购商,浙江省,柑橘,小型采购商,2021-07-18,25,False
8067,采购商,贵州省,猕猴桃,中型采购商,2020-10-24,5,True
8068,采购商,河南省,小麦,小型采购商,2025-08-26,20,False
8069,农户,湖北省,柑橘,小农户,2021-04-26,7,True
8070,普通消费者,河北省,小麦,个人,2022-07-23,30,False
8071,普通消费者,西藏自治区,青稞,个人,2023-03-25,174,False
8072,农户,辽宁省,水产,小农户,2020-02-17,28,False
8073,普通消费者,广西壮族自治区,甘蔗,个人,2025-02-19,40,False
8074,农技人员,内蒙古自治区,牛奶,农技服务站,2020-11-11,30,False
8075,农户,辽宁省,苹果,小农户,2021-02-05,28,False
8076,普通消费者,四川省,蔬菜,个人,2024-08-07,20,False
8077,农户,浙江省,茶叶,合作社,2022-12-01,20,False
8078,普通消费者,广东省,蔬菜,个人,2020-11-18,129,False
8079,采购商,辽宁省,水稻,小型采购商,2024-12-04,42,False
8080,农户,江苏省,大闸蟹,家庭农场,2022-09-21,15,True
8081,普通消费者,贵州省,中药材,个人,2024-05-24,165,False
8082,普通消费者,广东省,香蕉,个人,2020-03-05,78,False
8083,采购商,宁夏回族自治区,小麦,小型采购商,2020-09-02,31,False
8084,农技人员,湖北省,莲藕,农技服务站,2021-08-19,39,False
8085,采购商,吉林省,大豆,大型采购商,2022-02-23,84,False
8086,农技人员,湖北省,柑橘,农技服务站,2020-12-27,18,True
8087,农户,湖南省,茶叶,小农户,2025-08-04,17,True
8088,农户,江苏省,蔬菜,合作社,2021-04-15,123,False
8089,农户,广东省,蔬菜,小农户,2022-09-14,53,False
8090,普通消费者,内蒙古自治区,羊肉,个人,2021-03-11,191,False
8091,普通消费者,江苏省,大闸蟹,个人,2021-08-15,22,False
8092,农户,安徽省,小麦,小农户,2022-08-28,39,False
8093,普通消费者,甘肃省,苹果,个人,2024-08-22,22,False
8094,采购商,山东省,蔬菜,中型采购商,2025-11-22,51,False
8095,采购商,四川省,猕猴桃,小型采购商,2021-04-22,97,False
8096,普通消费者,西藏自治区,青稞,个人,2021-11-27,35,False
8097,采购商,福建省,食用菌,大型采购商,2021-06-27,2,True
8098,农户,江苏省,水果,小农户,2021-07-13,38,False
8099,农户,云南省,水果,家庭农场,2024-07-24,22,False
8100,农户,四川省,蔬菜,小农户,2025-06-28,47,False
8101,普通消费者,陕西省,红枣,个人,2022-06-24,80,False
8102,采购商,安徽省,蔬菜,小型采购商,2023-06-19,20,False
8103,普通消费者,福建省,茶叶,个人,2024-11-18,27,False
8104,农户,湖南省,生猪,小农户,2021-05-06,37,False
8105,普通消费者,安徽省,水稻,个人,2022-05-24,49,False
8106,农技人员,江苏省,水果,农技服务站,2023-01-25,25,False
8107,普通消费者,江西省,水稻,个人,2020-11-22,20,False
8108,农户,新疆维吾尔自治区,葡萄,家庭农场,2023-07-12,6,True
8109,普通消费者,湖南省,茶叶,个人,2024-01-15,65,False
8110,农户,山东省,蔬菜,小农户,2022-07-06,107,False
8111,农户,江西省,茶叶,小农户,2022-02-11,48,False
8112,农户,陕西省,猕猴桃,家庭农场,2024-05-16,20,False
8113,农户,湖南省,生猪,合作社,2022-11-25,24,False
8114,农户,福建省,柑橘,小农户,2022-05-04,72,False
8115,农技人员,安徽省,蔬菜,农技服务站,2024-12-24,68,False
8116,农技人员,河南省,玉米,农技服务站,2024-02-26,52,False
8117,采购商,重庆市,蔬菜,中型采购商,2025-11-22,30,False
8118,农户,北京市,蔬菜,家庭农场,2020-12-13,34,False
8119,农技人员,湖北省,莲藕,农技服务站,2022-08-17,186,False
8120,农技人员,湖北省,柑橘,农技服务站,2020-08-03,31,False
8121,普通消费者,湖南省,茶叶,个人,2022-02-22,58,False
8122,农户,云南省,水果,合作社,2025-02-17,21,False
8123,农技人员,四川省,水稻,农技服务站,2022-04-24,22,False
8124,采购商,广东省,荔枝,小型采购商,2022-02-19,19,True
8125,采购商,广西壮族自治区,芒果,中型采购商,2020-02-16,54,False
8126,农户,江苏省,大闸蟹,家庭农场,2022-01-10,32,False
8127,普通消费者,内蒙古自治区,牛奶,个人,2024-10-21,65,False
8128,农户,湖北省,水稻,小农户,2021-06-15,23,False
8129,农户,山东省,苹果,小农户,2022-11-28,32,False
8130,农户,湖南省,水稻,家庭农场,2021-09-21,20,False
8131,采购商,福建省,水产,大型采购商,2023-04-04,33,False
8132,农户,四川省,蔬菜,小农户,2023-01-09,179,False
8133,农户,福建省,水产,小农户,2021-06-09,20,False
8134,普通消费者,浙江省,柑橘,个人,2025-11-17,25,False
8135,普通消费者,福建省,食用菌,个人,2024-09-16,20,False
8136,采购商,山东省,花生,小型采购商,2024-12-10,6,True
8137,农户,广东省,蔬菜,小农户,2024-11-07,46,False
8138,农户,浙江省,水产,小农户,2022-03-13,47,False
8139,普通消费者,河南省,小麦,个人,2020-04-28,146,False
8140,普通消费者,河北省,小麦,个人,2025-06-16,20,False
8141,普通消费者,河南省,花生,个人,2023-12-12,144,False
8142,农技人员,四川省,水稻,农技服务站,2024-07-09,64,False
8143,农户,福建省,食用菌,小农户,2024-11-12,80,False
8144,农户,湖南省,生猪,小农户,2024-07-15,136,False
8145,农技人员,江苏省,大闸蟹,农技服务站,2022-10-15,33,False
8146,普通消费者,安徽省,水稻,个人,2021-11-13,191,False
8147,采购商,福建省,柑橘,小型采购商,2020-04-26,24,False
8148,普通消费者,广西壮族自治区,甘蔗,个人,2025-06-24,80,False
8149,采购商,西藏自治区,青稞,大型采购商,2025-04-28,20,False
8150,农户,广西壮族自治区,甘蔗,家庭农场,2023-02-15,14,True
8151,农户,甘肃省,马铃薯,小农户,2023-02-23,33,False
8152,农户,湖南省,茶叶,小农户,2022-07-13,36,False
8153,农户,云南省,水果,小农户,2025-09-22,64,False
8154,农户,辽宁省,樱桃,家庭农场,2021-01-10,103,False
8155,农户,广东省,龙眼,合作社,2022-11-18,39,False
8156,普通消费者,广西壮族自治区,香蕉,个人,2025-01-25,8,True
8157,农户,云南省,花卉,家庭农场,2025-08-23,25,False
8158,采购商,山东省,蔬菜,中型采购商,2025-10-05,20,False
8159,普通消费者,四川省,柑橘,个人,2023-01-24,27,False
8160,普通消费者,甘肃省,马铃薯,个人,2025-09-11,16,True
8161,采购商,安徽省,水稻,大型采购商,2020-04-20,20,False
8162,农户,甘肃省,小麦,小农户,2025-05-20,33,False
8163,普通消费者,云南省,花卉,个人,2020-04-18,1,True
8164,采购商,广东省,龙眼,中型采购商,2021-07-24,24,False
8165,普通消费者,宁夏回族自治区,小麦,个人,2023-02-10,20,False
8166,农户,河北省,红枣,小农户,2022-06-14,11,True
8167,农技人员,河北省,小麦,农技服务站,2020-07-23,157,False
8168,农户,山西省,红枣,小农户,2021-02-24,62,False
8169,采购商,安徽省,茶叶,中型采购商,2024-10-07,25,False
8170,农户,四川省,水稻,合作社,2024-10-26,20,False
8171,农户,四川省,柑橘,小农户,2025-03-21,188,False
8172,采购商,吉林省,大豆,大型采购商,2023-09-08,91,False
8173,采购商,云南省,咖啡,小型采购商,2024-09-07,30,False
8174,普通消费者,广东省,香蕉,个人,2021-08-10,34,False
8175,采购商,江苏省,水果,中型采购商,2024-05-16,20,False
8176,农户,河南省,玉米,小农户,2025-04-03,3,True
8177,农户,重庆市,柑橘,小农户,2025-04-24,39,False
8178,普通消费者,陕西省,猕猴桃,个人,2021-05-03,5,True
8179,普通消费者,江苏省,蔬菜,个人,2020-06-20,20,False
8180,农户,四川省,茶叶,家庭农场,2023-09-10,77,False
8181,农户,福建省,水产,家庭农场,2025-09-20,43,False
8182,采购商,重庆市,生猪,中型采购商,2024-07-05,27,False
8183,农户,河南省,蔬菜,小农户,2025-09-21,3,True
8184,采购商,甘肃省,马铃薯,小型采购商,2020-09-24,124,False
8185,普通消费者,辽宁省,樱桃,个人,2020-07-12,16,True
8186,农技人员,河南省,花生,农技服务站,2020-06-05,186,False
8187,农技人员,四川省,水稻,农技服务站,2022-10-14,185,False
8188,农户,湖南省,水稻,小农户,2020-09-10,22,False
8189,采购商,江苏省,水稻,小型采购商,2020-05-05,177,False
8190,农户,河南省,小麦,家庭农场,2023-09-18,122,False
8191,普通消费者,浙江省,柑橘,个人,2021-12-17,117,False
8192,农户,广东省,龙眼,小农户,2025-01-28,31,False
8193,普通消费者,四川省,茶叶,个人,2025-08-01,8,True
8194,普通消费者,江苏省,大闸蟹,个人,2021-06-26,83,False
8195,农技人员,湖北省,水稻,农技服务站,2025-06-16,194,False
8196,农技人员,新疆维吾尔自治区,哈密瓜,农技服务站,2021-09-13,113,False
8197,农户,山东省,蔬菜,小农户,2022-04-26,44,False
8198,采购商,山东省,蔬菜,中型采购商,2022-11-11,32,False
8199,农户,湖南省,茶叶,家庭农场,2021-04-02,29,False
8200,农户,山西省,小米,家庭农场,2025-06-18,34,False
8201,农技人员,浙江省,杨梅,农技服务站,2021-06-01,135,False
8202,农户,河南省,小麦,家庭农场,2024-10-09,24,False
8203,普通消费者,辽宁省,水稻,个人,2021-08-07,27,False
8204,农户,吉林省,水稻,家庭农场,2023-12-28,123,False
8205,农技人员,福建省,茶叶,农技服务站,2021-03-01,20,False
8206,农户,河南省,花生,家庭农场,2025-11-19,99,False
8207,农技人员,浙江省,柑橘,农技服务站,2021-12-09,53,False
8208,农户,河南省,花生,家庭农场,2024-02-09,38,False
8209,采购商,四川省,猕猴桃,小型采购商,2023-10-17,115,False
8210,农户,湖北省,水产,家庭农场,2025-11-14,22,False
8211,农户,四川省,柑橘,家庭农场,2023-04-10,172,False
8212,采购商,河南省,小麦,小型采购商,2021-11-25,80,False
8213,采购商,湖北省,莲藕,小型采购商,2023-06-05,199,False
8214,普通消费者,浙江省,柑橘,个人,2025-03-09,194,False
8215,普通消费者,江西省,水稻,个人,2021-06-19,34,False
8216,普通消费者,江苏省,水稻,个人,2024-04-11,2,True
8217,农户,福建省,食用菌,小农户,2025-09-19,20,False
8218,普通消费者,湖北省,莲藕,个人,2021-04-12,18,True
8219,普通消费者,四川省,柑橘,个人,2023-05-06,50,False
8220,农户,山东省,小麦,小农户,2025-04-23,40,False
8221,农户,湖北省,柑橘,小农户,2024-07-20,40,False
8222,普通消费者,内蒙古自治区,羊肉,个人,2020-06-12,186,False
8223,普通消费者,浙江省,水产,个人,2020-05-27,26,False
8224,采购商,广西壮族自治区,柑橘,小型采购商,2021-05-20,41,False
8225,农户,山西省,红枣,家庭农场,2024-08-10,29,False
8226,农户,河北省,玉米,小农户,2022-11-01,43,False
8227,农户,宁夏回族自治区,枸杞,小农户,2025-01-08,20,False
8228,农户,辽宁省,苹果,小农户,2022-10-15,26,False
8229,农技人员,四川省,茶叶,农技服务站,2021-05-17,78,False
8230,采购商,江苏省,水稻,小型采购商,2022-05-25,22,False
8231,农技人员,江苏省,蔬菜,农技服务站,2020-09-05,150,False
8232,农户,辽宁省,苹果,合作社,2020-04-15,24,False
8233,采购商,江苏省,水稻,小型采购商,2021-08-04,26,False
8234,农户,浙江省,柑橘,小农户,2023-09-27,20,False
8235,普通消费者,辽宁省,水产,个人,2021-01-07,101,False
8236,农户,广东省,龙眼,家庭农场,2023-01-10,20,False
8237,农户,甘肃省,小麦,合作社,2022-01-06,29,False
8238,农户,江苏省,大闸蟹,小农户,2024-01-06,35,False
8239,采购商,山东省,苹果,中型采购商,2025-05-24,32,False
8240,农户,江苏省,水稻,小农户,2025-09-17,30,False
8241,农技人员,湖北省,莲藕,农技服务站,2024-01-19,33,False
8242,采购商,河北省,小麦,中型采购商,2025-02-24,55,False
8243,普通消费者,江苏省,水稻,个人,2023-03-03,30,False
8244,普通消费者,山东省,蔬菜,个人,2022-05-15,24,False
8245,采购商,湖北省,柑橘,大型采购商,2022-06-12,28,False
8246,普通消费者,浙江省,杨梅,个人,2025-09-04,94,False
8247,普通消费者,辽宁省,水产,个人,2023-11-04,87,False
8248,采购商,重庆市,蔬菜,小型采购商,2025-11-07,44,False
8249,农技人员,浙江省,杨梅,农技服务站,2025-02-21,67,False
8250,采购商,河北省,玉米,中型采购商,2023-05-11,24,False
8251,农户,湖南省,柑橘,合作社,2020-08-14,109,False
8252,农技人员,陕西省,猕猴桃,农技服务站,2023-05-28,34,False
8253,农户,上海市,水果,小农户,2020-05-13,39,False
8254,农技人员,辽宁省,苹果,农技服务站,2024-06-17,20,False
8255,农户,河南省,蔬菜,小农户,2021-02-02,33,False
8256,农户,江苏省,水果,小农户,2022-11-10,20,False
8257,农户,河北省,梨,合作社,2020-07-01,20,False
8258,农户,河南省,蔬菜,家庭农场,2020-10-07,39,False
8259,采购商,河南省,蔬菜,小型采购商,2024-04-12,27,False
8260,采购商,新疆维吾尔自治区,红枣,小型采购商,2020-12-11,36,False
8261,采购商,湖南省,生猪,小型采购商,2020-09-18,32,False
8262,采购商,河南省,蔬菜,中型采购商,2020-02-07,20,False
8263,采购商,湖南省,生猪,小型采购商,2021-02-23,32,False
8264,农技人员,云南省,水果,农技服务站,2022-10-09,118,False
8265,农户,湖北省,柑橘,小农户,2022-06-08,136,False
8266,采购商,浙江省,水产,中型采购商,2025-07-05,20,False
8267,农户,黑龙江省,大豆,小农户,2025-01-25,66,False
8268,农户,青海省,油菜,小农户,2021-04-23,20,False
8269,普通消费者,广西壮族自治区,甘蔗,个人,2023-09-16,30,False
8270,采购商,浙江省,水产,小型采购商,2021-02-04,20,False
8271,农技人员,山西省,小米,农技服务站,2025-07-05,44,False
8272,普通消费者,福建省,水产,个人,2023-04-11,28,False
8273,农户,四川省,蔬菜,小农户,2022-05-25,146,False
8274,农户,西藏自治区,青稞,家庭农场,2023-10-22,25,False
8275,普通消费者,云南省,花卉,个人,2024-04-28,50,False
8276,普通消费者,北京市,花卉,个人,2020-07-28,33,False
8277,农户,广西壮族自治区,甘蔗,小农户,2024-03-19,42,False
8278,普通消费者,浙江省,水产,个人,2025-12-16,20,False
8279,农技人员,辽宁省,水产,农技服务站,2021-06-05,20,False
8280,农技人员,四川省,茶叶,农技服务站,2022-06-01,34,False
8281,采购商,广东省,龙眼,大型采购商,2021-09-19,3,True
8282,农技人员,重庆市,蔬菜,农技服务站,2020-11-16,28,False
8283,普通消费者,湖北省,水产,个人,2020-09-06,45,False
8284,采购商,湖南省,茶叶,小型采购商,2021-09-21,18,True
8285,农户,河南省,玉米,家庭农场,2022-07-14,14,True
8286,农户,湖北省,莲藕,小农户,2023-07-06,125,False
8287,普通消费者,吉林省,大豆,个人,2021-09-26,31,False
8288,农户,福建省,柑橘,合作社,2025-12-17,36,False
8289,采购商,陕西省,猕猴桃,中型采购商,2024-02-15,20,False
8290,农户,福建省,水产,小农户,2022-03-15,80,False
8291,农户,福建省,食用菌,合作社,2025-11-22,138,False
8292,农户,黑龙江省,玉米,小农户,2021-01-25,30,False
8293,农技人员,内蒙古自治区,小麦,农技服务站,2025-06-26,46,False
8294,普通消费者,湖北省,莲藕,个人,2023-02-17,21,False
8295,普通消费者,陕西省,小麦,个人,2024-01-16,38,False
8296,采购商,广西壮族自治区,甘蔗,小型采购商,2020-08-19,20,False
8297,农技人员,上海市,蔬菜,农技服务站,2020-03-06,8,True
8298,采购商,湖南省,柑橘,小型采购商,2021-03-08,41,False
8299,农户,四川省,猕猴桃,小农户,2022-06-21,27,False
8300,农户,辽宁省,樱桃,家庭农场,2020-03-12,33,False
8301,普通消费者,吉林省,大豆,个人,2020-02-07,46,False
8302,农技人员,广东省,龙眼,农技服务站,2022-12-11,13,True
8303,农户,广西壮族自治区,柑橘,小农户,2024-06-01,163,False
8304,普通消费者,湖南省,生猪,个人,2022-11-16,20,False
8305,普通消费者,江西省,柑橘,个人,2025-02-10,23,False
8306,普通消费者,湖南省,茶叶,个人,2021-03-17,41,False
8307,农户,河北省,梨,小农户,2024-11-19,82,False
8308,农技人员,福建省,茶叶,农技服务站,2024-10-05,80,False
8309,普通消费者,四川省,猕猴桃,个人,2022-10-02,30,False
8310,采购商,广东省,蔬菜,小型采购商,2024-10-02,129,False
8311,采购商,山西省,小麦,中型采购商,2024-01-07,44,False
8312,农户,黑龙江省,小麦,家庭农场,2020-06-07,149,False
8313,采购商,江苏省,蔬菜,小型采购商,2022-03-27,31,False
8314,采购商,四川省,蔬菜,中型采购商,2023-12-25,80,False
8315,农户,上海市,蔬菜,家庭农场,2022-02-09,20,False
8316,普通消费者,河南省,蔬菜,个人,2025-11-21,193,False
8317,农户,江苏省,水稻,家庭农场,2021-04-27,34,False
8318,农户,山西省,小麦,小农户,2023-03-23,104,False
8319,普通消费者,广东省,蔬菜,个人,2024-02-20,20,False
8320,普通消费者,山西省,小米,个人,2022-08-21,20,False
8321,农技人员,新疆维吾尔自治区,红枣,农技服务站,2021-03-23,38,False
8322,采购商,广东省,香蕉,大型采购商,2020-08-07,102,False
8323,农户,河南省,蔬菜,小农户,2021-05-16,169,False
8324,农户,山东省,小麦,小农户,2022-11-23,35,False
8325,农户,云南省,水果,小农户,2022-02-28,28,False
8326,农技人员,广东省,蔬菜,农技服务站,2024-08-26,31,False
8327,农户,青海省,牦牛,小农户,2025-12-01,189,False
8328,采购商,山东省,小麦,大型采购商,2024-11-25,80,False
8329,农户,河北省,小麦,小农户,2021-02-25,29,False
8330,普通消费者,四川省,猕猴桃,个人,2025-01-07,42,False
8331,农技人员,宁夏回族自治区,马铃薯,农技服务站,2021-10-10,23,False
8332,农技人员,河北省,玉米,农技服务站,2022-06-04,38,False
8333,农户,山东省,花生,家庭农场,2021-09-24,29,False
8334,农技人员,河北省,玉米,农技服务站,2020-07-28,5,True
8335,农技人员,湖南省,茶叶,农技服务站,2024-08-27,26,False
8336,普通消费者,广西壮族自治区,甘蔗,个人,2021-09-27,14,True
8337,采购商,山西省,核桃,中型采购商,2021-02-04,20,False
8338,普通消费者,河南省,蔬菜,个人,2020-06-13,140,False
8339,采购商,江西省,油茶,中型采购商,2021-05-03,80,False
8340,普通消费者,山东省,蔬菜,个人,2025-09-22,88,False
8341,农户,河南省,玉米,小农户,2025-06-21,59,False
8342,农技人员,湖南省,茶叶,农技服务站,2022-06-02,121,False
8343,农户,福建省,食用菌,家庭农场,2025-12-28,19,True
8344,农户,广东省,蔬菜,小农户,2024-10-19,35,False
8345,采购商,吉林省,大豆,中型采购商,2020-07-02,20,False
8346,农户,云南省,茶叶,小农户,2022-10-10,5,True
8347,农户,福建省,茶叶,小农户,2020-08-15,27,False
8348,农户,天津市,水果,家庭农场,2022-04-01,80,False
8349,采购商,河南省,蔬菜,中型采购商,2023-08-02,29,False
8350,采购商,福建省,食用菌,小型采购商,2022-02-23,57,False
8351,普通消费者,陕西省,苹果,个人,2021-03-12,68,False
8352,农户,陕西省,红枣,家庭农场,2025-01-10,36,False
8353,农技人员,湖北省,柑橘,农技服务站,2021-02-05,21,False
8354,农户,广西壮族自治区,芒果,小农户,2022-05-21,176,False
8355,农户,山东省,小麦,家庭农场,2025-02-01,20,False
8356,农户,吉林省,玉米,家庭农场,2023-02-08,142,False
8357,采购商,内蒙古自治区,小麦,小型采购商,2024-11-21,46,False
8358,农户,江苏省,水果,小农户,2021-08-06,2,True
8359,农户,河南省,花生,小农户,2022-01-04,22,False
8360,农技人员,江苏省,水果,农技服务站,2025-11-28,36,False
8361,采购商,江苏省,水果,小型采购商,2022-06-27,6,True
8362,采购商,广东省,荔枝,大型采购商,2024-07-18,134,False
8363,农技人员,浙江省,杨梅,农技服务站,2023-10-26,178,False
8364,采购商,浙江省,柑橘,中型采购商,2021-01-19,20,False
8365,采购商,湖南省,茶叶,小型采购商,2024-10-22,29,False
8366,采购商,湖北省,水稻,小型采购商,2022-07-04,140,False
8367,普通消费者,四川省,柑橘,个人,2023-12-27,33,False
8368,采购商,广东省,蔬菜,小型采购商,2021-02-10,180,False
8369,农户,河南省,小麦,小农户,2024-12-06,37,False
8370,普通消费者,辽宁省,水产,个人,2024-07-28,20,False
8371,农户,广西壮族自治区,香蕉,家庭农场,2023-04-05,60,False
8372,农户,新疆维吾尔自治区,哈密瓜,家庭农场,2025-02-08,24,False
8373,农户,四川省,茶叶,小农户,2023-11-20,20,False
8374,农技人员,浙江省,柑橘,农技服务站,2023-05-12,12,True
8375,采购商,湖南省,茶叶,中型采购商,2021-07-03,193,False
8376,农技人员,安徽省,小麦,农技服务站,2022-04-21,31,False
8377,采购商,四川省,猕猴桃,中型采购商,2020-03-11,101,False
8378,农户,湖北省,水产,小农户,2022-12-10,5,True
8379,农户,江苏省,水果,小农户,2021-07-03,87,False
8380,农户,江苏省,水稻,家庭农场,2020-08-06,33,False
8381,普通消费者,山西省,小米,个人,2022-12-07,7,True
8382,采购商,湖北省,柑橘,小型采购商,2023-07-13,35,False
8383,采购商,广东省,蔬菜,中型采购商,2021-05-25,65,False
8384,普通消费者,河南省,花生,个人,2025-02-06,165,False
8385,农技人员,湖南省,水稻,农技服务站,2021-12-17,29,False
8386,普通消费者,河南省,蔬菜,个人,2023-10-19,31,False
8387,农户,西藏自治区,中药材,小农户,2022-12-28,18,True
8388,农户,内蒙古自治区,牛奶,小农户,2020-12-01,20,False
8389,农户,湖南省,柑橘,小农户,2024-07-17,146,False
8390,农户,浙江省,柑橘,小农户,2020-07-12,158,False
8391,农户,新疆维吾尔自治区,红枣,家庭农场,2020-03-01,49,False
8392,农户,贵州省,茶叶,家庭农场,2024-07-25,36,False
8393,普通消费者,四川省,茶叶,个人,2024-07-05,193,False
8394,采购商,江西省,柑橘,小型采购商,2023-01-13,26,False
8395,农户,福建省,柑橘,家庭农场,2024-10-11,168,False
8396,农户,河南省,花生,家庭农场,2022-11-03,20,False
8397,普通消费者,江苏省,水果,个人,2021-12-18,68,False
8398,采购商,浙江省,杨梅,中型采购商,2020-06-28,9,True
8399,普通消费者,贵州省,茶叶,个人,2025-07-21,20,False
8400,农技人员,浙江省,茶叶,农技服务站,2024-06-19,24,False
8401,农户,安徽省,水稻,小农户,2024-11-17,39,False
8402,农户,浙江省,水产,小农户,2020-02-14,20,False
8403,农户,宁夏回族自治区,枸杞,小农户,2024-10-22,103,False
8404,农技人员,内蒙古自治区,牛奶,农技服务站,2024-09-20,20,False
8405,农户,湖南省,水稻,家庭农场,2023-09-04,199,False
8406,普通消费者,浙江省,杨梅,个人,2025-09-23,20,False
8407,农户,山东省,苹果,小农户,2024-04-08,129,False
8408,普通消费者,内蒙古自治区,牛奶,个人,2022-10-07,47,False
8409,采购商,广东省,龙眼,小型采购商,2021-07-15,25,False
8410,普通消费者,黑龙江省,小麦,个人,2023-12-28,11,True
8411,普通消费者,湖南省,水稻,个人,2023-01-20,119,False
8412,采购商,浙江省,水产,中型采购商,2023-01-25,80,False
8413,普通消费者,湖北省,柑橘,个人,2025-10-13,190,False
8414,普通消费者,云南省,水果,个人,2021-01-15,20,False
8415,农技人员,四川省,茶叶,农技服务站,2024-08-24,20,False
8416,农户,海南省,橡胶,小农户,2020-10-20,24,False
8417,普通消费者,安徽省,蔬菜,个人,2022-03-04,37,False
8418,普通消费者,辽宁省,水稻,个人,2024-10-23,26,False
8419,农户,黑龙江省,小麦,小农户,2022-04-23,44,False
8420,采购商,甘肃省,苹果,小型采购商,2022-06-15,125,False
8421,普通消费者,上海市,水产,个人,2023-04-18,123,False
8422,采购商,广西壮族自治区,香蕉,中型采购商,2024-02-12,90,False
8423,农户,四川省,柑橘,家庭农场,2023-07-07,20,False
8424,农户,陕西省,红枣,家庭农场,2023-04-25,137,False
8425,农户,湖北省,水产,小农户,2023-05-28,20,False
8426,农技人员,内蒙古自治区,小麦,农技服务站,2022-04-09,14,True
8427,农户,辽宁省,水产,家庭农场,2022-02-03,120,False
8428,农技人员,广东省,香蕉,农技服务站,2022-01-14,4,True
8429,农户,山东省,花生,家庭农场,2021-07-20,20,False
8430,普通消费者,重庆市,蔬菜,个人,2023-09-23,110,False
8431,农户,黑龙江省,大豆,小农户,2021-08-07,14,True
8432,普通消费者,河南省,玉米,个人,2023-10-17,176,False
8433,农户,四川省,茶叶,小农户,2025-10-15,20,False
8434,农技人员,西藏自治区,牦牛,农技服务站,2024-02-21,25,False
8435,采购商,黑龙江省,水稻,小型采购商,2024-09-07,178,False
8436,采购商,云南省,咖啡,小型采购商,2023-05-13,4,True
8437,农户,四川省,茶叶,小农户,2021-09-11,86,False
8438,农户,江苏省,水果,家庭农场,2024-07-18,122,False
8439,采购商,河南省,玉米,大型采购商,2020-01-25,28,False
8440,普通消费者,广西壮族自治区,香蕉,个人,2025-08-10,24,False
8441,农户,山东省,苹果,小农户,2025-01-07,98,False
8442,农户,浙江省,水产,家庭农场,2021-02-16,14,True
8443,农技人员,西藏自治区,中药材,农技服务站,2020-11-26,61,False
8444,采购商,山东省,花生,中型采购商,2021-02-03,141,False
8445,农户,广东省,香蕉,小农户,2022-09-08,130,False
8446,普通消费者,安徽省,水稻,个人,2025-12-22,61,False
8447,农户,江西省,茶叶,小农户,2025-02-27,28,False
8448,普通消费者,陕西省,猕猴桃,个人,2021-01-18,20,False
8449,农户,四川省,水稻,小农户,2020-12-23,24,False
8450,普通消费者,重庆市,蔬菜,个人,2024-10-09,24,False
8451,农户,江苏省,水稻,家庭农场,2023-01-25,23,False
8452,普通消费者,山东省,花生,个人,2022-01-24,23,False
8453,采购商,江苏省,大闸蟹,小型采购商,2022-02-22,185,False
8454,农户,湖南省,生猪,小农户,2024-07-06,6,True
8455,普通消费者,广东省,龙眼,个人,2024-06-01,23,False
8456,采购商,内蒙古自治区,小麦,中型采购商,2020-01-25,27,False
8457,普通消费者,浙江省,茶叶,个人,2024-08-05,24,False
8458,农技人员,四川省,猕猴桃,农技服务站,2025-02-24,36,False
8459,农户,河北省,玉米,合作社,2020-10-01,39,False
8460,采购商,山东省,花生,中型采购商,2024-02-20,81,False
8461,农户,贵州省,茶叶,小农户,2024-06-19,12,True
8462,农户,广东省,荔枝,家庭农场,2023-07-12,142,False
8463,普通消费者,河南省,小麦,个人,2021-09-13,173,False
8464,农户,广东省,香蕉,小农户,2020-11-19,21,False
8465,普通消费者,西藏自治区,中药材,个人,2025-03-06,62,False
8466,采购商,陕西省,红枣,小型采购商,2022-01-23,20,False
8467,农技人员,山西省,小米,农技服务站,2022-10-21,20,False
8468,农户,四川省,蔬菜,小农户,2023-12-22,40,False
8469,农技人员,四川省,柑橘,农技服务站,2025-09-06,22,False
8470,普通消费者,陕西省,苹果,个人,2022-04-06,181,False
8471,农户,湖北省,莲藕,小农户,2025-01-25,38,False
8472,农技人员,四川省,水稻,农技服务站,2024-07-04,137,False
8473,普通消费者,四川省,茶叶,个人,2020-04-11,20,False
8474,农技人员,江苏省,大闸蟹,农技服务站,2021-05-05,193,False
8475,普通消费者,西藏自治区,牦牛,个人,2020-12-08,66,False
8476,采购商,浙江省,柑橘,小型采购商,2020-08-24,46,False
8477,普通消费者,内蒙古自治区,羊肉,个人,2024-01-23,20,False
8478,农技人员,福建省,茶叶,农技服务站,2020-12-15,20,False
8479,农户,青海省,青稞,小农户,2025-07-24,16,True
8480,农户,山西省,小麦,小农户,2023-01-05,76,False
8481,农户,四川省,柑橘,小农户,2020-01-18,22,False
8482,农技人员,内蒙古自治区,马铃薯,农技服务站,2024-02-10,21,False
8483,采购商,内蒙古自治区,羊肉,中型采购商,2022-02-26,20,False
8484,普通消费者,青海省,油菜,个人,2020-12-17,27,False
8485,农户,湖北省,柑橘,小农户,2024-08-05,29,False
8486,农技人员,吉林省,人参,农技服务站,2023-02-07,175,False
8487,农户,山东省,蔬菜,小农户,2025-07-17,174,False
8488,采购商,四川省,茶叶,中型采购商,2025-08-20,47,False
8489,农户,湖北省,水产,家庭农场,2024-08-17,20,False
8490,农户,广东省,荔枝,小农户,2024-06-28,20,False
8491,农户,山东省,花生,家庭农场,2022-05-18,41,False
8492,农户,陕西省,红枣,小农户,2021-11-08,54,False
8493,农户,河南省,花生,家庭农场,2020-01-17,20,False
8494,农户,吉林省,人参,小农户,2020-09-22,56,False
8495,农技人员,广东省,香蕉,农技服务站,2024-11-26,33,False
8496,采购商,湖南省,生猪,中型采购商,2024-12-15,57,False
8497,普通消费者,江苏省,水果,个人,2023-08-11,31,False
8498,农技人员,青海省,牦牛,农技服务站,2025-08-26,20,False
8499,农户,河南省,花生,小农户,2020-12-04,4,True
8500,普通消费者,河南省,蔬菜,个人,2022-05-14,30,False
8501,普通消费者,山东省,苹果,个人,2025-06-22,56,False
8502,农户,安徽省,水稻,小农户,2025-05-09,21,False
8503,采购商,浙江省,柑橘,小型采购商,2020-07-23,88,False
8504,普通消费者,上海市,蔬菜,个人,2020-08-21,27,False
8505,农技人员,海南省,橡胶,农技服务站,2021-06-06,30,False
8506,农技人员,重庆市,生猪,农技服务站,2020-10-07,10,True
8507,普通消费者,湖北省,柑橘,个人,2025-10-01,20,False
8508,农技人员,河南省,玉米,农技服务站,2021-12-09,122,False
8509,采购商,重庆市,茶叶,大型采购商,2020-04-07,76,False
8510,普通消费者,北京市,花卉,个人,2024-06-09,21,False
8511,农户,广东省,龙眼,小农户,2020-07-20,42,False
8512,农技人员,河南省,蔬菜,农技服务站,2023-08-26,31,False
8513,农户,广东省,蔬菜,家庭农场,2024-09-18,62,False
8514,农户,内蒙古自治区,小麦,家庭农场,2023-06-14,40,False
8515,农户,广西壮族自治区,柑橘,小农户,2020-04-09,29,False
8516,普通消费者,湖南省,茶叶,个人,2025-05-27,21,False
8517,农技人员,河北省,梨,农技服务站,2021-06-07,49,False
8518,农户,安徽省,水稻,家庭农场,2024-01-03,18,True
8519,农技人员,山东省,蔬菜,农技服务站,2024-09-24,20,False
8520,农户,河南省,小麦,家庭农场,2023-11-21,45,False
8521,普通消费者,河南省,玉米,个人,2024-07-22,20,False
8522,采购商,四川省,茶叶,小型采购商,2020-04-27,61,False
8523,普通消费者,云南省,水果,个人,2025-05-02,35,False
8524,采购商,上海市,蔬菜,中型采购商,2022-12-03,45,False
8525,农户,江苏省,水果,合作社,2021-06-02,34,False
8526,农户,贵州省,猕猴桃,小农户,2022-02-13,20,False
8527,农户,河北省,梨,小农户,2021-04-14,21,False
8528,普通消费者,江西省,柑橘,个人,2021-06-05,173,False
8529,普通消费者,河北省,玉米,个人,2020-02-28,46,False
8530,普通消费者,福建省,柑橘,个人,2020-12-11,5,True
8531,农技人员,安徽省,茶叶,农技服务站,2025-09-03,35,False
8532,普通消费者,辽宁省,水产,个人,2025-01-23,59,False
8533,农户,宁夏回族自治区,枸杞,小农户,2022-08-19,40,False
8534,采购商,湖北省,莲藕,中型采购商,2021-05-26,20,False
8535,普通消费者,吉林省,大豆,个人,2024-03-20,22,False
8536,农技人员,河南省,蔬菜,农技服务站,2021-04-08,85,False
8537,农户,四川省,茶叶,小农户,2025-07-26,110,False
8538,农户,辽宁省,水稻,小农户,2025-01-04,161,False
8539,农技人员,辽宁省,苹果,农技服务站,2024-05-01,34,False
8540,农户,山东省,小麦,小农户,2023-11-24,20,False
8541,农技人员,广西壮族自治区,芒果,农技服务站,2020-05-13,76,False
8542,普通消费者,辽宁省,水产,个人,2020-08-02,41,False
8543,普通消费者,广东省,蔬菜,个人,2021-08-23,61,False
8544,农户,浙江省,柑橘,家庭农场,2022-12-09,20,False
8545,农户,河南省,花生,小农户,2023-07-02,16,True
8546,农户,山西省,小米,小农户,2020-11-05,61,False
8547,采购商,浙江省,茶叶,小型采购商,2022-02-18,80,False
8548,农户,吉林省,大豆,小农户,2022-09-20,122,False
8549,农技人员,福建省,水产,农技服务站,2024-06-09,20,False
8550,采购商,江苏省,水果,中型采购商,2024-08-15,48,False
8551,农技人员,甘肃省,马铃薯,农技服务站,2021-04-10,3,True
8552,普通消费者,江苏省,大闸蟹,个人,2024-01-10,3,True
8553,农户,湖北省,柑橘,小农户,2022-03-01,4,True
8554,农技人员,贵州省,茶叶,农技服务站,2024-05-08,33,False
8555,农户,河北省,玉米,小农户,2020-11-20,20,False
8556,农户,湖北省,水产,小农户,2020-11-23,42,False
8557,农技人员,河南省,蔬菜,农技服务站,2021-06-16,7,True
8558,农户,四川省,茶叶,小农户,2024-08-17,155,False
8559,农户,广西壮族自治区,芒果,合作社,2021-06-18,50,False
8560,农户,江苏省,蔬菜,小农户,2022-02-10,24,False
8561,普通消费者,江苏省,水果,个人,2021-05-08,18,True
8562,农技人员,福建省,水产,农技服务站,2025-01-14,163,False
8563,农户,上海市,水果,家庭农场,2022-12-26,86,False
8564,采购商,江西省,柑橘,小型采购商,2023-06-23,59,False
8565,采购商,山东省,小麦,大型采购商,2024-09-01,105,False
8566,采购商,河北省,梨,小型采购商,2020-11-11,164,False
8567,采购商,海南省,水产,小型采购商,2021-08-02,197,False
8568,农户,湖南省,水稻,家庭农场,2022-07-18,20,False
8569,农户,浙江省,柑橘,小农户,2020-03-15,20,False
8570,农户,河北省,小麦,小农户,2022-03-19,35,False
8571,农户,河南省,玉米,小农户,2021-05-02,33,False
8572,农户,四川省,猕猴桃,小农户,2024-09-02,23,False
8573,普通消费者,贵州省,猕猴桃,个人,2023-01-13,49,False
8574,普通消费者,辽宁省,樱桃,个人,2020-10-14,43,False
8575,农技人员,重庆市,茶叶,农技服务站,2024-02-14,50,False
8576,农户,广西壮族自治区,香蕉,小农户,2021-12-19,12,True
8577,农户,江苏省,水果,合作社,2021-04-03,31,False
8578,采购商,贵州省,茶叶,中型采购商,2025-02-23,4,True
8579,农户,海南省,热带水果,小农户,2023-08-07,197,False
8580,农技人员,甘肃省,小麦,农技服务站,2025-08-26,156,False
8581,普通消费者,河北省,红枣,个人,2024-08-01,44,False
8582,农技人员,浙江省,水产,农技服务站,2024-11-17,26,False
8583,农户,河南省,小麦,小农户,2020-10-18,80,False
8584,普通消费者,四川省,柑橘,个人,2023-03-26,22,False
8585,采购商,山东省,小麦,小型采购商,2022-04-20,80,False
8586,农户,辽宁省,水稻,小农户,2021-09-10,33,False
8587,农户,河南省,蔬菜,小农户,2022-12-17,11,True
8588,普通消费者,江西省,茶叶,个人,2024-05-19,20,False
8589,普通消费者,四川省,柑橘,个人,2021-01-06,20,False
8590,农户,辽宁省,水产,小农户,2020-08-08,65,False
8591,农户,浙江省,杨梅,小农户,2020-11-18,15,True
8592,普通消费者,重庆市,柑橘,个人,2022-03-13,35,False
8593,农户,江苏省,水果,小农户,2025-01-27,50,False
8594,普通消费者,山东省,苹果,个人,2024-01-02,61,False
8595,农户,新疆维吾尔自治区,葡萄,家庭农场,2021-06-22,39,False
8596,农户,天津市,水果,小农户,2023-05-05,24,False
8597,农技人员,广西壮族自治区,甘蔗,农技服务站,2023-08-25,53,False
8598,农户,浙江省,柑橘,小农户,2022-07-12,33,False
8599,普通消费者,河北省,梨,个人,2021-05-18,46,False
8600,农户,四川省,水稻,合作社,2021-05-06,3,True
8601,普通消费者,湖北省,水产,个人,2020-07-13,97,False
8602,农户,安徽省,蔬菜,小农户,2022-05-04,17,True
8603,农户,江苏省,水稻,小农户,2025-03-26,20,False
8604,普通消费者,西藏自治区,青稞,个人,2020-12-20,41,False
8605,采购商,甘肃省,小麦,中型采购商,2024-11-03,24,False
8606,农技人员,湖南省,生猪,农技服务站,2024-05-25,75,False
8607,普通消费者,辽宁省,苹果,个人,2025-03-13,168,False
8608,农技人员,黑龙江省,小麦,农技服务站,2024-05-03,45,False
8609,采购商,贵州省,茶叶,中型采购商,2021-04-07,157,False
8610,普通消费者,湖北省,柑橘,个人,2024-03-23,37,False
8611,农户,安徽省,茶叶,家庭农场,2023-01-10,42,False
8612,采购商,广东省,香蕉,大型采购商,2023-04-26,20,False
8613,农户,湖北省,水产,家庭农场,2024-02-08,1,True
8614,农户,贵州省,辣椒,家庭农场,2025-02-28,74,False
8615,农户,甘肃省,苹果,合作社,2024-02-06,80,False
8616,普通消费者,广西壮族自治区,香蕉,个人,2023-01-17,40,False
8617,普通消费者,广东省,龙眼,个人,2022-02-03,73,False
8618,采购商,陕西省,猕猴桃,小型采购商,2022-10-22,24,False
8619,农户,四川省,水稻,小农户,2024-11-04,3,True
8620,普通消费者,辽宁省,樱桃,个人,2022-08-02,104,False
8621,农户,山东省,苹果,小农户,2021-08-12,22,False
8622,农户,浙江省,杨梅,合作社,2022-11-04,136,False
8623,普通消费者,广东省,龙眼,个人,2020-02-14,33,False
8624,普通消费者,内蒙古自治区,小麦,个人,2023-06-15,41,False
8625,普通消费者,浙江省,茶叶,个人,2023-07-26,27,False
8626,采购商,重庆市,生猪,小型采购商,2024-07-09,43,False
8627,普通消费者,湖南省,水稻,个人,2023-02-10,196,False
8628,普通消费者,甘肃省,中药材,个人,2025-03-20,181,False
8629,采购商,广东省,龙眼,大型采购商,2024-07-23,90,False
8630,农户,贵州省,茶叶,小农户,2020-06-09,83,False
8631,农技人员,广西壮族自治区,甘蔗,农技服务站,2025-11-20,38,False
8632,农户,贵州省,中药材,家庭农场,2023-12-04,20,False
8633,采购商,新疆维吾尔自治区,红枣,中型采购商,2024-07-11,42,False
8634,采购商,广东省,荔枝,中型采购商,2023-01-28,50,False
8635,农技人员,河北省,小麦,农技服务站,2022-08-09,36,False
8636,普通消费者,山东省,花生,个人,2020-07-11,58,False
8637,农户,福建省,水产,小农户,2024-09-11,20,False
8638,农技人员,河南省,玉米,农技服务站,2024-06-05,41,False
8639,农户,安徽省,水稻,小农户,2022-05-23,12,True
8640,普通消费者,湖南省,茶叶,个人,2020-02-18,20,False
8641,农户,浙江省,水产,合作社,2024-08-07,20,False
8642,普通消费者,福建省,食用菌,个人,2020-12-09,24,False
8643,农技人员,湖南省,茶叶,农技服务站,2023-11-04,20,False
8644,农户,江苏省,水稻,小农户,2020-04-25,25,False
8645,普通消费者,陕西省,猕猴桃,个人,2024-11-25,29,False
8646,采购商,浙江省,茶叶,大型采购商,2025-11-20,139,False
8647,农户,山东省,小麦,小农户,2025-03-06,50,False
8648,普通消费者,上海市,蔬菜,个人,2021-09-25,28,False
8649,普通消费者,安徽省,小麦,个人,2020-04-18,20,False
8650,农户,湖北省,水稻,小农户,2024-07-28,58,False
8651,农户,重庆市,蔬菜,合作社,2021-03-12,21,False
8652,采购商,西藏自治区,牦牛,小型采购商,2023-03-04,172,False
8653,采购商,新疆维吾尔自治区,哈密瓜,小型采购商,2023-03-15,182,False
8654,普通消费者,湖南省,生猪,个人,2022-05-19,32,False
8655,农户,福建省,柑橘,合作社,2021-08-11,41,False
8656,农技人员,广东省,荔枝,农技服务站,2024-12-17,36,False
8657,采购商,福建省,柑橘,中型采购商,2024-02-28,57,False
8658,普通消费者,广东省,蔬菜,个人,2023-03-19,42,False
8659,农技人员,辽宁省,苹果,农技服务站,2024-02-14,191,False
8660,普通消费者,湖北省,水稻,个人,2020-05-25,98,False
8661,农户,陕西省,猕猴桃,合作社,2024-08-19,181,False
8662,农技人员,云南省,水果,农技服务站,2023-01-28,6,True
8663,普通消费者,江苏省,大闸蟹,个人,2022-05-08,5,True
8664,采购商,广东省,龙眼,小型采购商,2021-07-16,21,False
8665,农户,四川省,蔬菜,小农户,2025-06-27,80,False
8666,采购商,山东省,苹果,中型采购商,2024-04-04,36,False
8667,农技人员,山东省,苹果,农技服务站,2021-05-07,15,True
8668,农户,吉林省,水稻,家庭农场,2022-12-10,30,False
8669,普通消费者,贵州省,辣椒,个人,2023-11-12,53,False
8670,采购商,黑龙江省,小麦,中型采购商,2024-02-20,115,False
8671,农技人员,江西省,茶叶,农技服务站,2023-11-15,37,False
8672,普通消费者,河南省,玉米,个人,2024-07-09,40,False
8673,农户,江苏省,蔬菜,合作社,2020-12-27,80,False
8674,普通消费者,江苏省,水果,个人,2022-09-18,118,False
8675,普通消费者,海南省,橡胶,个人,2023-02-05,28,False
8676,农户,四川省,水稻,家庭农场,2021-11-09,28,False
8677,普通消费者,内蒙古自治区,马铃薯,个人,2020-12-14,13,True
8678,农户,山东省,花生,家庭农场,2025-03-14,35,False
8679,农户,福建省,水产,小农户,2020-03-02,56,False
8680,农户,江苏省,水稻,合作社,2021-05-09,20,False
8681,采购商,云南省,咖啡,小型采购商,2022-07-28,20,False
8682,农户,河南省,蔬菜,家庭农场,2025-08-06,24,False
8683,普通消费者,云南省,花卉,个人,2023-11-07,18,True
8684,采购商,四川省,水稻,小型采购商,2023-03-01,20,False
8685,农户,江苏省,蔬菜,小农户,2024-10-03,26,False
8686,采购商,河南省,玉米,大型采购商,2020-05-05,92,False
8687,农户,湖北省,水稻,家庭农场,2023-11-13,156,False
8688,农户,安徽省,蔬菜,小农户,2024-04-28,42,False
8689,农户,山东省,蔬菜,家庭农场,2021-05-16,10,True
8690,采购商,福建省,柑橘,中型采购商,2022-12-15,21,False
8691,普通消费者,湖南省,茶叶,个人,2020-01-09,195,False
8692,普通消费者,福建省,柑橘,个人,2022-02-09,20,False
8693,农户,吉林省,大豆,小农户,2023-07-07,34,False
8694,农户,河北省,小麦,小农户,2020-07-07,50,False
8695,普通消费者,河北省,红枣,个人,2024-05-20,20,False
8696,普通消费者,湖北省,水产,个人,2022-07-22,49,False
8697,农户,北京市,水果,合作社,2025-02-08,49,False
8698,农技人员,湖南省,茶叶,农技服务站,2020-04-06,53,False
8699,农户,山东省,小麦,家庭农场,2021-12-05,116,False
8700,采购商,江苏省,大闸蟹,小型采购商,2023-02-01,19,True
8701,农技人员,江苏省,水稻,农技服务站,2020-06-27,60,False
8702,普通消费者,天津市,蔬菜,个人,2023-06-03,80,False
8703,农技人员,四川省,蔬菜,农技服务站,2025-02-18,141,False
8704,农技人员,河南省,蔬菜,农技服务站,2024-01-02,27,False
8705,普通消费者,广东省,香蕉,个人,2020-01-18,12,True
8706,农户,山西省,核桃,小农户,2021-06-09,127,False
8707,农户,山西省,核桃,小农户,2025-12-20,102,False
8708,普通消费者,河南省,小麦,个人,2025-11-18,34,False
8709,农户,上海市,蔬菜,小农户,2025-02-12,26,False
8710,采购商,福建省,食用菌,中型采购商,2021-05-03,33,False
8711,农技人员,湖南省,茶叶,农技服务站,2022-04-13,95,False
8712,农技人员,山东省,花生,农技服务站,2020-04-05,71,False
8713,采购商,河南省,花生,小型采购商,2021-07-03,114,False
8714,普通消费者,陕西省,苹果,个人,2023-10-05,163,False
8715,农技人员,四川省,蔬菜,农技服务站,2020-02-04,190,False
8716,农户,青海省,油菜,小农户,2021-07-04,20,False
8717,农户,四川省,水稻,小农户,2024-05-12,7,True
8718,农户,辽宁省,水产,合作社,2021-02-07,21,False
8719,农户,河南省,小麦,合作社,2021-05-07,65,False
8720,采购商,浙江省,水产,小型采购商,2024-02-07,183,False
8721,农户,河南省,花生,小农户,2022-05-01,55,False
8722,农户,内蒙古自治区,牛奶,小农户,2020-12-05,18,True
8723,农户,福建省,食用菌,合作社,2022-04-20,27,False
8724,普通消费者,四川省,猕猴桃,个人,2024-02-07,104,False
8725,农户,河南省,玉米,合作社,2024-05-03,124,False
8726,农户,四川省,水稻,小农户,2022-07-12,50,False
8727,农户,江苏省,大闸蟹,小农户,2024-12-28,91,False
8728,农户,甘肃省,苹果,家庭农场,2023-10-01,80,False
8729,农技人员,河南省,小麦,农技服务站,2023-03-19,39,False
8730,采购商,河北省,红枣,大型采购商,2021-07-14,70,False
8731,农户,重庆市,蔬菜,家庭农场,2025-07-24,34,False
8732,农技人员,广东省,蔬菜,农技服务站,2022-05-16,3,True
8733,农户,江苏省,蔬菜,家庭农场,2025-04-20,55,False
8734,农户,山西省,红枣,小农户,2025-03-26,80,False
8735,农技人员,云南省,水果,农技服务站,2022-12-20,44,False
8736,农户,江苏省,大闸蟹,小农户,2023-05-10,33,False
8737,普通消费者,浙江省,茶叶,个人,2021-04-11,47,False
8738,普通消费者,河南省,玉米,个人,2022-12-10,109,False
8739,普通消费者,贵州省,中药材,个人,2024-09-10,27,False
8740,采购商,安徽省,小麦,中型采购商,2024-07-01,80,False
8741,农户,湖南省,柑橘,小农户,2020-10-05,36,False
8742,农技人员,陕西省,小麦,农技服务站,2022-06-26,28,False
8743,农户,广西壮族自治区,甘蔗,家庭农场,2025-02-21,21,False
8744,普通消费者,湖南省,生猪,个人,2022-10-06,57,False
8745,普通消费者,甘肃省,马铃薯,个人,2025-03-20,51,False
8746,农户,宁夏回族自治区,马铃薯,小农户,2021-08-16,25,False
8747,采购商,浙江省,茶叶,大型采购商,2020-10-24,44,False
8748,农户,广西壮族自治区,香蕉,小农户,2025-08-16,20,False
8749,农户,福建省,食用菌,家庭农场,2020-12-25,36,False
8750,农户,贵州省,茶叶,小农户,2021-02-22,41,False
8751,农户,湖北省,柑橘,小农户,2024-03-22,77,False
8752,农户,广东省,龙眼,合作社,2020-11-26,22,False
8753,农户,浙江省,茶叶,合作社,2024-10-19,20,False
8754,农户,辽宁省,水产,合作社,2025-05-26,21,False
8755,农户,湖南省,柑橘,小农户,2020-09-07,20,False
8756,农技人员,江苏省,水稻,农技服务站,2025-03-07,177,False
8757,农户,陕西省,红枣,小农户,2024-03-04,64,False
8758,农户,重庆市,蔬菜,合作社,2022-09-04,71,False
8759,普通消费者,重庆市,生猪,个人,2024-11-11,14,True
8760,采购商,陕西省,红枣,小型采购商,2020-06-12,38,False
8761,农技人员,广东省,香蕉,农技服务站,2024-02-26,165,False
8762,采购商,黑龙江省,玉米,中型采购商,2022-03-28,60,False
8763,农户,湖南省,水稻,小农户,2025-10-26,35,False
8764,农户,黑龙江省,玉米,家庭农场,2021-03-27,10,True
8765,采购商,河北省,红枣,大型采购商,2024-02-06,31,False
8766,采购商,甘肃省,小麦,小型采购商,2021-11-12,28,False
8767,采购商,湖北省,水产,中型采购商,2021-04-02,3,True
8768,农技人员,安徽省,茶叶,农技服务站,2022-08-26,28,False
8769,农户,甘肃省,马铃薯,小农户,2023-03-03,168,False
8770,农技人员,内蒙古自治区,小麦,农技服务站,2022-09-24,20,False
8771,农技人员,吉林省,玉米,农技服务站,2021-11-01,37,False
8772,农户,天津市,水果,小农户,2025-01-05,32,False
8773,农技人员,吉林省,人参,农技服务站,2022-09-09,82,False
8774,农户,海南省,热带水果,小农户,2024-07-11,48,False
8775,农户,河北省,红枣,小农户,2020-08-06,34,False
8776,普通消费者,四川省,柑橘,个人,2022-02-01,30,False
8777,普通消费者,上海市,水产,个人,2021-09-15,8,True
8778,农户,湖北省,莲藕,家庭农场,2025-10-15,21,False
8779,农户,海南省,热带水果,家庭农场,2020-07-09,113,False
8780,农户,海南省,橡胶,家庭农场,2020-11-06,34,False
8781,农户,江苏省,水果,小农户,2022-06-21,47,False
8782,普通消费者,广东省,荔枝,个人,2021-08-18,173,False
8783,农户,山东省,苹果,小农户,2020-09-21,156,False
8784,农户,山东省,花生,家庭农场,2022-11-22,95,False
8785,农户,山东省,蔬菜,小农户,2020-09-19,20,False
8786,采购商,北京市,蔬菜,大型采购商,2021-08-28,129,False
8787,农户,湖北省,水稻,小农户,2020-07-02,171,False
8788,普通消费者,陕西省,红枣,个人,2020-06-04,8,True
8789,农户,广西壮族自治区,甘蔗,家庭农场,2025-02-22,34,False
8790,农户,湖北省,水稻,小农户,2024-10-25,121,False
8791,农户,湖北省,柑橘,家庭农场,2023-02-12,125,False
8792,农户,江苏省,水稻,小农户,2022-02-10,185,False
8793,普通消费者,山东省,蔬菜,个人,2023-06-18,37,False
8794,农户,辽宁省,水产,小农户,2021-12-21,132,False
8795,普通消费者,福建省,水产,个人,2020-12-14,158,False
8796,农户,云南省,咖啡,小农户,2024-04-03,23,False
8797,农技人员,江西省,油茶,农技服务站,2022-10-04,24,False
8798,采购商,安徽省,茶叶,大型采购商,2025-10-09,37,False
8799,农户,辽宁省,水稻,小农户,2024-05-09,20,False
8800,采购商,广西壮族自治区,柑橘,中型采购商,2021-01-16,140,False
8801,农户,西藏自治区,牦牛,家庭农场,2022-11-02,39,False
8802,采购商,河南省,蔬菜,小型采购商,2020-02-17,21,False
8803,农技人员,安徽省,水稻,农技服务站,2020-09-03,56,False
8804,普通消费者,陕西省,苹果,个人,2025-11-25,80,False
8805,农技人员,山东省,苹果,农技服务站,2022-08-01,21,False
8806,采购商,广东省,香蕉,小型采购商,2021-11-05,43,False
8807,农技人员,山东省,苹果,农技服务站,2024-11-26,23,False
8808,普通消费者,山东省,小麦,个人,2022-12-22,55,False
8809,农户,浙江省,柑橘,小农户,2022-06-03,20,False
8810,农技人员,江西省,水稻,农技服务站,2020-01-18,149,False
8811,采购商,辽宁省,水产,中型采购商,2022-12-26,42,False
8812,农户,山西省,红枣,小农户,2024-06-11,134,False
8813,普通消费者,海南省,水产,个人,2021-02-27,21,False
8814,采购商,浙江省,茶叶,中型采购商,2025-08-07,29,False
8815,农技人员,重庆市,柑橘,农技服务站,2024-11-20,20,False
8816,农户,天津市,水产,小农户,2020-01-26,49,False
8817,普通消费者,陕西省,猕猴桃,个人,2023-11-11,154,False
8818,农户,江苏省,蔬菜,小农户,2022-11-03,21,False
8819,采购商,四川省,水稻,小型采购商,2023-08-05,43,False
8820,农技人员,辽宁省,苹果,农技服务站,2020-09-17,27,False
8821,普通消费者,云南省,茶叶,个人,2023-07-28,31,False
8822,采购商,江苏省,蔬菜,大型采购商,2024-11-21,35,False
8823,农技人员,云南省,咖啡,农技服务站,2021-06-08,22,False
8824,普通消费者,湖南省,生猪,个人,2023-12-08,36,False
8825,农户,广东省,蔬菜,小农户,2023-01-06,71,False
8826,农技人员,天津市,水产,农技服务站,2021-04-18,15,True
8827,农户,河南省,蔬菜,家庭农场,2025-07-06,22,False
8828,采购商,浙江省,柑橘,小型采购商,2022-03-17,59,False
8829,农户,黑龙江省,大豆,小农户,2022-12-22,70,False
8830,农户,四川省,茶叶,合作社,2024-10-11,157,False
8831,采购商,甘肃省,中药材,小型采购商,2020-11-27,109,False
8832,农户,四川省,猕猴桃,小农户,2020-08-20,22,False
8833,农户,天津市,水果,家庭农场,2023-05-28,20,False
8834,农户,江苏省,大闸蟹,小农户,2022-11-25,38,False
8835,采购商,西藏自治区,青稞,小型采购商,2021-02-14,25,False
8836,采购商,云南省,咖啡,中型采购商,2023-01-02,8,True
8837,农技人员,四川省,茶叶,农技服务站,2022-03-04,80,False
8838,普通消费者,湖南省,生猪,个人,2020-06-28,33,False
8839,农技人员,陕西省,红枣,农技服务站,2023-10-01,22,False
8840,采购商,江西省,水稻,中型采购商,2020-09-17,20,False
8841,农技人员,山东省,蔬菜,农技服务站,2020-08-11,57,False
8842,普通消费者,福建省,水产,个人,2023-03-05,24,False
8843,采购商,贵州省,中药材,大型采购商,2021-05-20,33,False
8844,普通消费者,陕西省,小麦,个人,2020-02-24,53,False
8845,农户,河北省,梨,家庭农场,2024-02-23,25,False
8846,农户,四川省,茶叶,家庭农场,2024-03-04,32,False
8847,农户,安徽省,茶叶,小农户,2020-08-04,32,False
8848,农技人员,江西省,油茶,农技服务站,2024-04-28,46,False
8849,采购商,湖北省,水稻,大型采购商,2023-05-18,44,False
8850,农户,广东省,荔枝,小农户,2021-11-11,29,False
8851,采购商,陕西省,猕猴桃,小型采购商,2020-04-01,118,False
8852,采购商,天津市,水产,大型采购商,2022-11-13,34,False
8853,采购商,广东省,龙眼,小型采购商,2024-02-18,27,False
8854,农户,重庆市,柑橘,小农户,2023-07-03,3,True
8855,农户,海南省,水产,小农户,2022-12-17,181,False
8856,农户,河北省,玉米,家庭农场,2024-12-18,20,False
8857,农户,湖南省,生猪,家庭农场,2022-06-01,37,False
8858,采购商,福建省,食用菌,大型采购商,2021-08-10,80,False
8859,农户,辽宁省,樱桃,小农户,2022-03-25,21,False
8860,普通消费者,浙江省,茶叶,个人,2024-10-22,10,True
8861,农户,吉林省,水稻,小农户,2020-11-26,22,False
8862,农户,黑龙江省,小麦,小农户,2020-11-13,8,True
8863,采购商,吉林省,人参,中型采购商,2025-06-15,21,False
8864,采购商,湖北省,水产,大型采购商,2025-12-21,162,False
8865,农户,福建省,食用菌,小农户,2020-08-05,123,False
8866,采购商,广东省,荔枝,小型采购商,2023-05-19,47,False
8867,农户,宁夏回族自治区,枸杞,合作社,2024-05-24,41,False
8868,农户,重庆市,茶叶,小农户,2024-12-09,101,False
8869,农技人员,西藏自治区,青稞,农技服务站,2022-02-08,30,False
8870,采购商,河南省,花生,中型采购商,2023-02-08,20,False
8871,农户,辽宁省,苹果,小农户,2020-11-08,34,False
8872,农户,辽宁省,樱桃,小农户,2021-12-28,140,False
8873,采购商,辽宁省,樱桃,中型采购商,2020-04-24,172,False
8874,采购商,广西壮族自治区,柑橘,小型采购商,2020-02-04,20,False
8875,农户,福建省,柑橘,家庭农场,2020-09-16,35,False
8876,农户,广东省,荔枝,家庭农场,2020-04-17,157,False
8877,农户,辽宁省,水产,家庭农场,2020-03-01,185,False
8878,普通消费者,河南省,蔬菜,个人,2025-11-24,51,False
8879,农户,山东省,蔬菜,小农户,2022-11-26,146,False
8880,农技人员,青海省,牦牛,农技服务站,2022-09-23,20,False
8881,农户,福建省,水产,小农户,2024-07-17,14,True
8882,采购商,福建省,柑橘,小型采购商,2023-05-09,20,False
8883,农户,浙江省,水产,小农户,2022-01-23,72,False
8884,普通消费者,河南省,蔬菜,个人,2020-03-19,16,True
8885,普通消费者,广东省,龙眼,个人,2021-11-09,24,False
8886,采购商,山东省,花生,小型采购商,2024-09-25,106,False
8887,普通消费者,河南省,小麦,个人,2022-10-13,58,False
8888,农技人员,湖南省,水稻,农技服务站,2022-01-25,30,False
8889,农户,内蒙古自治区,牛奶,合作社,2022-04-14,30,False
8890,普通消费者,内蒙古自治区,羊肉,个人,2023-04-07,41,False
8891,采购商,四川省,水稻,小型采购商,2023-06-27,128,False
8892,农技人员,山东省,小麦,农技服务站,2022-11-14,21,False
8893,农技人员,广东省,荔枝,农技服务站,2024-12-20,171,False
8894,农户,山东省,花生,小农户,2020-02-09,200,False
8895,农户,江西省,茶叶,家庭农场,2024-07-01,35,False
8896,农户,江苏省,蔬菜,小农户,2024-06-01,27,False
8897,农户,河南省,小麦,家庭农场,2022-09-17,116,False
8898,农技人员,陕西省,小麦,农技服务站,2025-02-18,20,False
8899,农户,湖南省,茶叶,小农户,2024-03-14,39,False
8900,普通消费者,安徽省,水稻,个人,2025-01-17,29,False
8901,农技人员,北京市,蔬菜,农技服务站,2025-01-08,30,False
8902,普通消费者,陕西省,苹果,个人,2023-08-09,20,False
8903,普通消费者,广东省,龙眼,个人,2022-01-19,73,False
8904,农技人员,江苏省,蔬菜,农技服务站,2020-02-23,185,False
8905,农户,河南省,花生,家庭农场,2021-12-03,140,False
8906,采购商,宁夏回族自治区,马铃薯,中型采购商,2024-07-23,51,False
8907,农技人员,河北省,玉米,农技服务站,2025-05-01,53,False
8908,农户,山东省,苹果,小农户,2025-09-28,28,False
8909,普通消费者,浙江省,柑橘,个人,2021-02-02,20,False
8910,普通消费者,河北省,梨,个人,2023-08-17,80,False
8911,农户,山东省,苹果,小农户,2022-03-01,32,False
8912,农户,河北省,红枣,家庭农场,2021-08-06,22,False
8913,采购商,四川省,蔬菜,中型采购商,2022-10-15,136,False
8914,采购商,山东省,苹果,中型采购商,2025-03-15,12,True
8915,普通消费者,贵州省,茶叶,个人,2021-02-19,40,False
8916,农户,河北省,玉米,小农户,2025-04-09,59,False
8917,采购商,湖南省,茶叶,小型采购商,2020-09-26,32,False
8918,农技人员,辽宁省,樱桃,农技服务站,2022-05-16,187,False
8919,农技人员,江苏省,水稻,农技服务站,2022-12-26,62,False
8920,农技人员,北京市,花卉,农技服务站,2023-10-07,56,False
8921,采购商,吉林省,玉米,小型采购商,2021-04-07,20,False
8922,农技人员,江西省,水稻,农技服务站,2022-06-09,177,False
8923,农户,广东省,龙眼,小农户,2024-08-15,23,False
8924,普通消费者,广东省,荔枝,个人,2022-12-11,149,False
8925,农技人员,湖南省,柑橘,农技服务站,2023-05-07,53,False
8926,农户,云南省,茶叶,小农户,2021-09-15,20,False
8927,普通消费者,上海市,水产,个人,2024-05-02,116,False
8928,农户,黑龙江省,小麦,小农户,2024-09-11,30,False
8929,采购商,四川省,蔬菜,小型采购商,2023-11-13,20,False
8930,采购商,吉林省,水稻,小型采购商,2024-11-07,26,False
8931,采购商,新疆维吾尔自治区,红枣,中型采购商,2024-01-23,142,False
8932,采购商,北京市,花卉,中型采购商,2020-08-22,153,False
8933,农技人员,广东省,龙眼,农技服务站,2024-02-01,28,False
8934,普通消费者,湖南省,柑橘,个人,2022-01-17,27,False
8935,农户,江苏省,大闸蟹,家庭农场,2025-07-09,25,False
8936,农技人员,甘肃省,苹果,农技服务站,2023-12-07,20,False
8937,普通消费者,山东省,小麦,个人,2020-06-10,80,False
8938,农技人员,河北省,梨,农技服务站,2024-09-27,81,False
8939,普通消费者,山西省,核桃,个人,2022-08-10,80,False
8940,农户,河北省,玉米,小农户,2021-11-15,92,False
8941,普通消费者,新疆维吾尔自治区,葡萄,个人,2021-11-17,20,False
8942,农户,山东省,花生,家庭农场,2021-11-09,73,False
8943,农技人员,新疆维吾尔自治区,棉花,农技服务站,2025-10-13,27,False
8944,农技人员,河北省,梨,农技服务站,2021-11-15,35,False
8945,普通消费者,河南省,玉米,个人,2020-08-05,11,True
8946,普通消费者,江西省,水稻,个人,2022-07-01,32,False
8947,农户,广东省,荔枝,小农户,2025-12-03,23,False
8948,普通消费者,新疆维吾尔自治区,红枣,个人,2024-01-02,54,False
8949,农户,安徽省,蔬菜,小农户,2021-10-27,35,False
8950,普通消费者,浙江省,杨梅,个人,2020-08-21,26,False
8951,农户,西藏自治区,青稞,小农户,2025-12-17,20,False
8952,农户,甘肃省,苹果,家庭农场,2025-10-04,21,False
8953,采购商,内蒙古自治区,马铃薯,中型采购商,2022-11-26,20,False
8954,农户,安徽省,蔬菜,小农户,2023-05-04,33,False
8955,农户,甘肃省,中药材,小农户,2022-02-08,20,False
8956,普通消费者,广西壮族自治区,芒果,个人,2020-02-01,28,False
8957,农户,甘肃省,中药材,家庭农场,2020-04-19,65,False
8958,采购商,重庆市,茶叶,大型采购商,2024-02-10,143,False
8959,农户,四川省,柑橘,小农户,2022-10-03,60,False
8960,农户,陕西省,苹果,小农户,2024-06-08,32,False
8961,普通消费者,四川省,蔬菜,个人,2023-09-21,31,False
8962,采购商,河南省,小麦,中型采购商,2025-04-21,80,False
8963,农户,辽宁省,水稻,家庭农场,2020-10-28,42,False
8964,普通消费者,贵州省,茶叶,个人,2023-07-08,4,True
8965,采购商,辽宁省,苹果,小型采购商,2022-04-24,28,False
8966,农技人员,湖北省,水稻,农技服务站,2020-11-10,20,False
8967,普通消费者,北京市,水果,个人,2025-09-17,40,False
8968,农户,广东省,香蕉,小农户,2021-11-21,1,True
8969,采购商,河南省,玉米,中型采购商,2021-07-25,50,False
8970,采购商,江西省,柑橘,中型采购商,2021-06-21,24,False
8971,农户,广西壮族自治区,芒果,小农户,2023-12-24,38,False
8972,采购商,甘肃省,小麦,小型采购商,2020-03-15,193,False
8973,采购商,黑龙江省,水稻,小型采购商,2020-06-19,27,False
8974,农户,河南省,玉米,小农户,2025-10-15,138,False
8975,采购商,四川省,蔬菜,小型采购商,2024-09-16,187,False
8976,农技人员,山东省,蔬菜,农技服务站,2020-12-22,97,False
8977,普通消费者,山东省,小麦,个人,2022-01-09,13,True
8978,普通消费者,湖南省,生猪,个人,2024-11-09,30,False
8979,农户,江苏省,水果,家庭农场,2021-03-11,20,False
8980,农户,山东省,苹果,小农户,2022-06-27,29,False
8981,采购商,河南省,蔬菜,中型采购商,2022-08-02,53,False
8982,采购商,江苏省,水果,中型采购商,2023-03-19,24,False
8983,农技人员,河北省,梨,农技服务站,2021-04-09,125,False
8984,农户,福建省,柑橘,小农户,2025-03-14,33,False
8985,农技人员,辽宁省,樱桃,农技服务站,2020-01-23,22,False
8986,普通消费者,四川省,猕猴桃,个人,2025-03-02,39,False
8987,农技人员,江苏省,水稻,农技服务站,2021-05-09,18,True
8988,普通消费者,湖南省,茶叶,个人,2020-10-27,29,False
8989,农户,广东省,香蕉,合作社,2022-05-25,20,False
8990,采购商,江西省,柑橘,中型采购商,2020-10-12,64,False
8991,农户,北京市,蔬菜,小农户,2024-04-03,183,False
8992,农技人员,陕西省,红枣,农技服务站,2024-05-09,103,False
8993,普通消费者,广东省,香蕉,个人,2025-09-15,117,False
8994,农户,上海市,水产,家庭农场,2023-12-08,9,True
8995,采购商,江苏省,蔬菜,小型采购商,2022-08-18,52,False
8996,农户,江苏省,水果,小农户,2024-03-17,24,False
8997,农户,西藏自治区,牦牛,家庭农场,2024-03-12,42,False
8998,农户,新疆维吾尔自治区,葡萄,小农户,2021-02-03,43,False
8999,普通消费者,浙江省,杨梅,个人,2023-04-21,45,False
9000,农户,四川省,猕猴桃,家庭农场,2021-04-11,20,False
9001,普通消费者,山东省,花生,个人,2022-01-15,54,False
9002,采购商,内蒙古自治区,牛奶,中型采购商,2024-05-28,13,True
9003,普通消费者,山西省,红枣,个人,2022-10-05,24,False
9004,农户,江西省,油茶,家庭农场,2022-08-28,27,False
9005,采购商,辽宁省,苹果,中型采购商,2023-06-14,80,False
9006,普通消费者,山西省,小麦,个人,2022-01-13,38,False
9007,农户,江苏省,水果,小农户,2020-02-02,27,False
9008,普通消费者,湖北省,水产,个人,2024-04-20,103,False
9009,农户,安徽省,蔬菜,合作社,2021-05-10,20,False
9010,采购商,河南省,花生,小型采购商,2023-03-23,66,False
9011,普通消费者,安徽省,茶叶,个人,2023-08-21,20,False
9012,农技人员,广东省,龙眼,农技服务站,2023-12-02,20,False
9013,普通消费者,上海市,水果,个人,2023-07-25,28,False
9014,农户,广东省,香蕉,小农户,2022-09-27,67,False
9015,普通消费者,湖南省,茶叶,个人,2022-10-24,160,False
9016,普通消费者,四川省,茶叶,个人,2020-09-28,48,False
9017,农户,贵州省,中药材,小农户,2024-11-12,195,False
9018,农户,湖南省,水稻,小农户,2023-04-22,30,False
9019,农户,河北省,红枣,小农户,2021-08-04,160,False
9020,农户,湖北省,水产,小农户,2022-07-14,38,False
9021,普通消费者,四川省,水稻,个人,2023-03-16,24,False
9022,普通消费者,重庆市,蔬菜,个人,2023-06-23,35,False
9023,农户,广东省,蔬菜,小农户,2025-12-16,34,False
9024,农技人员,四川省,柑橘,农技服务站,2021-07-04,164,False
9025,采购商,山东省,蔬菜,小型采购商,2024-12-09,123,False
9026,采购商,河南省,花生,中型采购商,2020-08-14,53,False
9027,采购商,河南省,小麦,小型采购商,2024-11-03,20,False
9028,普通消费者,江苏省,水果,个人,2024-02-18,53,False
9029,农技人员,云南省,水果,农技服务站,2020-04-21,42,False
9030,农户,湖南省,生猪,合作社,2020-06-07,162,False
9031,普通消费者,江西省,茶叶,个人,2020-10-18,27,False
9032,采购商,四川省,蔬菜,小型采购商,2021-05-20,47,False
9033,采购商,湖南省,水稻,小型采购商,2021-01-18,155,False
9034,农技人员,浙江省,水产,农技服务站,2021-09-23,31,False
9035,农户,广东省,香蕉,家庭农场,2020-07-03,20,False
9036,采购商,青海省,牦牛,小型采购商,2020-07-07,27,False
9037,农技人员,河南省,蔬菜,农技服务站,2020-11-26,34,False
9038,普通消费者,四川省,蔬菜,个人,2020-09-18,120,False
9039,普通消费者,湖北省,莲藕,个人,2025-10-17,52,False
9040,农技人员,河北省,梨,农技服务站,2025-01-06,30,False
9041,采购商,河北省,小麦,中型采购商,2024-10-20,20,False
9042,农技人员,陕西省,红枣,农技服务站,2025-05-25,113,False
9043,采购商,江苏省,水稻,小型采购商,2025-08-26,34,False
9044,农户,山东省,小麦,小农户,2020-05-23,35,False
9045,采购商,辽宁省,樱桃,中型采购商,2022-12-21,36,False
9046,农户,河南省,花生,小农户,2024-02-14,52,False
9047,农技人员,安徽省,小麦,农技服务站,2020-08-08,55,False
9048,普通消费者,西藏自治区,中药材,个人,2022-07-18,24,False
9049,农户,云南省,咖啡,小农户,2025-12-21,181,False
9050,农户,江西省,柑橘,小农户,2020-07-05,24,False
9051,农户,江苏省,大闸蟹,小农户,2021-05-27,20,False
9052,农户,湖北省,柑橘,小农户,2022-08-10,46,False
9053,普通消费者,广东省,蔬菜,个人,2020-07-17,68,False
9054,采购商,云南省,水果,小型采购商,2022-06-13,28,False
9055,采购商,甘肃省,中药材,大型采购商,2025-01-16,29,False
9056,采购商,四川省,水稻,小型采购商,2025-10-13,19,True
9057,农技人员,江苏省,大闸蟹,农技服务站,2025-06-26,68,False
9058,农户,浙江省,水产,合作社,2023-12-22,42,False
9059,普通消费者,甘肃省,小麦,个人,2021-04-13,3,True
9060,农户,陕西省,苹果,家庭农场,2025-03-07,7,True
9061,农户,甘肃省,小麦,小农户,2024-05-15,41,False
9062,普通消费者,福建省,水产,个人,2024-01-07,20,False
9063,农户,云南省,花卉,小农户,2021-09-24,46,False
9064,采购商,云南省,咖啡,小型采购商,2024-06-27,92,False
9065,采购商,江西省,柑橘,中型采购商,2020-02-10,20,False
9066,采购商,河北省,梨,中型采购商,2021-04-26,20,False
9067,普通消费者,浙江省,水产,个人,2023-12-13,27,False
9068,采购商,四川省,水稻,中型采购商,2021-08-01,24,False
9069,农技人员,湖北省,水产,农技服务站,2022-07-28,109,False
9070,农技人员,江苏省,大闸蟹,农技服务站,2022-11-15,9,True
9071,普通消费者,云南省,咖啡,个人,2022-03-18,29,False
9072,采购商,福建省,水产,中型采购商,2021-02-02,20,False
9073,农户,福建省,食用菌,家庭农场,2025-08-27,163,False
9074,采购商,广西壮族自治区,柑橘,小型采购商,2020-09-25,185,False
9075,农户,河北省,红枣,小农户,2025-04-19,53,False
9076,采购商,安徽省,茶叶,中型采购商,2023-07-26,1,True
9077,普通消费者,陕西省,猕猴桃,个人,2023-01-19,58,False
9078,采购商,湖南省,茶叶,小型采购商,2024-11-19,118,False
9079,采购商,江西省,柑橘,中型采购商,2024-11-01,126,False
9080,农户,山西省,红枣,小农户,2025-02-23,20,False
9081,农技人员,广东省,蔬菜,农技服务站,2025-11-26,87,False
9082,农户,江西省,茶叶,小农户,2021-10-06,54,False
9083,农户,广东省,荔枝,小农户,2020-09-15,22,False
9084,采购商,山东省,蔬菜,小型采购商,2025-01-12,50,False
9085,农技人员,云南省,水果,农技服务站,2024-12-09,88,False
9086,农技人员,广东省,荔枝,农技服务站,2023-06-24,32,False
9087,农户,江西省,油茶,家庭农场,2025-12-04,13,True
9088,农技人员,甘肃省,小麦,农技服务站,2021-05-14,33,False
9089,普通消费者,河南省,花生,个人,2025-11-21,149,False
9090,采购商,江苏省,大闸蟹,小型采购商,2024-07-14,30,False
9091,普通消费者,湖南省,水稻,个人,2021-03-28,6,True
9092,农户,福建省,茶叶,小农户,2022-08-20,60,False
9093,农技人员,甘肃省,苹果,农技服务站,2025-12-04,20,False
9094,农户,安徽省,蔬菜,小农户,2025-03-16,44,False
9095,普通消费者,贵州省,茶叶,个人,2024-03-08,57,False
9096,农户,安徽省,水稻,合作社,2021-04-23,47,False
9097,农户,湖北省,柑橘,小农户,2023-03-05,80,False
9098,采购商,云南省,咖啡,大型采购商,2025-12-23,14,True
9099,农户,福建省,水产,合作社,2024-06-03,25,False
9100,采购商,西藏自治区,牦牛,小型采购商,2020-07-07,53,False
9101,农户,宁夏回族自治区,小麦,小农户,2023-03-21,31,False
9102,农技人员,云南省,茶叶,农技服务站,2020-09-24,61,False
9103,采购商,福建省,食用菌,中型采购商,2025-11-09,5,True
9104,农技人员,陕西省,苹果,农技服务站,2025-09-08,32,False
9105,采购商,广西壮族自治区,香蕉,小型采购商,2025-04-12,27,False
9106,农户,重庆市,茶叶,家庭农场,2024-05-06,118,False
9107,采购商,浙江省,杨梅,大型采购商,2021-09-16,63,False
9108,农技人员,江苏省,水果,农技服务站,2022-04-25,25,False
9109,农技人员,河北省,梨,农技服务站,2022-11-07,20,False
9110,普通消费者,江西省,水稻,个人,2021-12-07,25,False
9111,农户,河南省,蔬菜,家庭农场,2020-09-04,45,False
9112,农户,江苏省,水稻,家庭农场,2021-01-17,66,False
9113,普通消费者,广东省,荔枝,个人,2024-03-03,35,False
9114,普通消费者,河北省,梨,个人,2025-05-23,64,False
9115,普通消费者,福建省,水产,个人,2020-03-01,20,False
9116,农户,江西省,油茶,小农户,2020-10-02,26,False
9117,普通消费者,湖南省,茶叶,个人,2021-02-21,28,False
9118,农户,河南省,蔬菜,小农户,2022-04-15,31,False
9119,农户,安徽省,小麦,家庭农场,2020-07-14,113,False
9120,农户,湖南省,生猪,家庭农场,2020-04-15,136,False
9121,农户,吉林省,大豆,合作社,2022-08-25,109,False
9122,普通消费者,甘肃省,中药材,个人,2022-12-15,34,False
9123,采购商,湖北省,水稻,小型采购商,2020-11-23,151,False
9124,农户,北京市,花卉,小农户,2020-12-03,46,False
9125,农技人员,吉林省,玉米,农技服务站,2024-09-16,197,False
9126,普通消费者,云南省,咖啡,个人,2024-10-26,26,False
9127,采购商,湖南省,柑橘,中型采购商,2023-09-09,15,True
9128,农户,浙江省,茶叶,小农户,2023-03-25,35,False
9129,普通消费者,吉林省,大豆,个人,2023-12-26,19,True
9130,普通消费者,四川省,猕猴桃,个人,2023-09-11,84,False
9131,普通消费者,河南省,蔬菜,个人,2020-09-14,192,False
9132,农户,青海省,青稞,家庭农场,2024-02-02,32,False
9133,普通消费者,辽宁省,樱桃,个人,2021-08-26,104,False
9134,农技人员,辽宁省,樱桃,农技服务站,2021-02-24,115,False
9135,农技人员,西藏自治区,青稞,农技服务站,2023-11-01,20,False
9136,普通消费者,山西省,红枣,个人,2024-03-13,31,False
9137,农户,广东省,龙眼,小农户,2020-04-10,30,False
9138,农户,陕西省,小麦,小农户,2020-03-23,30,False
9139,农户,山东省,苹果,小农户,2020-04-04,33,False
9140,采购商,福建省,柑橘,小型采购商,2020-04-24,34,False
9141,农技人员,江西省,柑橘,农技服务站,2023-12-10,26,False
9142,普通消费者,新疆维吾尔自治区,哈密瓜,个人,2022-06-22,62,False
9143,农户,河北省,小麦,家庭农场,2021-10-04,20,False
9144,农户,云南省,花卉,家庭农场,2021-10-06,23,False
9145,普通消费者,江苏省,水稻,个人,2021-09-16,11,True
9146,农户,广东省,香蕉,家庭农场,2023-06-12,80,False
9147,农户,山东省,蔬菜,小农户,2024-01-26,20,False
9148,普通消费者,河南省,花生,个人,2024-10-04,20,False
9149,农户,陕西省,苹果,小农户,2024-08-17,47,False
9150,农技人员,浙江省,柑橘,农技服务站,2025-07-01,11,True
9151,普通消费者,江苏省,水果,个人,2024-05-05,20,False
9152,农户,湖北省,水产,小农户,2023-12-19,105,False
9153,农技人员,广东省,香蕉,农技服务站,2024-08-24,100,False
9154,普通消费者,浙江省,杨梅,个人,2020-05-21,194,False
9155,农户,安徽省,水稻,小农户,2020-03-12,29,False
9156,农技人员,广东省,香蕉,农技服务站,2025-01-05,80,False
9157,普通消费者,河北省,梨,个人,2021-09-26,20,False
9158,农技人员,北京市,花卉,农技服务站,2022-01-03,20,False
9159,普通消费者,广东省,蔬菜,个人,2023-09-26,20,False
9160,普通消费者,山西省,小麦,个人,2024-03-09,51,False
9161,农户,广西壮族自治区,柑橘,小农户,2020-05-22,58,False
9162,农技人员,江苏省,水稻,农技服务站,2022-01-26,25,False
9163,采购商,贵州省,猕猴桃,中型采购商,2024-01-14,46,False
9164,农户,江苏省,大闸蟹,小农户,2020-07-03,12,True
9165,农户,青海省,油菜,小农户,2020-10-21,66,False
9166,农技人员,福建省,茶叶,农技服务站,2023-08-24,80,False
9167,采购商,福建省,食用菌,小型采购商,2023-06-22,29,False
9168,普通消费者,广西壮族自治区,芒果,个人,2025-05-11,175,False
9169,农户,江苏省,大闸蟹,家庭农场,2024-09-05,20,False
9170,农户,内蒙古自治区,小麦,合作社,2020-10-15,21,False
9171,农户,吉林省,人参,小农户,2021-09-22,198,False
9172,农技人员,浙江省,茶叶,农技服务站,2024-11-18,26,False
9173,普通消费者,辽宁省,樱桃,个人,2020-11-15,29,False
9174,普通消费者,吉林省,人参,个人,2025-02-13,30,False
9175,采购商,山东省,蔬菜,中型采购商,2020-12-28,57,False
9176,普通消费者,河南省,蔬菜,个人,2022-07-06,14,True
9177,农技人员,安徽省,小麦,农技服务站,2023-02-19,62,False
9178,采购商,广西壮族自治区,甘蔗,小型采购商,2024-12-22,30,False
9179,农户,湖南省,水稻,小农户,2022-10-28,57,False
9180,农户,甘肃省,马铃薯,小农户,2022-02-21,101,False
9181,采购商,江苏省,水稻,中型采购商,2023-08-06,39,False
9182,采购商,河南省,蔬菜,中型采购商,2023-04-14,34,False
9183,农户,四川省,柑橘,小农户,2022-03-14,3,True
9184,采购商,福建省,茶叶,大型采购商,2021-01-16,52,False
9185,农技人员,吉林省,玉米,农技服务站,2020-11-05,34,False
9186,农户,辽宁省,水产,小农户,2021-02-02,15,True
9187,普通消费者,广东省,龙眼,个人,2020-12-12,80,False
9188,农户,重庆市,柑橘,小农户,2025-12-15,20,False
9189,农技人员,河北省,梨,农技服务站,2025-02-03,88,False
9190,普通消费者,内蒙古自治区,牛奶,个人,2020-11-23,25,False
9191,农户,河南省,花生,小农户,2020-02-06,138,False
9192,普通消费者,北京市,蔬菜,个人,2024-03-13,31,False
9193,农户,福建省,水产,小农户,2020-08-20,41,False
9194,农户,天津市,水产,合作社,2020-10-03,12,True
9195,农户,山东省,花生,家庭农场,2024-02-26,62,False
9196,普通消费者,四川省,蔬菜,个人,2022-09-08,32,False
9197,农户,广西壮族自治区,芒果,合作社,2020-03-15,20,False
9198,农户,湖南省,柑橘,小农户,2023-10-20,50,False
9199,农户,云南省,花卉,合作社,2025-12-10,48,False
9200,农户,云南省,茶叶,家庭农场,2024-04-12,20,False
9201,农户,辽宁省,水稻,家庭农场,2025-11-22,33,False
9202,普通消费者,河北省,小麦,个人,2020-09-12,20,False
9203,农技人员,湖北省,水稻,农技服务站,2023-08-12,23,False
9204,普通消费者,湖南省,柑橘,个人,2023-02-02,170,False
9205,农户,上海市,水果,小农户,2020-04-01,21,False
9206,普通消费者,广西壮族自治区,柑橘,个人,2024-07-17,49,False
9207,农技人员,江苏省,水果,农技服务站,2024-01-01,35,False
9208,普通消费者,辽宁省,水产,个人,2020-07-20,17,True
9209,农户,广东省,蔬菜,小农户,2020-12-15,20,False
9210,农技人员,广东省,香蕉,农技服务站,2021-10-09,51,False
9211,采购商,河南省,蔬菜,小型采购商,2021-10-12,17,True
9212,农户,吉林省,水稻,小农户,2025-10-21,20,False
9213,农户,重庆市,蔬菜,小农户,2024-03-15,39,False
9214,普通消费者,湖北省,柑橘,个人,2022-09-20,22,False
9215,普通消费者,湖南省,生猪,个人,2020-01-03,27,False
9216,农户,吉林省,人参,小农户,2020-09-16,42,False
9217,普通消费者,江西省,柑橘,个人,2024-04-02,42,False
9218,普通消费者,湖北省,水产,个人,2021-06-18,64,False
9219,普通消费者,四川省,水稻,个人,2023-03-21,31,False
9220,采购商,云南省,水果,中型采购商,2025-07-01,38,False
9221,普通消费者,四川省,蔬菜,个人,2024-01-26,184,False
9222,农户,浙江省,柑橘,家庭农场,2024-10-15,26,False
9223,采购商,广东省,蔬菜,中型采购商,2022-02-19,9,True
9224,普通消费者,湖南省,水稻,个人,2023-08-05,36,False
9225,农技人员,辽宁省,樱桃,农技服务站,2020-10-28,8,True
9226,普通消费者,河南省,小麦,个人,2020-11-19,41,False
9227,农户,内蒙古自治区,小麦,小农户,2020-05-17,31,False
9228,普通消费者,四川省,柑橘,个人,2020-04-25,20,False
9229,普通消费者,云南省,咖啡,个人,2025-05-27,39,False
9230,普通消费者,重庆市,茶叶,个人,2020-04-27,39,False
9231,农户,广西壮族自治区,甘蔗,小农户,2022-09-17,23,False
9232,农技人员,湖南省,柑橘,农技服务站,2020-02-05,4,True
9233,普通消费者,黑龙江省,小麦,个人,2021-01-16,20,False
9234,采购商,湖南省,生猪,中型采购商,2025-08-11,69,False
9235,农户,云南省,水果,家庭农场,2023-03-12,1,True
9236,农技人员,安徽省,小麦,农技服务站,2023-06-26,42,False
9237,普通消费者,辽宁省,水稻,个人,2024-12-05,164,False
9238,农户,辽宁省,苹果,小农户,2025-09-03,145,False
9239,农户,西藏自治区,牦牛,家庭农场,2020-10-02,29,False
9240,农户,云南省,水果,家庭农场,2023-07-12,20,False
9241,农技人员,河北省,玉米,农技服务站,2023-07-01,21,False
9242,采购商,湖北省,柑橘,大型采购商,2022-12-02,124,False
9243,农技人员,福建省,茶叶,农技服务站,2025-08-18,63,False
9244,普通消费者,湖南省,水稻,个人,2024-04-09,114,False
9245,农户,广东省,龙眼,家庭农场,2024-06-23,120,False
9246,采购商,天津市,蔬菜,中型采购商,2023-02-16,35,False
9247,农技人员,广西壮族自治区,柑橘,农技服务站,2022-08-19,7,True
9248,普通消费者,河北省,红枣,个人,2024-04-06,15,True
9249,普通消费者,河南省,蔬菜,个人,2022-05-08,25,False
9250,农户,山东省,花生,家庭农场,2024-03-17,42,False
9251,采购商,山东省,花生,小型采购商,2024-11-08,22,False
9252,农技人员,湖北省,水产,农技服务站,2020-02-08,70,False
9253,采购商,河北省,红枣,小型采购商,2022-04-03,196,False
9254,农户,河北省,玉米,家庭农场,2022-03-06,94,False
9255,采购商,湖南省,茶叶,小型采购商,2023-06-28,65,False
9256,农技人员,四川省,柑橘,农技服务站,2025-12-27,90,False
9257,采购商,河南省,蔬菜,小型采购商,2023-04-14,26,False
9258,农技人员,宁夏回族自治区,枸杞,农技服务站,2020-12-06,24,False
9259,采购商,内蒙古自治区,小麦,中型采购商,2022-02-11,20,False
9260,普通消费者,甘肃省,中药材,个人,2020-11-08,88,False
9261,采购商,辽宁省,樱桃,中型采购商,2023-09-08,191,False
9262,采购商,四川省,蔬菜,小型采购商,2023-07-16,20,False
9263,农户,四川省,水稻,家庭农场,2025-02-07,83,False
9264,普通消费者,陕西省,猕猴桃,个人,2023-07-17,20,False
9265,采购商,吉林省,大豆,中型采购商,2023-09-07,35,False
9266,农技人员,江苏省,大闸蟹,农技服务站,2021-05-11,28,False
9267,普通消费者,福建省,食用菌,个人,2022-05-19,20,False
9268,农技人员,广东省,龙眼,农技服务站,2023-11-13,3,True
9269,普通消费者,河南省,小麦,个人,2023-08-04,28,False
9270,农户,安徽省,茶叶,小农户,2021-11-18,42,False
9271,农户,北京市,蔬菜,小农户,2020-01-10,43,False
9272,采购商,天津市,水产,大型采购商,2025-12-09,140,False
9273,普通消费者,河南省,小麦,个人,2023-04-03,20,False
9274,农户,四川省,蔬菜,小农户,2021-04-20,31,False
9275,农技人员,湖南省,生猪,农技服务站,2022-04-05,152,False
9276,采购商,广东省,荔枝,中型采购商,2025-06-20,20,False
9277,农户,河北省,小麦,小农户,2025-12-10,51,False
9278,农户,吉林省,玉米,小农户,2024-09-01,172,False
9279,农户,湖北省,水稻,小农户,2023-10-07,49,False
9280,农户,广东省,荔枝,小农户,2025-07-08,21,False
9281,农户,江西省,柑橘,小农户,2022-01-18,22,False
9282,农户,湖南省,茶叶,小农户,2022-07-10,26,False
9283,普通消费者,青海省,油菜,个人,2020-02-16,20,False
9284,农户,江苏省,水稻,小农户,2022-06-01,39,False
9285,采购商,江苏省,水稻,小型采购商,2021-08-16,12,True
9286,农户,天津市,水果,小农户,2021-11-18,28,False
9287,采购商,安徽省,小麦,中型采购商,2024-11-04,53,False
9288,农户,福建省,水产,小农户,2025-01-02,20,False
9289,农户,云南省,水果,小农户,2025-11-09,24,False
9290,普通消费者,江西省,油茶,个人,2020-12-21,120,False
9291,农户,海南省,水产,小农户,2021-05-27,20,False
9292,普通消费者,河南省,蔬菜,个人,2022-08-05,20,False
9293,农户,广东省,香蕉,家庭农场,2021-11-13,7,True
9294,农户,河南省,蔬菜,小农户,2020-08-21,199,False
9295,农户,河南省,花生,家庭农场,2020-08-08,17,True
9296,普通消费者,陕西省,苹果,个人,2025-12-19,20,False
9297,普通消费者,江苏省,大闸蟹,个人,2022-02-26,156,False
9298,农技人员,广东省,蔬菜,农技服务站,2022-03-05,54,False
9299,农技人员,河南省,玉米,农技服务站,2024-08-25,23,False
9300,农技人员,吉林省,水稻,农技服务站,2024-04-14,35,False
9301,农技人员,吉林省,大豆,农技服务站,2022-06-09,27,False
9302,采购商,广东省,香蕉,小型采购商,2024-11-15,142,False
9303,农户,福建省,柑橘,家庭农场,2021-05-18,20,False
9304,农技人员,浙江省,水产,农技服务站,2025-11-28,108,False
9305,农技人员,江苏省,大闸蟹,农技服务站,2024-04-03,30,False
9306,普通消费者,浙江省,柑橘,个人,2020-03-28,112,False
9307,农户,浙江省,水产,小农户,2022-08-02,44,False
9308,农户,新疆维吾尔自治区,棉花,小农户,2025-02-21,20,False
9309,普通消费者,贵州省,辣椒,个人,2021-06-13,49,False
9310,采购商,黑龙江省,玉米,小型采购商,2021-06-25,21,False
9311,农户,贵州省,辣椒,家庭农场,2020-02-08,26,False
9312,普通消费者,山东省,蔬菜,个人,2021-01-03,138,False
9313,农户,吉林省,水稻,家庭农场,2025-07-25,182,False
9314,农户,湖南省,生猪,小农户,2020-08-01,43,False
9315,普通消费者,黑龙江省,小麦,个人,2021-10-24,23,False
9316,普通消费者,江苏省,水果,个人,2024-02-19,33,False
9317,采购商,江苏省,水稻,小型采购商,2020-03-20,119,False
9318,采购商,河南省,玉米,小型采购商,2024-04-05,127,False
9319,农户,辽宁省,水产,家庭农场,2024-12-13,28,False
9320,采购商,山东省,苹果,中型采购商,2025-01-28,35,False
9321,农户,河南省,玉米,小农户,2025-07-27,89,False
9322,普通消费者,江西省,油茶,个人,2023-05-22,20,False
9323,普通消费者,江苏省,水果,个人,2022-12-25,20,False
9324,农户,湖南省,茶叶,家庭农场,2021-04-20,45,False
9325,农户,北京市,水果,小农户,2023-10-01,1,True
9326,农户,湖北省,柑橘,小农户,2023-01-24,17,True
9327,农技人员,新疆维吾尔自治区,葡萄,农技服务站,2025-04-19,9,True
9328,采购商,广东省,荔枝,大型采购商,2021-09-17,55,False
9329,采购商,广东省,龙眼,中型采购商,2020-05-28,114,False
9330,农户,甘肃省,中药材,小农户,2023-02-14,3,True
9331,农户,海南省,橡胶,小农户,2024-10-21,171,False
9332,农技人员,四川省,水稻,农技服务站,2020-02-12,21,False
9333,农户,湖南省,水稻,家庭农场,2024-08-26,29,False
9334,采购商,江西省,茶叶,大型采购商,2025-03-23,15,True
9335,采购商,天津市,水果,小型采购商,2023-11-27,38,False
9336,普通消费者,四川省,猕猴桃,个人,2022-04-03,46,False
9337,普通消费者,山西省,核桃,个人,2021-03-07,20,False
9338,采购商,广东省,蔬菜,小型采购商,2023-12-06,21,False
9339,农户,湖北省,水产,家庭农场,2021-04-27,28,False
9340,普通消费者,山西省,核桃,个人,2020-10-22,47,False
9341,农户,甘肃省,苹果,小农户,2020-08-25,80,False
9342,采购商,江苏省,大闸蟹,大型采购商,2020-02-13,17,True
9343,农技人员,云南省,水果,农技服务站,2021-12-01,105,False
9344,农技人员,河南省,花生,农技服务站,2023-06-18,29,False
9345,农户,河南省,小麦,小农户,2020-02-27,20,False
9346,农技人员,福建省,茶叶,农技服务站,2020-03-19,40,False
9347,农技人员,河北省,玉米,农技服务站,2025-04-08,64,False
9348,普通消费者,新疆维吾尔自治区,葡萄,个人,2024-07-05,34,False
9349,普通消费者,山东省,蔬菜,个人,2021-05-25,21,False
9350,农技人员,四川省,水稻,农技服务站,2022-11-09,98,False
9351,农户,四川省,茶叶,家庭农场,2022-08-15,53,False
9352,采购商,湖南省,柑橘,小型采购商,2020-08-09,46,False
9353,农户,四川省,猕猴桃,小农户,2024-09-27,20,False
9354,采购商,河南省,小麦,小型采购商,2020-07-20,40,False
9355,农户,上海市,蔬菜,家庭农场,2021-07-22,151,False
9356,农技人员,广西壮族自治区,芒果,农技服务站,2020-11-21,54,False
9357,普通消费者,湖南省,生猪,个人,2020-03-09,59,False
9358,普通消费者,江西省,茶叶,个人,2025-10-15,32,False
9359,农户,湖南省,柑橘,合作社,2022-10-22,85,False
9360,农户,天津市,水产,家庭农场,2023-12-10,27,False
9361,普通消费者,广东省,龙眼,个人,2022-12-10,139,False
9362,农户,江苏省,水果,家庭农场,2021-01-02,61,False
9363,农技人员,浙江省,柑橘,农技服务站,2022-03-24,20,False
9364,农技人员,广东省,龙眼,农技服务站,2025-05-06,85,False
9365,普通消费者,湖南省,茶叶,个人,2021-06-06,16,True
9366,采购商,青海省,青稞,小型采购商,2023-08-19,41,False
9367,普通消费者,黑龙江省,水稻,个人,2021-12-24,2,True
9368,农户,河南省,蔬菜,小农户,2020-12-01,20,False
9369,农户,山东省,小麦,家庭农场,2021-04-17,56,False
9370,农户,福建省,食用菌,小农户,2020-07-27,29,False
9371,农户,山东省,花生,小农户,2024-09-12,62,False
9372,采购商,四川省,茶叶,小型采购商,2025-07-09,42,False
9373,农技人员,辽宁省,苹果,农技服务站,2025-12-14,20,False
9374,农户,山东省,花生,小农户,2022-08-27,67,False
9375,农户,河南省,小麦,家庭农场,2020-06-05,71,False
9376,农技人员,上海市,水产,农技服务站,2023-01-25,19,True
9377,农技人员,广东省,香蕉,农技服务站,2020-07-21,51,False
9378,普通消费者,辽宁省,水产,个人,2021-11-07,22,False
9379,采购商,河南省,花生,中型采购商,2025-04-21,28,False
9380,农户,湖南省,水稻,小农户,2023-01-05,35,False
9381,农户,河北省,红枣,小农户,2021-07-14,85,False
9382,农户,湖南省,生猪,小农户,2023-12-20,13,True
9383,采购商,四川省,猕猴桃,小型采购商,2021-12-03,23,False
9384,农户,青海省,青稞,小农户,2025-10-03,77,False
9385,农户,浙江省,茶叶,小农户,2024-08-20,35,False
9386,普通消费者,湖南省,柑橘,个人,2021-06-11,137,False
9387,普通消费者,甘肃省,马铃薯,个人,2024-05-24,20,False
9388,采购商,内蒙古自治区,马铃薯,小型采购商,2020-04-14,39,False
9389,农户,辽宁省,水产,家庭农场,2020-07-19,27,False
9390,农户,山西省,红枣,小农户,2021-05-11,31,False
9391,农户,四川省,柑橘,小农户,2025-07-09,27,False
9392,普通消费者,贵州省,茶叶,个人,2023-05-19,133,False
9393,普通消费者,贵州省,辣椒,个人,2025-09-14,49,False
9394,农户,北京市,蔬菜,小农户,2023-05-21,57,False
9395,采购商,陕西省,红枣,中型采购商,2023-11-23,168,False
9396,农户,四川省,蔬菜,合作社,2020-03-12,38,False
9397,农户,四川省,蔬菜,小农户,2021-03-09,154,False
9398,普通消费者,湖南省,茶叶,个人,2023-01-14,27,False
9399,采购商,吉林省,玉米,大型采购商,2020-11-22,4,True
9400,采购商,广西壮族自治区,香蕉,大型采购商,2025-07-10,32,False
9401,农技人员,辽宁省,水产,农技服务站,2025-01-03,33,False
9402,农户,山东省,花生,小农户,2022-07-19,22,False
9403,农户,浙江省,水产,家庭农场,2021-09-24,44,False
9404,农户,山西省,核桃,小农户,2021-09-22,41,False
9405,农户,安徽省,茶叶,家庭农场,2021-07-17,9,True
9406,普通消费者,福建省,食用菌,个人,2022-12-13,71,False
9407,农户,福建省,茶叶,家庭农场,2025-11-21,62,False
9408,普通消费者,天津市,蔬菜,个人,2024-02-15,23,False
9409,农户,山东省,蔬菜,家庭农场,2022-09-17,144,False
9410,农户,安徽省,小麦,合作社,2025-11-24,128,False
9411,采购商,云南省,花卉,小型采购商,2021-12-10,49,False
9412,农技人员,湖北省,水稻,农技服务站,2025-09-06,20,False
9413,普通消费者,重庆市,柑橘,个人,2024-11-08,46,False
9414,农户,山东省,蔬菜,小农户,2020-05-06,90,False
9415,农户,新疆维吾尔自治区,葡萄,小农户,2024-12-15,25,False
9416,普通消费者,四川省,蔬菜,个人,2025-11-22,20,False
9417,农技人员,河北省,玉米,农技服务站,2020-12-06,2,True
9418,农户,广东省,香蕉,家庭农场,2022-04-25,38,False
9419,普通消费者,广东省,荔枝,个人,2021-10-22,20,False
9420,农户,湖北省,莲藕,小农户,2020-08-10,20,False
9421,农户,海南省,水产,小农户,2022-03-15,30,False
9422,普通消费者,安徽省,水稻,个人,2020-09-18,87,False
9423,普通消费者,湖南省,柑橘,个人,2021-10-05,87,False
9424,农户,浙江省,茶叶,小农户,2023-09-26,15,True
9425,农户,河南省,小麦,家庭农场,2023-06-21,34,False
9426,采购商,湖北省,柑橘,小型采购商,2024-10-01,27,False
9427,普通消费者,浙江省,茶叶,个人,2025-06-14,20,False
9428,农户,广东省,荔枝,小农户,2021-07-22,90,False
9429,农技人员,湖北省,水产,农技服务站,2023-06-08,22,False
9430,普通消费者,重庆市,茶叶,个人,2021-11-03,40,False
9431,采购商,湖南省,水稻,中型采购商,2024-09-04,179,False
9432,采购商,河南省,小麦,中型采购商,2024-03-19,86,False
9433,普通消费者,甘肃省,苹果,个人,2024-03-06,114,False
9434,农技人员,新疆维吾尔自治区,红枣,农技服务站,2023-11-04,44,False
9435,农技人员,山东省,小麦,农技服务站,2023-01-24,1,True
9436,普通消费者,河南省,蔬菜,个人,2021-08-18,135,False
9437,农技人员,浙江省,水产,农技服务站,2020-10-11,122,False
9438,农技人员,福建省,柑橘,农技服务站,2022-02-21,32,False
9439,农技人员,江苏省,水果,农技服务站,2023-08-22,164,False
9440,普通消费者,北京市,花卉,个人,2025-04-21,59,False
9441,普通消费者,河南省,小麦,个人,2023-04-12,40,False
9442,农户,河南省,小麦,家庭农场,2020-11-02,20,False
9443,普通消费者,山东省,蔬菜,个人,2025-05-17,135,False
9444,农户,江西省,水稻,小农户,2022-09-01,22,False
9445,普通消费者,山东省,苹果,个人,2021-01-22,28,False
9446,农户,江西省,柑橘,小农户,2024-06-20,128,False
9447,农户,江西省,茶叶,小农户,2025-05-28,20,False
9448,普通消费者,辽宁省,水产,个人,2021-04-27,31,False
9449,农户,河南省,蔬菜,小农户,2021-08-25,187,False
9450,农户,北京市,蔬菜,小农户,2022-02-23,57,False
9451,普通消费者,四川省,茶叶,个人,2023-09-08,46,False
9452,农技人员,河南省,小麦,农技服务站,2022-12-27,66,False
9453,农户,山西省,核桃,合作社,2023-06-08,2,True
9454,普通消费者,西藏自治区,牦牛,个人,2024-10-23,28,False
9455,普通消费者,河南省,花生,个人,2023-02-09,64,False
9456,普通消费者,河南省,花生,个人,2022-03-20,13,True
9457,农户,贵州省,中药材,小农户,2022-08-09,11,True
9458,采购商,湖南省,生猪,中型采购商,2022-10-27,30,False
9459,普通消费者,浙江省,杨梅,个人,2021-09-07,172,False
9460,普通消费者,河南省,小麦,个人,2021-04-02,174,False
9461,采购商,上海市,蔬菜,小型采购商,2025-10-10,69,False
9462,农技人员,海南省,橡胶,农技服务站,2020-02-02,32,False
9463,普通消费者,广东省,香蕉,个人,2020-05-22,47,False
9464,采购商,四川省,蔬菜,小型采购商,2020-08-27,69,False
9465,采购商,辽宁省,苹果,中型采购商,2024-04-05,30,False
9466,农户,山东省,苹果,小农户,2023-12-27,36,False
9467,农户,黑龙江省,玉米,家庭农场,2020-07-19,108,False
9468,普通消费者,广西壮族自治区,香蕉,个人,2023-07-05,63,False
9469,农技人员,云南省,水果,农技服务站,2023-10-07,168,False
9470,普通消费者,山东省,花生,个人,2024-03-03,30,False
9471,采购商,上海市,水果,中型采购商,2020-12-26,17,True
9472,采购商,上海市,水果,小型采购商,2024-08-08,20,False
9473,采购商,北京市,蔬菜,中型采购商,2022-09-28,80,False
9474,农户,山东省,蔬菜,小农户,2025-10-06,26,False
9475,农户,广东省,蔬菜,家庭农场,2022-05-08,35,False
9476,农户,河北省,梨,合作社,2020-04-14,59,False
9477,农户,广东省,龙眼,家庭农场,2020-12-10,80,False
9478,普通消费者,宁夏回族自治区,马铃薯,个人,2025-11-15,84,False
9479,农技人员,江苏省,水稻,农技服务站,2025-02-17,24,False
9480,采购商,湖北省,水产,大型采购商,2020-09-26,20,False
9481,农户,北京市,蔬菜,小农户,2025-02-03,37,False
9482,普通消费者,河北省,小麦,个人,2023-11-24,176,False
9483,农技人员,内蒙古自治区,羊肉,农技服务站,2021-01-10,13,True
9484,普通消费者,贵州省,辣椒,个人,2021-07-06,20,False
9485,普通消费者,辽宁省,水产,个人,2024-10-28,4,True
9486,普通消费者,河南省,蔬菜,个人,2021-07-13,20,False
9487,采购商,湖北省,水稻,中型采购商,2024-07-26,136,False
9488,农技人员,浙江省,水产,农技服务站,2023-08-04,28,False
9489,农户,黑龙江省,大豆,小农户,2025-06-19,37,False
9490,农户,河南省,玉米,合作社,2020-03-15,5,True
9491,农户,浙江省,水产,家庭农场,2020-10-27,28,False
9492,农户,广东省,蔬菜,小农户,2022-10-20,20,False
9493,普通消费者,山东省,花生,个人,2024-07-24,15,True
9494,农技人员,广东省,香蕉,农技服务站,2022-09-12,163,False
9495,农户,四川省,水稻,小农户,2023-09-27,73,False
9496,农户,四川省,猕猴桃,小农户,2025-09-15,34,False
9497,普通消费者,陕西省,猕猴桃,个人,2023-09-26,5,True
9498,采购商,安徽省,小麦,小型采购商,2024-11-19,16,True
9499,普通消费者,江西省,柑橘,个人,2023-09-14,114,False
9500,农户,江苏省,水稻,合作社,2021-12-26,67,False
9501,普通消费者,安徽省,水稻,个人,2025-03-17,29,False
9502,农技人员,江苏省,蔬菜,农技服务站,2021-10-19,21,False
9503,采购商,宁夏回族自治区,马铃薯,中型采购商,2025-08-08,100,False
9504,农技人员,内蒙古自治区,牛奶,农技服务站,2021-07-22,37,False
9505,农技人员,河南省,小麦,农技服务站,2022-03-27,29,False
9506,采购商,湖北省,莲藕,小型采购商,2020-08-03,20,False
9507,普通消费者,湖南省,生猪,个人,2023-07-09,69,False
9508,采购商,陕西省,小麦,小型采购商,2022-07-09,95,False
9509,农户,陕西省,小麦,小农户,2020-12-05,24,False
9510,普通消费者,山东省,小麦,个人,2022-02-07,125,False
9511,普通消费者,四川省,蔬菜,个人,2020-02-22,20,False
9512,农技人员,湖南省,水稻,农技服务站,2020-07-21,64,False
9513,采购商,广西壮族自治区,甘蔗,大型采购商,2025-07-27,25,False
9514,普通消费者,湖南省,柑橘,个人,2023-06-01,24,False
9515,采购商,辽宁省,樱桃,小型采购商,2021-12-14,6,True
9516,农技人员,广东省,蔬菜,农技服务站,2025-03-10,128,False
9517,普通消费者,河北省,红枣,个人,2022-10-24,171,False
9518,农户,湖北省,水稻,家庭农场,2021-01-16,20,False
9519,农户,云南省,水果,小农户,2025-01-14,79,False
9520,农户,浙江省,水产,小农户,2022-11-05,20,False
9521,农户,河北省,梨,家庭农场,2022-11-27,34,False
9522,普通消费者,四川省,猕猴桃,个人,2023-07-09,52,False
9523,农户,广东省,龙眼,小农户,2024-02-19,40,False
9524,农户,广东省,荔枝,家庭农场,2021-07-12,32,False
9525,农户,安徽省,水稻,家庭农场,2023-01-02,20,False
9526,采购商,河南省,花生,大型采购商,2023-08-20,22,False
9527,农技人员,山东省,蔬菜,农技服务站,2022-12-24,36,False
9528,普通消费者,贵州省,茶叶,个人,2022-09-22,22,False
9529,农技人员,陕西省,小麦,农技服务站,2022-12-21,128,False
9530,农户,湖南省,柑橘,家庭农场,2020-12-03,108,False
9531,普通消费者,浙江省,水产,个人,2022-08-09,101,False
9532,普通消费者,陕西省,小麦,个人,2023-08-01,36,False
9533,农户,重庆市,柑橘,小农户,2024-05-22,20,False
9534,农户,四川省,水稻,小农户,2023-03-23,46,False
9535,普通消费者,陕西省,红枣,个人,2025-12-11,53,False
9536,农户,河南省,小麦,小农户,2020-10-03,20,False
9537,普通消费者,四川省,猕猴桃,个人,2025-10-27,80,False
9538,普通消费者,河南省,玉米,个人,2025-05-04,48,False
9539,农技人员,湖南省,柑橘,农技服务站,2025-01-14,33,False
9540,农户,湖南省,水稻,家庭农场,2024-01-23,57,False
9541,农技人员,黑龙江省,水稻,农技服务站,2020-02-23,80,False
9542,农户,山东省,苹果,小农户,2023-02-28,127,False
9543,普通消费者,广东省,龙眼,个人,2023-12-15,20,False
9544,农户,广东省,荔枝,小农户,2022-03-28,29,False
9545,农技人员,江苏省,水果,农技服务站,2024-09-01,190,False
9546,采购商,陕西省,红枣,大型采购商,2025-06-05,20,False
9547,农户,甘肃省,苹果,家庭农场,2025-12-13,36,False
9548,农户,河南省,玉米,家庭农场,2024-02-04,39,False
9549,农户,江苏省,水果,合作社,2023-07-17,20,False
9550,农户,广东省,香蕉,家庭农场,2024-12-24,161,False
9551,普通消费者,湖北省,柑橘,个人,2023-06-28,142,False
9552,农户,四川省,茶叶,小农户,2025-05-10,104,False
9553,普通消费者,黑龙江省,水稻,个人,2025-09-03,32,False
9554,农技人员,陕西省,小麦,农技服务站,2021-10-22,23,False
9555,采购商,广西壮族自治区,香蕉,小型采购商,2023-02-11,20,False
9556,农户,云南省,花卉,小农户,2025-11-28,39,False
9557,农户,黑龙江省,水稻,家庭农场,2024-09-25,68,False
9558,农户,广西壮族自治区,香蕉,家庭农场,2022-08-03,24,False
9559,普通消费者,江苏省,大闸蟹,个人,2025-04-19,41,False
9560,农技人员,江苏省,水果,农技服务站,2025-10-03,20,False
9561,普通消费者,湖北省,莲藕,个人,2024-12-28,173,False
9562,农户,江苏省,水稻,小农户,2024-10-25,125,False
9563,农户,新疆维吾尔自治区,哈密瓜,小农户,2023-03-24,41,False
9564,采购商,四川省,水稻,小型采购商,2021-01-17,27,False
9565,农户,广东省,龙眼,小农户,2023-08-14,22,False
9566,采购商,福建省,水产,中型采购商,2023-05-03,2,True
9567,普通消费者,辽宁省,苹果,个人,2020-08-21,22,False
9568,采购商,广西壮族自治区,香蕉,小型采购商,2022-09-11,27,False
9569,农户,辽宁省,苹果,合作社,2022-04-10,40,False
9570,农户,黑龙江省,水稻,家庭农场,2020-04-21,20,False
9571,农户,河北省,小麦,小农户,2024-04-21,27,False
9572,普通消费者,黑龙江省,玉米,个人,2021-11-16,32,False
9573,农户,湖南省,生猪,家庭农场,2022-04-19,20,False
9574,普通消费者,北京市,花卉,个人,2023-12-07,80,False
9575,采购商,江西省,柑橘,小型采购商,2025-02-03,97,False
9576,农户,广东省,荔枝,家庭农场,2022-01-14,117,False
9577,农户,广东省,荔枝,小农户,2020-12-13,21,False
9578,农户,广东省,龙眼,小农户,2024-03-15,23,False
9579,农技人员,青海省,牦牛,农技服务站,2024-04-02,5,True
9580,普通消费者,河南省,小麦,个人,2020-08-16,20,False
9581,农户,河南省,蔬菜,小农户,2025-08-26,80,False
9582,农户,四川省,猕猴桃,小农户,2025-10-21,43,False
9583,农技人员,安徽省,小麦,农技服务站,2023-01-19,20,False
9584,农户,河南省,花生,小农户,2021-02-01,57,False
9585,采购商,福建省,水产,中型采购商,2024-07-07,36,False
9586,农户,山东省,苹果,家庭农场,2023-06-13,37,False
9587,农户,广东省,蔬菜,小农户,2023-05-05,27,False
9588,农技人员,河北省,梨,农技服务站,2020-07-01,94,False
9589,农户,贵州省,茶叶,小农户,2021-12-07,22,False
9590,农户,江苏省,蔬菜,小农户,2021-08-23,39,False
9591,农户,湖南省,柑橘,小农户,2022-10-05,143,False
9592,农户,辽宁省,苹果,小农户,2022-02-22,25,False
9593,采购商,浙江省,水产,中型采购商,2021-03-21,80,False
9594,农户,河南省,小麦,家庭农场,2024-12-04,135,False
9595,农技人员,四川省,猕猴桃,农技服务站,2025-01-23,183,False
9596,普通消费者,广西壮族自治区,柑橘,个人,2025-07-18,20,False
9597,农户,湖北省,水稻,合作社,2025-02-18,162,False
9598,普通消费者,山西省,小麦,个人,2022-05-26,2,True
9599,农户,陕西省,猕猴桃,家庭农场,2025-03-05,71,False
9600,普通消费者,江苏省,大闸蟹,个人,2021-03-15,31,False
9601,采购商,贵州省,猕猴桃,大型采购商,2021-09-19,118,False
9602,农技人员,辽宁省,水稻,农技服务站,2021-12-07,38,False
9603,农户,广西壮族自治区,香蕉,家庭农场,2021-03-21,50,False
9604,农技人员,浙江省,杨梅,农技服务站,2021-06-04,24,False
9605,普通消费者,广西壮族自治区,香蕉,个人,2021-07-02,51,False
9606,农户,上海市,水果,小农户,2024-06-19,20,False
9607,采购商,内蒙古自治区,马铃薯,小型采购商,2022-08-15,23,False
9608,农户,广西壮族自治区,芒果,家庭农场,2024-06-07,20,False
9609,普通消费者,吉林省,玉米,个人,2020-04-02,184,False
9610,农户,广西壮族自治区,甘蔗,家庭农场,2020-07-04,195,False
9611,普通消费者,天津市,水产,个人,2023-03-12,177,False
9612,普通消费者,湖北省,水稻,个人,2025-01-05,20,False
9613,采购商,河北省,玉米,小型采购商,2020-03-14,29,False
9614,普通消费者,辽宁省,苹果,个人,2020-01-15,40,False
9615,普通消费者,甘肃省,小麦,个人,2020-01-12,47,False
9616,农户,广东省,龙眼,家庭农场,2024-01-02,37,False
9617,农户,湖南省,水稻,小农户,2021-10-08,128,False
9618,农户,甘肃省,中药材,家庭农场,2024-04-13,23,False
9619,农技人员,浙江省,杨梅,农技服务站,2023-06-23,152,False
9620,普通消费者,山东省,小麦,个人,2022-09-18,39,False
9621,农户,山西省,红枣,小农户,2024-02-14,35,False
9622,采购商,江西省,油茶,大型采购商,2021-07-20,52,False
9623,农户,重庆市,柑橘,家庭农场,2025-07-14,48,False
9624,普通消费者,甘肃省,苹果,个人,2020-08-01,2,True
9625,农户,福建省,茶叶,小农户,2024-09-06,33,False
9626,农技人员,江西省,茶叶,农技服务站,2024-10-08,143,False
9627,农技人员,江苏省,水果,农技服务站,2024-11-16,21,False
9628,农户,浙江省,水产,合作社,2025-07-15,23,False
9629,农户,河南省,蔬菜,家庭农场,2021-08-19,199,False
9630,农技人员,山东省,苹果,农技服务站,2021-07-15,170,False
9631,普通消费者,重庆市,茶叶,个人,2025-07-24,25,False
9632,农户,河南省,花生,小农户,2021-03-07,28,False
9633,农户,山西省,小麦,合作社,2024-04-10,5,True
9634,农户,辽宁省,樱桃,小农户,2022-02-09,37,False
9635,农技人员,湖北省,莲藕,农技服务站,2022-10-24,47,False
9636,农户,河北省,红枣,小农户,2025-01-18,32,False
9637,农技人员,宁夏回族自治区,小麦,农技服务站,2025-01-19,33,False
9638,农户,湖南省,生猪,小农户,2025-09-25,140,False
9639,普通消费者,上海市,水果,个人,2021-06-27,35,False
9640,采购商,四川省,柑橘,中型采购商,2022-06-05,83,False
9641,普通消费者,云南省,花卉,个人,2020-09-19,25,False
9642,农技人员,河南省,蔬菜,农技服务站,2023-01-22,20,False
9643,普通消费者,湖北省,柑橘,个人,2021-03-26,20,False
9644,采购商,甘肃省,中药材,中型采购商,2021-01-07,23,False
9645,采购商,河北省,梨,中型采购商,2023-08-09,41,False
9646,采购商,四川省,蔬菜,中型采购商,2024-09-08,23,False
9647,农户,福建省,茶叶,合作社,2023-12-11,2,True
9648,采购商,江苏省,水果,大型采购商,2020-09-26,29,False
9649,农户,江西省,茶叶,小农户,2021-02-19,41,False
9650,普通消费者,河南省,蔬菜,个人,2023-04-25,9,True
9651,农户,黑龙江省,小麦,家庭农场,2024-07-10,42,False
9652,农户,山西省,小麦,小农户,2020-03-15,20,False
9653,采购商,辽宁省,水产,小型采购商,2022-09-20,54,False
9654,农户,甘肃省,马铃薯,小农户,2021-08-02,58,False
9655,农户,天津市,蔬菜,小农户,2022-07-28,20,False
9656,农户,河南省,玉米,小农户,2023-03-19,8,True
9657,农技人员,重庆市,茶叶,农技服务站,2025-08-28,19,True
9658,采购商,山东省,小麦,大型采购商,2021-01-16,21,False
9659,农户,北京市,蔬菜,家庭农场,2021-06-20,161,False
9660,农户,浙江省,水产,家庭农场,2020-09-07,60,False
9661,农户,江西省,油茶,小农户,2025-01-07,17,True
9662,普通消费者,广东省,蔬菜,个人,2020-11-14,30,False
9663,农户,安徽省,蔬菜,小农户,2025-06-21,158,False
9664,普通消费者,江西省,水稻,个人,2025-03-07,20,False
9665,普通消费者,江西省,水稻,个人,2021-01-18,20,False
9666,采购商,江西省,茶叶,小型采购商,2025-02-03,29,False
9667,农户,河南省,小麦,小农户,2020-09-26,10,True
9668,农户,湖北省,水产,小农户,2023-09-04,20,False
9669,采购商,河北省,玉米,小型采购商,2021-05-12,26,False
9670,采购商,云南省,花卉,中型采购商,2020-12-16,33,False
9671,农技人员,重庆市,蔬菜,农技服务站,2020-12-09,140,False
9672,农技人员,辽宁省,水稻,农技服务站,2023-01-16,68,False
9673,农户,广东省,荔枝,小农户,2022-01-22,28,False
9674,农户,山东省,苹果,小农户,2020-02-28,56,False
9675,农户,四川省,茶叶,合作社,2022-06-17,67,False
9676,农户,福建省,茶叶,家庭农场,2022-05-12,67,False
9677,农户,安徽省,蔬菜,小农户,2023-01-20,38,False
9678,采购商,江西省,柑橘,中型采购商,2021-11-08,20,False
9679,采购商,广东省,蔬菜,大型采购商,2023-01-20,41,False
9680,普通消费者,河南省,花生,个人,2021-06-23,55,False
9681,农技人员,山东省,小麦,农技服务站,2024-09-28,6,True
9682,农户,浙江省,杨梅,合作社,2022-09-19,31,False
9683,普通消费者,甘肃省,小麦,个人,2020-04-01,79,False
9684,农技人员,甘肃省,马铃薯,农技服务站,2022-02-04,50,False
9685,农户,新疆维吾尔自治区,哈密瓜,小农户,2020-10-22,43,False
9686,农户,陕西省,苹果,家庭农场,2021-12-19,57,False
9687,农户,广东省,蔬菜,家庭农场,2024-08-15,39,False
9688,农户,福建省,柑橘,小农户,2021-12-20,169,False
9689,普通消费者,福建省,食用菌,个人,2022-08-10,20,False
9690,农技人员,湖南省,生猪,农技服务站,2020-08-15,25,False
9691,农户,江苏省,水果,小农户,2021-03-23,60,False
9692,农户,浙江省,茶叶,家庭农场,2025-02-11,156,False
9693,采购商,四川省,蔬菜,小型采购商,2025-11-06,22,False
9694,农户,四川省,柑橘,小农户,2020-05-17,29,False
9695,农户,黑龙江省,玉米,小农户,2023-04-18,20,False
9696,农户,河北省,红枣,小农户,2021-12-21,80,False
9697,普通消费者,山东省,蔬菜,个人,2022-09-28,76,False
9698,普通消费者,安徽省,蔬菜,个人,2023-04-20,4,True
9699,普通消费者,福建省,柑橘,个人,2024-02-18,21,False
9700,农技人员,辽宁省,水稻,农技服务站,2020-08-08,35,False
9701,农户,山东省,苹果,合作社,2025-09-12,23,False
9702,采购商,广东省,蔬菜,中型采购商,2022-11-18,140,False
9703,农户,青海省,油菜,家庭农场,2022-03-22,45,False
9704,采购商,河北省,梨,小型采购商,2023-11-26,84,False
9705,普通消费者,甘肃省,苹果,个人,2025-04-14,42,False
9706,普通消费者,广西壮族自治区,甘蔗,个人,2024-10-14,49,False
9707,农户,陕西省,猕猴桃,家庭农场,2021-01-04,39,False
9708,农技人员,湖北省,水稻,农技服务站,2021-10-09,112,False
9709,采购商,甘肃省,苹果,小型采购商,2020-10-04,80,False
9710,农技人员,四川省,茶叶,农技服务站,2021-07-13,20,False
9711,普通消费者,湖南省,柑橘,个人,2023-03-09,115,False
9712,农技人员,四川省,蔬菜,农技服务站,2024-07-16,20,False
9713,农户,四川省,柑橘,小农户,2021-06-05,27,False
9714,农户,黑龙江省,玉米,家庭农场,2023-06-15,20,False
9715,采购商,山东省,蔬菜,中型采购商,2020-01-28,20,False
9716,普通消费者,陕西省,红枣,个人,2021-01-24,20,False
9717,农户,黑龙江省,玉米,小农户,2024-04-17,20,False
9718,普通消费者,湖北省,水稻,个人,2023-11-12,20,False
9719,农户,浙江省,柑橘,小农户,2021-09-10,42,False
9720,普通消费者,山东省,蔬菜,个人,2024-10-01,16,True
9721,农户,湖南省,生猪,小农户,2020-12-26,149,False
9722,农技人员,黑龙江省,大豆,农技服务站,2024-04-19,25,False
9723,普通消费者,广西壮族自治区,芒果,个人,2021-05-21,30,False
9724,普通消费者,陕西省,苹果,个人,2021-09-10,7,True
9725,普通消费者,广东省,荔枝,个人,2022-09-17,51,False
9726,农户,新疆维吾尔自治区,棉花,小农户,2020-09-21,22,False
9727,农户,广西壮族自治区,芒果,小农户,2022-01-20,29,False
9728,农户,内蒙古自治区,牛奶,小农户,2025-06-28,39,False
9729,采购商,云南省,花卉,大型采购商,2024-12-20,20,False
9730,农户,河南省,蔬菜,家庭农场,2023-04-22,20,False
9731,农户,河北省,梨,家庭农场,2024-03-20,39,False
9732,普通消费者,北京市,花卉,个人,2025-06-19,42,False
9733,农户,天津市,水果,小农户,2024-06-03,80,False
9734,农技人员,广东省,香蕉,农技服务站,2021-03-15,35,False
9735,农户,广东省,香蕉,小农户,2022-09-16,5,True
9736,农技人员,辽宁省,水稻,农技服务站,2025-09-20,49,False
9737,农户,江苏省,蔬菜,小农户,2021-04-21,30,False
9738,农技人员,安徽省,小麦,农技服务站,2024-01-09,38,False
9739,普通消费者,山东省,苹果,个人,2021-08-14,197,False
9740,农户,山东省,苹果,家庭农场,2024-10-15,11,True
9741,农技人员,山西省,小麦,农技服务站,2021-02-01,76,False
9742,采购商,湖北省,水稻,大型采购商,2023-03-27,196,False
9743,农户,湖北省,莲藕,小农户,2024-01-08,20,False
9744,农户,山东省,花生,家庭农场,2025-02-18,40,False
9745,普通消费者,甘肃省,马铃薯,个人,2024-05-03,80,False
9746,采购商,青海省,青稞,小型采购商,2022-02-14,38,False
9747,采购商,天津市,水果,小型采购商,2025-04-24,75,False
9748,普通消费者,宁夏回族自治区,枸杞,个人,2025-01-12,24,False
9749,普通消费者,四川省,柑橘,个人,2022-08-27,32,False
9750,农户,吉林省,水稻,小农户,2024-02-25,20,False
9751,采购商,贵州省,辣椒,小型采购商,2023-06-03,155,False
9752,采购商,内蒙古自治区,羊肉,小型采购商,2022-11-27,33,False
9753,农户,广东省,蔬菜,小农户,2025-10-19,20,False
9754,农技人员,福建省,茶叶,农技服务站,2025-12-06,20,False
9755,农户,新疆维吾尔自治区,红枣,小农户,2025-03-24,20,False
9756,农技人员,山西省,小麦,农技服务站,2020-08-04,49,False
9757,农户,云南省,花卉,小农户,2020-08-17,12,True
9758,农户,辽宁省,水稻,小农户,2022-08-21,51,False
9759,农户,河南省,小麦,合作社,2021-11-25,38,False
9760,农技人员,贵州省,茶叶,农技服务站,2022-05-10,11,True
9761,农技人员,福建省,食用菌,农技服务站,2021-02-11,50,False
9762,农技人员,天津市,蔬菜,农技服务站,2020-01-22,30,False
9763,农技人员,江苏省,水稻,农技服务站,2023-06-25,81,False
9764,农户,上海市,蔬菜,小农户,2024-12-13,60,False
9765,采购商,河南省,小麦,小型采购商,2020-11-10,33,False
9766,普通消费者,湖北省,水稻,个人,2022-03-17,117,False
9767,农技人员,江苏省,水稻,农技服务站,2021-07-16,34,False
9768,农户,福建省,柑橘,小农户,2020-01-17,28,False
9769,采购商,福建省,水产,小型采购商,2020-10-08,46,False
9770,采购商,广东省,蔬菜,小型采购商,2020-01-05,26,False
9771,采购商,重庆市,柑橘,中型采购商,2023-11-11,107,False
9772,采购商,河北省,红枣,大型采购商,2023-03-01,53,False
9773,采购商,湖北省,水产,中型采购商,2022-09-07,20,False
9774,农户,四川省,猕猴桃,小农户,2024-10-01,20,False
9775,农户,山东省,花生,小农户,2023-06-02,46,False
9776,农户,湖南省,水稻,小农户,2021-07-14,31,False
9777,农户,青海省,油菜,小农户,2020-02-06,7,True
9778,采购商,海南省,水产,中型采购商,2020-12-20,26,False
9779,农户,江苏省,水果,小农户,2024-06-10,116,False
9780,普通消费者,福建省,食用菌,个人,2020-04-26,51,False
9781,农户,黑龙江省,大豆,小农户,2020-09-26,10,True
9782,采购商,安徽省,蔬菜,小型采购商,2025-05-14,24,False
9783,普通消费者,福建省,柑橘,个人,2024-05-08,29,False
9784,农户,云南省,花卉,家庭农场,2022-04-20,142,False
9785,农技人员,河北省,梨,农技服务站,2021-04-17,10,True
9786,农技人员,重庆市,蔬菜,农技服务站,2025-10-20,66,False
9787,农户,湖北省,莲藕,小农户,2024-04-12,12,True
9788,采购商,广东省,龙眼,中型采购商,2020-08-21,191,False
9789,农户,山东省,花生,小农户,2025-01-06,97,False
9790,普通消费者,山东省,蔬菜,个人,2021-11-24,71,False
9791,采购商,江西省,柑橘,中型采购商,2025-12-05,72,False
9792,普通消费者,安徽省,蔬菜,个人,2020-11-06,174,False
9793,农技人员,四川省,猕猴桃,农技服务站,2021-01-14,94,False
9794,农户,内蒙古自治区,牛奶,小农户,2020-07-25,28,False
9795,采购商,河北省,红枣,小型采购商,2021-04-18,61,False
9796,采购商,湖北省,柑橘,大型采购商,2025-05-05,20,False
9797,农技人员,陕西省,小麦,农技服务站,2021-03-17,21,False
9798,普通消费者,黑龙江省,玉米,个人,2025-12-08,20,False
9799,农户,海南省,橡胶,合作社,2021-12-07,76,False
9800,农户,天津市,水果,小农户,2020-10-03,21,False
9801,采购商,河北省,红枣,小型采购商,2022-12-05,31,False
9802,普通消费者,辽宁省,水产,个人,2020-01-09,197,False
9803,农户,广西壮族自治区,柑橘,家庭农场,2021-09-13,21,False
9804,农户,浙江省,柑橘,小农户,2025-01-08,156,False
9805,农户,广西壮族自治区,柑橘,合作社,2025-07-21,46,False
9806,农户,广东省,香蕉,小农户,2023-09-17,27,False
9807,农户,辽宁省,苹果,家庭农场,2020-01-03,20,False
9808,普通消费者,广东省,香蕉,个人,2023-05-10,41,False
9809,普通消费者,甘肃省,马铃薯,个人,2025-08-04,20,False
9810,农户,江苏省,水稻,家庭农场,2023-10-06,21,False
9811,农技人员,河南省,蔬菜,农技服务站,2021-07-05,20,False
9812,采购商,云南省,水果,小型采购商,2025-01-23,101,False
9813,农户,湖南省,柑橘,小农户,2024-12-12,20,False
9814,普通消费者,河南省,小麦,个人,2024-07-05,36,False
9815,采购商,重庆市,蔬菜,中型采购商,2025-09-16,20,False
9816,农户,河南省,花生,小农户,2024-04-26,20,False
9817,农户,云南省,花卉,小农户,2022-05-10,33,False
9818,农户,山东省,苹果,家庭农场,2022-06-21,196,False
9819,农技人员,浙江省,茶叶,农技服务站,2024-04-21,25,False
9820,普通消费者,河南省,蔬菜,个人,2023-06-21,80,False
9821,农技人员,河北省,小麦,农技服务站,2023-04-10,80,False
9822,采购商,山西省,小米,小型采购商,2020-08-17,12,True
9823,农户,四川省,茶叶,小农户,2021-03-07,14,True
9824,采购商,贵州省,茶叶,小型采购商,2023-07-12,153,False
9825,农技人员,湖南省,生猪,农技服务站,2022-09-03,21,False
9826,农户,云南省,咖啡,小农户,2023-12-13,43,False
9827,农户,陕西省,小麦,小农户,2021-08-18,134,False
9828,农户,海南省,热带水果,家庭农场,2022-10-16,48,False
9829,农技人员,内蒙古自治区,牛奶,农技服务站,2020-05-20,24,False
9830,普通消费者,湖南省,柑橘,个人,2022-02-24,200,False
9831,采购商,山东省,小麦,中型采购商,2023-06-26,102,False
9832,采购商,山东省,苹果,中型采购商,2023-03-09,20,False
9833,农户,陕西省,小麦,小农户,2024-04-07,32,False
9834,采购商,贵州省,茶叶,小型采购商,2023-09-13,100,False
9835,采购商,浙江省,茶叶,小型采购商,2020-04-11,30,False
9836,农户,陕西省,小麦,小农户,2022-02-10,102,False
9837,农户,山西省,小米,家庭农场,2020-07-16,109,False
9838,普通消费者,福建省,柑橘,个人,2025-04-15,162,False
9839,普通消费者,重庆市,生猪,个人,2023-02-04,26,False
9840,农技人员,广东省,蔬菜,农技服务站,2021-09-28,41,False
9841,农户,山东省,苹果,小农户,2021-02-06,22,False
9842,采购商,湖北省,水产,小型采购商,2023-12-26,20,False
9843,农技人员,云南省,水果,农技服务站,2022-06-07,34,False
9844,农户,广东省,荔枝,小农户,2023-11-27,40,False
9845,农户,青海省,牦牛,小农户,2023-08-07,20,False
9846,农户,福建省,食用菌,小农户,2022-02-06,52,False
9847,普通消费者,湖北省,水稻,个人,2021-08-25,20,False
9848,采购商,内蒙古自治区,羊肉,小型采购商,2022-02-05,20,False
9849,农技人员,青海省,青稞,农技服务站,2022-05-24,24,False
9850,普通消费者,四川省,猕猴桃,个人,2023-06-22,29,False
9851,农户,海南省,热带水果,家庭农场,2024-01-18,24,False
9852,农户,山东省,苹果,小农户,2024-07-03,1,True
9853,农技人员,四川省,猕猴桃,农技服务站,2021-06-25,161,False
9854,农户,贵州省,茶叶,小农户,2025-06-14,145,False
9855,农技人员,河南省,花生,农技服务站,2020-10-13,24,False
9856,农技人员,黑龙江省,玉米,农技服务站,2022-08-10,80,False
9857,农户,浙江省,柑橘,小农户,2025-12-03,21,False
9858,农户,江苏省,水果,家庭农场,2022-04-17,80,False
9859,农户,浙江省,杨梅,小农户,2022-02-15,151,False
9860,农技人员,山东省,蔬菜,农技服务站,2023-09-13,41,False
9861,采购商,浙江省,水产,中型采购商,2024-07-23,34,False
9862,农户,陕西省,红枣,小农户,2024-01-24,121,False
9863,采购商,安徽省,蔬菜,小型采购商,2021-02-13,107,False
9864,普通消费者,辽宁省,水稻,个人,2024-08-18,128,False
9865,采购商,西藏自治区,中药材,小型采购商,2020-06-04,42,False
9866,农技人员,黑龙江省,大豆,农技服务站,2025-12-26,80,False
9867,农户,广西壮族自治区,柑橘,小农户,2020-06-18,20,False
9868,采购商,青海省,油菜,小型采购商,2024-09-01,20,False
9869,农户,山东省,蔬菜,家庭农场,2023-04-22,103,False
9870,农技人员,宁夏回族自治区,枸杞,农技服务站,2023-12-23,22,False
9871,农户,浙江省,茶叶,合作社,2020-11-16,33,False
9872,采购商,新疆维吾尔自治区,棉花,小型采购商,2025-09-23,157,False
9873,普通消费者,山西省,小米,个人,2023-11-19,20,False
9874,采购商,广东省,龙眼,小型采购商,2025-04-13,33,False
9875,采购商,广西壮族自治区,甘蔗,小型采购商,2024-12-16,77,False
9876,农户,云南省,茶叶,家庭农场,2021-08-06,35,False
9877,农户,天津市,水产,小农户,2025-11-04,28,False
9878,普通消费者,西藏自治区,中药材,个人,2021-11-15,24,False
9879,普通消费者,山西省,小米,个人,2024-12-11,51,False
9880,农户,江苏省,大闸蟹,小农户,2021-07-25,21,False
9881,农技人员,广东省,蔬菜,农技服务站,2023-04-19,15,True
9882,农户,江西省,油茶,小农户,2024-11-20,5,True
9883,农技人员,西藏自治区,青稞,农技服务站,2021-04-21,80,False
9884,采购商,吉林省,人参,小型采购商,2025-04-03,80,False
9885,农技人员,广东省,龙眼,农技服务站,2023-02-06,37,False
9886,农户,福建省,食用菌,小农户,2025-05-22,32,False
9887,采购商,湖北省,水稻,中型采购商,2025-06-06,55,False
9888,农技人员,江苏省,水果,农技服务站,2021-06-01,178,False
9889,普通消费者,湖北省,水稻,个人,2021-03-05,177,False
9890,农户,吉林省,玉米,小农户,2021-02-08,57,False
9891,农户,江苏省,大闸蟹,家庭农场,2025-02-11,22,False
9892,农户,福建省,食用菌,小农户,2021-12-05,134,False
9893,农户,吉林省,玉米,小农户,2024-02-17,25,False
9894,普通消费者,安徽省,蔬菜,个人,2022-06-20,87,False
9895,农户,内蒙古自治区,马铃薯,家庭农场,2023-08-26,20,False
9896,农户,甘肃省,中药材,小农户,2024-12-02,40,False
9897,普通消费者,浙江省,水产,个人,2020-03-04,46,False
9898,农技人员,江苏省,大闸蟹,农技服务站,2023-08-06,20,False
9899,普通消费者,青海省,油菜,个人,2024-12-15,26,False
9900,农技人员,甘肃省,中药材,农技服务站,2024-07-13,20,False
9901,采购商,陕西省,小麦,小型采购商,2025-05-21,93,False
9902,农技人员,西藏自治区,中药材,农技服务站,2024-10-22,93,False
9903,农户,重庆市,蔬菜,家庭农场,2021-12-16,21,False
9904,普通消费者,广西壮族自治区,柑橘,个人,2025-05-05,43,False
9905,普通消费者,江苏省,水果,个人,2024-01-15,22,False
9906,农户,吉林省,人参,小农户,2023-06-06,28,False
9907,普通消费者,云南省,茶叶,个人,2022-04-21,84,False
9908,普通消费者,湖南省,水稻,个人,2020-05-21,20,False
9909,采购商,四川省,猕猴桃,小型采购商,2020-02-19,36,False
9910,农户,四川省,蔬菜,家庭农场,2021-07-09,98,False
9911,农技人员,湖南省,生猪,农技服务站,2022-03-28,19,True
9912,农户,云南省,咖啡,家庭农场,2020-06-27,32,False
9913,农户,安徽省,茶叶,小农户,2023-05-05,23,False
9914,农技人员,山东省,小麦,农技服务站,2024-08-25,30,False
9915,普通消费者,山东省,小麦,个人,2023-11-27,36,False
9916,农户,广西壮族自治区,香蕉,小农户,2021-03-21,22,False
9917,采购商,安徽省,茶叶,中型采购商,2024-08-18,158,False
9918,农户,陕西省,小麦,小农户,2021-12-23,20,False
9919,农技人员,山东省,苹果,农技服务站,2025-11-17,80,False
9920,农户,江苏省,水稻,家庭农场,2021-06-05,5,True
9921,普通消费者,福建省,茶叶,个人,2022-03-22,24,False
9922,采购商,四川省,茶叶,中型采购商,2022-04-09,31,False
9923,采购商,安徽省,蔬菜,大型采购商,2024-12-11,54,False
9924,普通消费者,四川省,水稻,个人,2021-02-21,80,False
9925,农户,重庆市,柑橘,小农户,2021-07-14,158,False
9926,农技人员,广东省,龙眼,农技服务站,2021-04-28,20,False
9927,普通消费者,重庆市,茶叶,个人,2022-05-13,15,True
9928,采购商,云南省,咖啡,小型采购商,2025-06-24,41,False
9929,农户,海南省,热带水果,小农户,2020-05-20,162,False
9930,采购商,辽宁省,苹果,小型采购商,2021-07-04,23,False
9931,普通消费者,陕西省,猕猴桃,个人,2020-04-05,17,True
9932,农户,浙江省,水产,家庭农场,2022-10-04,130,False
9933,普通消费者,四川省,水稻,个人,2023-03-14,13,True
9934,农技人员,甘肃省,马铃薯,农技服务站,2023-05-24,87,False
9935,采购商,湖南省,水稻,大型采购商,2020-06-18,25,False
9936,采购商,陕西省,红枣,小型采购商,2025-03-17,141,False
9937,普通消费者,山东省,小麦,个人,2021-09-20,23,False
9938,农户,湖南省,生猪,家庭农场,2022-10-16,20,False
9939,农户,云南省,花卉,小农户,2024-06-16,32,False
9940,采购商,辽宁省,樱桃,小型采购商,2023-06-19,20,False
9941,农户,广东省,龙眼,家庭农场,2021-09-18,16,True
9942,农户,安徽省,蔬菜,家庭农场,2022-07-18,158,False
9943,采购商,山东省,蔬菜,小型采购商,2023-07-17,5,True
9944,农户,江西省,油茶,小农户,2025-02-07,9,True
9945,农技人员,湖南省,生猪,农技服务站,2021-02-07,53,False
9946,普通消费者,湖南省,茶叶,个人,2025-10-09,139,False
9947,采购商,河南省,蔬菜,小型采购商,2022-06-22,34,False
9948,采购商,安徽省,蔬菜,小型采购商,2020-10-10,40,False
9949,普通消费者,江西省,柑橘,个人,2023-04-20,26,False
9950,普通消费者,西藏自治区,青稞,个人,2022-05-16,27,False
9951,普通消费者,广西壮族自治区,香蕉,个人,2023-11-27,9,True
9952,普通消费者,广东省,香蕉,个人,2025-10-13,2,True
9953,普通消费者,山西省,小麦,个人,2023-05-03,116,False
9954,农户,山西省,小麦,小农户,2020-06-28,126,False
9955,农户,安徽省,小麦,小农户,2023-07-19,38,False
9956,农户,江西省,茶叶,家庭农场,2021-02-17,20,False
9957,农户,天津市,水果,小农户,2025-07-03,159,False
9958,农户,青海省,青稞,小农户,2021-11-23,27,False
9959,农户,河南省,蔬菜,家庭农场,2024-02-17,125,False
9960,农户,广东省,蔬菜,小农户,2025-07-27,21,False
9961,农技人员,海南省,水产,农技服务站,2020-11-05,133,False
9962,采购商,四川省,猕猴桃,中型采购商,2025-04-08,189,False
9963,农户,云南省,水果,小农户,2024-03-15,6,True
9964,采购商,福建省,柑橘,大型采购商,2023-04-04,19,True
9965,农技人员,福建省,柑橘,农技服务站,2022-05-02,21,False
9966,普通消费者,广东省,荔枝,个人,2023-09-05,115,False
9967,农户,内蒙古自治区,马铃薯,小农户,2023-08-07,20,False
9968,农技人员,湖北省,柑橘,农技服务站,2025-08-18,64,False
9969,采购商,广东省,蔬菜,中型采购商,2024-08-06,23,False
9970,农技人员,河北省,小麦,农技服务站,2022-01-23,59,False
9971,普通消费者,广西壮族自治区,甘蔗,个人,2025-10-21,56,False
9972,农户,甘肃省,小麦,小农户,2024-11-09,20,False
9973,采购商,山西省,核桃,小型采购商,2022-01-16,20,False
9974,采购商,广东省,香蕉,小型采购商,2024-09-22,80,False
9975,农户,内蒙古自治区,马铃薯,家庭农场,2023-02-27,84,False
9976,农技人员,山东省,苹果,农技服务站,2024-05-02,79,False
9977,农户,陕西省,小麦,小农户,2025-11-20,32,False
9978,农户,浙江省,柑橘,小农户,2024-05-11,37,False
9979,农户,福建省,水产,家庭农场,2024-02-07,24,False
9980,普通消费者,山东省,蔬菜,个人,2025-12-04,173,False
9981,农户,湖南省,生猪,家庭农场,2023-11-09,41,False
9982,采购商,广西壮族自治区,柑橘,大型采购商,2022-07-13,23,False
9983,农技人员,山西省,红枣,农技服务站,2024-03-06,20,False
9984,普通消费者,北京市,花卉,个人,2024-08-16,20,False
9985,农户,河北省,梨,合作社,2024-09-11,137,False
9986,普通消费者,四川省,柑橘,个人,2021-07-18,2,True
9987,采购商,广东省,蔬菜,中型采购商,2023-11-08,33,False
9988,农户,甘肃省,苹果,家庭农场,2023-02-05,19,True
9989,普通消费者,新疆维吾尔自治区,哈密瓜,个人,2025-03-18,161,False
9990,农技人员,湖北省,水稻,农技服务站,2025-10-09,20,False
9991,普通消费者,辽宁省,水稻,个人,2024-03-21,32,False
9992,采购商,江苏省,水稻,小型采购商,2022-12-17,6,True
9993,农户,辽宁省,苹果,小农户,2025-03-04,20,False
9994,采购商,福建省,水产,小型采购商,2022-10-05,4,True
9995,农技人员,黑龙江省,玉米,农技服务站,2025-04-11,22,False
9996,采购商,贵州省,茶叶,中型采购商,2024-01-14,50,False
9997,农户,甘肃省,马铃薯,小农户,2025-06-18,37,False
9998,农户,河南省,花生,家庭农场,2022-12-01,32,False
9999,农户,四川省,猕猴桃,小农户,2020-06-09,51,False
10000,普通消费者,河北省,梨,个人,2025-03-04,42,False
